# Blender 4.5.3 LTS
# www.blender.org
mtllib gept.mtl
o BRAKE_PRESSURE_1
v -3.417261 1.825664 0.303917
v -3.426217 1.850272 0.290091
v -3.425834 1.849220 0.288151
vn 0.9397 0.3421 0.0001
vt 0.218750 0.031250
vt 0.218750 0.093750
vt 0.156250 0.093750
s 0
usemtl controls
f 1/1/1 3/2/1 2/3/1
o BRAKE_PRESSURE_1_ROT_270
v -3.432794 1.844365 0.291858
v -3.426869 1.846521 0.291858
v -3.434150 1.848092 0.291858
v -3.428226 1.850249 0.291858
v -3.432794 1.844365 0.287891
v -3.426869 1.846521 0.287891
v -3.434150 1.848092 0.287891
v -3.428226 1.850249 0.287891
vn -0.0000 -0.0000 1.0000
vn -0.3421 0.9396 -0.0000
vn -0.0000 -0.0000 -1.0000
vn 0.3419 -0.9397 -0.0000
vn -0.9397 -0.3419 -0.0000
vn 0.9397 0.3420 -0.0000
vt 0.375000 0.000000
vt 0.625000 0.000000
vt 0.625000 0.250000
vt 0.375000 0.250000
vt 0.625000 0.500000
vt 0.375000 0.500000
vt 0.625000 0.750000
vt 0.375000 0.750000
vt 0.625000 1.000000
vt 0.375000 1.000000
vt 0.125000 0.500000
vt 0.125000 0.750000
vt 0.875000 0.500000
vt 0.875000 0.750000
s 0
usemtl
f 4/4/2 5/5/2 7/6/2 6/7/2
f 6/7/3 7/6/3 11/8/3 10/9/3
f 10/9/4 11/8/4 9/10/4 8/11/4
f 8/11/5 9/10/5 5/12/5 4/13/5
f 6/14/6 10/9/6 8/11/6 4/15/6
f 11/8/7 7/16/7 5/17/7 9/10/7
o COUPLED_FRONT_1_HIDE_INVERT
v 4.343378 -0.189830 -0.084487
v 4.323286 -0.312133 -0.100712
v 4.257279 -0.187704 0.006107
v 4.237185 -0.310007 -0.010118
v 4.257279 -0.187704 0.006108
v 4.237185 -0.310007 -0.010118
v 4.325550 -0.335743 0.074466
v 4.345642 -0.213441 0.090691
v 4.388693 -0.214505 0.045394
v 4.368601 -0.336807 0.029168
v 4.300329 -0.188767 -0.039190
v 4.280237 -0.311070 -0.055415
v 4.213097 -0.174835 -0.036184
v 4.193005 -0.297138 -0.052409
v 4.279104 -0.299264 -0.143004
v 4.299196 -0.176961 -0.126779
v 3.869681 0.128851 -0.286071
v 3.899627 0.082701 -0.263738
v 3.869683 0.160100 -0.231943
v 3.902521 0.108864 -0.207052
v 3.923811 0.155915 -0.301695
v 3.953703 0.110014 -0.279105
v 3.923813 0.187164 -0.247568
v 3.956595 0.136177 -0.222419
v 3.929020 0.034217 -0.246063
v 3.934994 0.055318 -0.187536
v 3.989056 0.082652 -0.202910
v 3.983082 0.061552 -0.261436
v 3.958428 -0.016729 -0.234212
v 3.967242 -0.000504 -0.174502
v 4.020895 0.027535 -0.190039
v 4.012083 0.011310 -0.249749
v 3.989306 -0.069865 -0.226954
v 3.999813 -0.056550 -0.166799
v 4.052364 -0.026633 -0.182601
v 4.041857 -0.039948 -0.242755
v 4.024055 -0.124702 -0.221382
v 4.033821 -0.110300 -0.161353
v 4.084192 -0.077024 -0.177532
v 4.074425 -0.091426 -0.237561
v 4.067661 -0.178777 -0.210645
v 4.071409 -0.157003 -0.152181
v 4.117943 -0.118966 -0.169330
v 4.114195 -0.140739 -0.227795
v 4.118683 -0.225478 -0.188742
v 4.112360 -0.194642 -0.134748
v 4.154442 -0.152565 -0.153848
v 4.160767 -0.183401 -0.207843
v 4.171196 -0.257979 -0.154382
v 4.155621 -0.221216 -0.106298
v 4.194582 -0.177129 -0.127384
v 4.210157 -0.213892 -0.175469
v 4.221018 -0.280305 -0.113942
v 4.199061 -0.240594 -0.070964
v 4.236216 -0.195669 -0.093491
v 4.258175 -0.235379 -0.136469
v 4.267939 -0.297766 -0.072285
v 4.242981 -0.256989 -0.032029
v 4.279371 -0.211792 -0.055251
v 4.304329 -0.252569 -0.095507
vn 0.6888 -0.0170 -0.7248
vn -0.6888 0.0170 0.7248
vn -0.1607 -0.9784 -0.1298
vn 0.1607 0.9784 0.1298
vn 0.7069 -0.2059 0.6767
vn -0.7069 0.2059 -0.6767
vn -0.8645 -0.4367 0.2488
vn -0.8653 -0.4362 0.2471
vn 0.0272 0.4535 0.8908
vn 0.0490 0.4168 0.9077
vn 0.8645 0.4367 -0.2488
vn 0.8653 0.4362 -0.2471
vn -0.0276 -0.4529 -0.8911
vn -0.0492 -0.4164 -0.9078
vn -0.0492 -0.4165 -0.9078
vn -0.8645 -0.4382 0.2462
vn 0.0965 0.3360 0.9369
vn 0.0965 0.3361 0.9369
vn 0.1414 0.2589 0.9555
vn 0.1415 0.2588 0.9555
vn -0.0967 -0.3357 -0.9370
vn -0.0967 -0.3358 -0.9370
vn 0.8645 0.4382 -0.2462
vn 0.8573 0.4506 -0.2489
vn 0.8404 0.4795 -0.2528
vn 0.8404 0.4794 -0.2528
vn -0.8573 -0.4507 0.2489
vn -0.8573 -0.4506 0.2489
vn -0.1418 -0.2582 -0.9556
vn -0.1418 -0.2583 -0.9556
vn -0.1667 -0.2157 -0.9621
vn -0.1454 -0.2458 -0.9584
vn -0.1456 -0.2455 -0.9584
vn -0.8402 -0.4797 0.2528
vn -0.8402 -0.4798 0.2528
vn 0.1666 0.2159 0.9621
vn 0.8035 0.5358 -0.2593
vn 0.8029 0.5367 -0.2594
vn 0.7444 0.6088 -0.2743
vn 0.7446 0.6086 -0.2742
vn 0.1462 0.2446 0.9585
vn 0.1461 0.2449 0.9585
vn -0.8034 -0.5360 0.2593
vn -0.8028 -0.5369 0.2594
vn 0.6769 0.6702 -0.3043
vn 0.6767 0.6704 -0.3044
vn -0.7446 -0.6086 0.2743
vn -0.7444 -0.6088 0.2743
vn -0.0561 -0.3527 -0.9340
vn -0.0561 -0.3527 -0.9341
vn 0.0579 0.3508 0.9347
vn 0.0580 0.3507 0.9347
vn 0.0983 -0.4905 -0.8659
vn 0.0977 -0.4901 -0.8662
vn 0.2495 -0.5886 -0.7690
vn 0.2495 -0.5886 -0.7689
vn -0.6769 -0.6703 0.3043
vn -0.6771 -0.6701 0.3042
vn -0.0986 0.4905 0.8658
vn -0.0980 0.4901 0.8661
vn 0.6229 0.7058 -0.3374
vn 0.6229 0.7058 -0.3375
vn 0.5979 0.7176 -0.3572
vn 0.5977 0.7176 -0.3574
vn -0.2517 0.5898 0.7673
vn -0.2518 0.5899 0.7673
vn -0.6232 -0.7056 0.3373
vn 0.3365 -0.6297 -0.7002
vn 0.3363 -0.6296 -0.7003
vn 0.3629 -0.6400 -0.6773
vn -0.5978 -0.7176 0.3573
vn -0.5980 -0.7175 0.3572
vn -0.3367 0.6298 0.6999
vn -0.3366 0.6298 0.7001
vn -0.3621 0.6397 0.6780
vn 0.5909 0.7202 -0.3634
vn -0.5909 -0.7203 0.3634
vt 0.109375 0.453125
vt 0.078125 0.453125
vt 0.078125 0.468750
vt 0.109375 0.468750
vt 0.171875 0.453125
vt 0.140625 0.453125
vt 0.140625 0.468750
vt 0.171875 0.468750
vt 0.046875 0.453125
vt 0.046875 0.468750
vt 0.140625 0.500000
vt 0.171875 0.500000
vt 0.250000 0.453125
vt 0.218750 0.453125
vt 0.218750 0.468750
vt 0.250000 0.468750
vt 0.250000 0.421875
vt 0.265625 0.453125
vt 0.265625 0.421875
vt 0.312500 0.453125
vt 0.312500 0.421875
vt 0.296875 0.421875
vt 0.296875 0.453125
vt 0.218750 0.421875
vt 0.171875 0.421875
vt 0.140625 0.421875
vt 0.203125 0.562500
vt 0.187500 0.562500
vt 0.187500 0.546875
vt 0.203125 0.546875
vt 0.187500 0.531250
vt 0.203125 0.531250
vt 0.187500 0.515625
vt 0.203125 0.515625
vt 0.187500 0.500000
vt 0.203125 0.500000
vt 0.171875 0.562500
vt 0.171875 0.546875
vt 0.171875 0.531250
vt 0.156250 0.546875
vt 0.156250 0.531250
vt 0.171875 0.515625
vt 0.156250 0.515625
vt 0.140625 0.531250
vt 0.140625 0.515625
vt 0.156250 0.562500
vt 0.156250 0.500000
vt 0.125000 0.515625
vt 0.125000 0.500000
vt 0.140625 0.562500
vt 0.140625 0.546875
vt 0.125000 0.531250
vt 0.109375 0.531250
vt 0.109375 0.515625
vt 0.125000 0.546875
vt 0.125000 0.562500
vt 0.093750 0.531250
vt 0.093750 0.515625
vt 0.109375 0.562500
vt 0.109375 0.546875
vt 0.109375 0.500000
vt 0.093750 0.500000
vt 0.078125 0.515625
vt 0.078125 0.500000
vt 0.093750 0.562500
vt 0.093750 0.546875
vt 0.078125 0.531250
vt 0.062500 0.531250
vt 0.062500 0.515625
vt 0.078125 0.546875
vt 0.078125 0.562500
vt 0.062500 0.500000
vt 0.046875 0.515625
vt 0.046875 0.500000
vt 0.062500 0.562500
vt 0.062500 0.546875
vt 0.046875 0.546875
vt 0.046875 0.531250
vt 0.046875 0.562500
s 1
usemtl couple_map
f 26/18/8 27/19/8 12/20/8 13/21/8
f 24/22/9 25/23/9 15/24/9 14/25/9
f 25/23/10 26/18/10 13/21/10 15/24/10
f 27/19/11 24/26/11 14/27/11 12/20/11
f 14/25/12 15/24/12 13/28/12 12/29/12
f 21/30/12 20/31/12 19/32/12 18/33/12
f 23/34/10 21/30/10 18/35/10 17/36/10
f 20/37/11 22/38/11 16/39/11 19/40/11
f 16/39/9 17/36/9 18/35/9 19/40/9
f 22/41/8 20/31/8 21/30/8 23/34/8
f 24/22/13 27/42/13 26/43/13 25/23/13
f 28/44/14 29/45/15 31/46/15 30/47/14
f 30/47/16 31/46/17 35/48/17 34/49/16
f 34/49/18 35/48/19 33/50/19 32/51/18
f 32/51/20 33/50/21 29/52/22 28/53/20
f 31/46/15 29/45/15 36/54/23 37/55/23
f 38/56/24 37/55/25 41/57/26 42/58/27
f 29/52/22 33/50/21 39/59/28 36/29/29
f 35/48/17 31/46/17 37/55/25 38/56/24
f 33/50/19 35/48/19 38/56/30 39/59/30
f 43/60/31 42/58/31 46/61/32 47/62/33
f 39/59/30 38/56/30 42/58/31 43/60/31
f 37/55/23 36/54/23 40/63/34 41/57/35
f 36/29/29 39/59/28 43/60/36 40/64/37
f 44/28/38 47/62/38 51/65/39 48/66/40
f 41/57/35 40/63/34 44/67/41 45/68/42
f 40/64/37 43/60/36 47/62/38 44/28/38
f 42/58/27 41/57/26 45/68/43 46/61/43
f 51/65/44 50/69/45 54/70/46 55/71/47
f 46/61/43 45/68/43 49/72/48 50/69/49
f 47/62/33 46/61/32 50/69/45 51/65/44
f 45/68/42 44/67/41 48/73/50 49/72/51
f 55/71/47 54/70/46 58/74/52 59/75/53
f 49/72/51 48/73/50 52/76/54 53/77/55
f 48/66/40 51/65/39 55/71/56 52/78/57
f 50/69/49 49/72/48 53/77/58 54/70/59
f 56/79/60 59/75/61 63/80/62 60/81/63
f 53/77/55 52/76/54 56/82/64 57/83/65
f 52/78/57 55/71/56 59/75/61 56/79/60
f 54/70/59 53/77/58 57/83/66 58/74/67
f 63/80/68 62/84/69 66/85/70 67/86/71
f 58/74/67 57/83/66 61/87/72 62/84/73
f 59/75/53 58/74/52 62/84/69 63/80/68
f 57/83/65 56/82/64 60/88/74 61/87/74
f 64/89/75 67/86/76 71/90/77 68/91/77
f 61/87/74 60/88/74 64/92/78 65/93/79
f 60/81/63 63/80/62 67/86/76 64/89/75
f 62/84/73 61/87/72 65/93/80 66/85/81
f 66/85/81 65/93/80 69/94/82 70/95/82
f 67/86/71 66/85/70 70/95/83 71/90/83
f 65/93/79 64/92/78 68/96/84 69/94/84
o COUPLED_FRONT_2_HIDE
v 3.869684 0.160100 -0.231943
v 3.898126 0.116993 -0.203950
v 3.923812 0.187164 -0.247568
v 3.954083 0.141224 -0.217659
v 3.869682 0.128851 -0.286071
v 3.899927 0.083133 -0.256453
v 3.923810 0.155915 -0.301695
v 3.955883 0.107364 -0.270162
v 3.923251 0.069696 -0.173674
v 3.981148 0.090300 -0.185065
v 3.981815 0.058634 -0.238946
v 3.923918 0.038030 -0.227554
v 3.945240 0.017435 -0.145574
v 4.004457 0.034913 -0.155286
v 4.003242 0.007752 -0.211563
v 3.944026 -0.009726 -0.201851
v 3.964046 -0.039168 -0.122145
v 4.024168 -0.024408 -0.130732
v 4.021099 -0.045981 -0.189310
v 3.960976 -0.060742 -0.180724
v 3.979827 -0.098977 -0.104465
v 4.040563 -0.086527 -0.112362
v 4.035952 -0.102283 -0.172667
v 3.975216 -0.114733 -0.164771
v 3.992870 -0.160855 -0.092607
v 4.054014 -0.150318 -0.100128
v 4.048225 -0.160539 -0.161515
v 3.987081 -0.171075 -0.153993
v 4.003636 -0.223802 -0.085912
v 4.065054 -0.214850 -0.093262
v 4.058401 -0.220048 -0.155189
v 3.996984 -0.229000 -0.147839
v 4.013432 -0.285886 -0.081137
v 4.074917 -0.277400 -0.088460
v 4.068038 -0.281078 -0.150472
v 4.006552 -0.289565 -0.143148
v 4.023147 -0.347444 -0.076390
v 4.084632 -0.338957 -0.083714
v 4.077754 -0.342636 -0.145725
v 4.016268 -0.351122 -0.138402
v 4.032862 -0.409001 -0.071644
v 4.094348 -0.400515 -0.078968
v 4.087470 -0.404193 -0.140979
v 4.025983 -0.412680 -0.133655
v 4.095656 -0.341171 -0.179596
v 3.978762 -0.380865 -0.159973
v 3.999148 -0.439913 -0.157983
v 4.116042 -0.400219 -0.177606
v 4.112928 -0.331047 -0.056209
v 4.133313 -0.390095 -0.054218
v 3.996032 -0.370742 -0.036588
v 4.016418 -0.429791 -0.034597
v 4.007783 -0.434848 -0.096290
v 4.016418 -0.429791 -0.034597
v 4.057187 -0.547888 -0.030622
v 4.048553 -0.552946 -0.092315
v 4.124678 -0.395154 -0.115912
v 4.165448 -0.513251 -0.111937
v 4.133313 -0.390095 -0.054218
v 4.174084 -0.508192 -0.050244
v 4.067585 -0.513497 -0.098214
v 4.126032 -0.493650 -0.108026
v 4.121713 -0.496179 -0.138872
v 4.063265 -0.516026 -0.129061
v 4.047198 -0.454449 -0.100201
v 4.042879 -0.456978 -0.131048
v 4.105646 -0.434602 -0.110013
v 4.101326 -0.437131 -0.140860
vn -0.0236 0.5340 0.8452
vn -0.0229 0.5323 0.8462
vn -0.0229 0.5323 0.8463
vn 0.8748 0.4200 -0.2417
vn 0.8942 0.3894 -0.2208
vn 0.8945 0.3889 -0.2204
vn 0.0231 -0.5333 -0.8456
vn 0.0227 -0.5321 -0.8464
vn -0.8743 -0.4206 0.2421
vn -0.8944 -0.3892 0.2206
vn -0.8940 -0.3897 0.2210
vn 0.0091 -0.5033 -0.8641
vn 0.0092 -0.5034 -0.8640
vn -0.9255 -0.3313 0.1833
vn -0.9256 -0.3312 0.1833
vn -0.9469 -0.2811 0.1562
vn -0.9469 -0.2812 0.1562
vn -0.0090 0.5031 0.8642
vn -0.0090 0.5030 0.8642
vn 0.9255 0.3314 -0.1834
vn 0.9255 0.3313 -0.1833
vn 0.9469 0.2812 -0.1562
vn 0.9617 0.2371 -0.1377
vn 0.9617 0.2372 -0.1378
vn -0.0195 -0.4342 -0.9006
vn -0.0195 -0.4343 -0.9006
vn 0.0196 0.4341 0.9007
vn 0.0196 0.4340 0.9007
vn -0.0489 -0.3457 -0.9371
vn -0.0490 -0.3456 -0.9371
vn -0.0739 -0.2516 -0.9650
vn 0.0490 0.3456 0.9371
vn -0.9617 -0.2371 0.1377
vn -0.9717 -0.1994 0.1264
vn -0.9783 -0.1687 0.1203
vn 0.0738 0.2518 0.9650
vn 0.9717 0.1995 -0.1264
vn -0.0927 -0.1634 -0.9822
vn -0.1027 -0.1076 -0.9889
vn -0.1027 -0.1077 -0.9889
vn 0.9783 0.1687 -0.1203
vn 0.0926 0.1637 0.9822
vn -0.1050 -0.0931 -0.9901
vn 0.1027 0.1075 0.9889
vn 0.1027 0.1074 0.9889
vn -0.9815 -0.1506 0.1180
vn -0.9815 -0.1505 0.1180
vn 0.9815 0.1505 -0.1180
vn 0.9815 0.1506 -0.1180
vn -0.9823 -0.1460 0.1177
vn -0.9823 -0.1460 0.1176
vn 0.1051 0.0928 0.9901
vn 0.9823 0.1459 -0.1177
vn -0.1051 -0.0929 -0.9901
vn 0.9823 0.1460 -0.1176
vn 0.1051 0.0929 0.9901
vn -0.1382 -0.0810 -0.9871
vn 0.9352 0.3176 -0.1570
vn 0.1382 0.0810 0.9871
vn -0.9352 -0.3176 0.1569
vn -0.3262 0.9448 -0.0319
vn 0.3262 -0.9448 0.0319
vn -0.1382 -0.0809 -0.9871
vn 0.9352 0.3176 -0.1569
vn 0.1382 0.0809 0.9871
vn 0.3262 -0.9448 0.0318
vn -0.9351 -0.3176 0.1570
vn -0.3262 0.9448 -0.0318
vn 0.9351 0.3176 -0.1570
vt 0.203125 0.546875
vt 0.187500 0.546875
vt 0.187500 0.531250
vt 0.203125 0.531250
vt 0.187500 0.515625
vt 0.203125 0.515625
vt 0.187500 0.500000
vt 0.203125 0.500000
vt 0.203125 0.562500
vt 0.187500 0.562500
vt 0.171875 0.515625
vt 0.171875 0.500000
vt 0.171875 0.546875
vt 0.171875 0.562500
vt 0.156250 0.562500
vt 0.156250 0.546875
vt 0.171875 0.531250
vt 0.156250 0.515625
vt 0.156250 0.531250
vt 0.140625 0.531250
vt 0.140625 0.515625
vt 0.156250 0.500000
vt 0.140625 0.500000
vt 0.125000 0.515625
vt 0.125000 0.500000
vt 0.140625 0.546875
vt 0.140625 0.562500
vt 0.125000 0.546875
vt 0.125000 0.562500
vt 0.109375 0.562500
vt 0.109375 0.546875
vt 0.125000 0.531250
vt 0.109375 0.500000
vt 0.109375 0.515625
vt 0.093750 0.515625
vt 0.093750 0.500000
vt 0.109375 0.531250
vt 0.078125 0.515625
vt 0.078125 0.500000
vt 0.093750 0.546875
vt 0.093750 0.531250
vt 0.093750 0.562500
vt 0.078125 0.546875
vt 0.078125 0.562500
vt 0.062500 0.562500
vt 0.062500 0.546875
vt 0.078125 0.531250
vt 0.062500 0.500000
vt 0.062500 0.515625
vt 0.046875 0.515625
vt 0.046875 0.500000
vt 0.062500 0.531250
vt 0.046875 0.546875
vt 0.046875 0.531250
vt 0.046875 0.562500
vt 0.078125 0.453125
vt 0.078125 0.468750
vt 0.109375 0.468750
vt 0.109375 0.453125
vt 0.046875 0.453125
vt 0.046875 0.468750
vt 0.140625 0.453125
vt 0.140625 0.468750
vt 0.171875 0.468750
vt 0.171875 0.453125
vt 0.171875 0.421875
vt 0.140625 0.421875
vt 0.250000 0.421875
vt 0.250000 0.453125
vt 0.265625 0.453125
vt 0.265625 0.421875
vt 0.218750 0.421875
vt 0.218750 0.453125
vt 0.296875 0.421875
vt 0.296875 0.453125
vt 0.312500 0.453125
vt 0.312500 0.421875
vt 0.218750 0.468750
vt 0.250000 0.468750
vt 0.031250 0.453125
vt 0.031250 0.437500
vt 0.015625 0.437500
vt 0.015625 0.453125
vt 0.046875 0.437500
vt 0.062500 0.453125
vt 0.062500 0.437500
vt 0.078125 0.437500
vt 0.031250 0.421875
vt 0.015625 0.421875
s 1
usemtl couple_map
f 72/97/85 73/98/86 75/99/87 74/100/85
f 74/100/88 75/99/89 79/101/90 78/102/88
f 78/102/91 79/101/92 77/103/92 76/104/91
f 76/105/93 77/106/94 73/98/95 72/97/93
f 77/103/92 79/101/92 82/107/96 83/108/97
f 80/109/98 83/110/99 87/111/100 84/112/101
f 75/99/87 73/98/86 80/109/102 81/113/103
f 73/98/95 77/106/94 83/110/99 80/109/98
f 79/101/90 75/99/89 81/113/104 82/107/105
f 86/114/106 85/115/106 89/116/107 90/117/108
f 82/107/105 81/113/104 85/115/106 86/114/106
f 83/108/97 82/107/96 86/114/109 87/118/110
f 81/113/103 80/109/102 84/112/111 85/115/112
f 91/119/113 90/117/114 94/120/115 95/121/115
f 87/118/110 86/114/109 90/117/114 91/119/113
f 85/115/112 84/112/111 88/122/116 89/116/116
f 84/112/101 87/111/100 91/123/117 88/122/117
f 92/124/118 95/125/118 99/126/119 96/127/119
f 89/116/116 88/122/116 92/124/120 93/128/120
f 88/122/117 91/123/117 95/125/118 92/124/118
f 90/117/108 89/116/107 93/128/121 94/120/121
f 99/129/122 98/130/122 102/131/123 103/132/124
f 94/120/121 93/128/121 97/133/125 98/130/125
f 95/121/115 94/120/115 98/130/122 99/129/122
f 93/128/120 92/124/120 96/127/126 97/133/126
f 103/132/124 102/131/123 106/134/127 107/135/127
f 97/133/126 96/127/126 100/136/128 101/137/129
f 96/127/119 99/126/119 103/138/130 100/136/131
f 98/130/125 97/133/125 101/137/132 102/131/133
f 104/139/134 107/140/134 111/141/135 108/142/135
f 101/137/129 100/136/128 104/139/136 105/143/136
f 100/136/131 103/138/130 107/140/134 104/139/134
f 102/131/133 101/137/132 105/143/137 106/134/137
f 111/144/138 110/145/138 114/146/138 115/147/138
f 106/134/137 105/143/137 109/148/139 110/145/139
f 107/135/127 106/134/127 110/145/138 111/144/138
f 105/143/136 104/139/136 108/142/140 109/148/140
f 109/148/140 108/142/140 112/149/140 113/150/140
f 108/142/135 111/141/135 115/151/135 112/149/135
f 110/145/139 109/148/139 113/150/139 114/146/139
f 116/152/141 119/153/141 118/154/141 117/155/141
f 120/156/142 121/157/142 119/153/142 116/152/142
f 122/158/143 123/159/143 121/160/143 120/161/143
f 117/155/144 118/154/144 123/159/144 122/158/144
f 116/162/145 117/163/145 122/158/145 120/161/145
f 121/160/146 123/159/146 118/119/146 119/108/146
f 124/164/144 127/165/144 126/166/144 125/167/144
f 128/168/147 129/169/147 127/165/147 124/164/147
f 130/170/148 131/171/148 129/172/148 128/173/148
f 125/167/149 126/166/149 131/171/149 130/170/149
f 131/174/150 126/175/150 127/165/150 129/169/150
f 132/176/150 135/177/150 134/178/150 133/179/150
f 136/156/151 137/180/151 135/177/151 132/176/151
f 138/181/152 139/182/152 137/180/152 136/156/152
f 133/152/153 134/183/153 139/182/153 138/181/153
f 134/178/147 135/177/147 137/184/147 139/185/147
o COUPLED_REAR_1_HIDE_INVERT
v -4.666536 -0.189832 0.085041
v -4.646444 -0.312136 0.101266
v -4.580438 -0.187706 -0.005554
v -4.560344 -0.310009 0.010672
v -4.580438 -0.187706 -0.005554
v -4.560344 -0.310009 0.010672
v -4.648708 -0.335746 -0.073912
v -4.668800 -0.213443 -0.090137
v -4.711851 -0.214507 -0.044840
v -4.691759 -0.336810 -0.028615
v -4.623487 -0.188769 0.039744
v -4.603395 -0.311072 0.055969
v -4.536255 -0.174837 0.036738
v -4.516163 -0.297140 0.052963
v -4.602262 -0.299266 0.143558
v -4.622355 -0.176963 0.127333
v -4.192841 0.128850 0.286625
v -4.222787 0.082699 0.264292
v -4.192843 0.160098 0.232496
v -4.225680 0.108862 0.207605
v -4.246970 0.155913 0.302249
v -4.276862 0.110012 0.279659
v -4.246972 0.187162 0.248121
v -4.279755 0.136175 0.222972
v -4.252179 0.034215 0.246617
v -4.258152 0.055316 0.188090
v -4.312215 0.082650 0.203464
v -4.306241 0.061550 0.261990
v -4.281588 -0.016731 0.234766
v -4.290401 -0.000506 0.175055
v -4.344054 0.027533 0.190593
v -4.335242 0.011308 0.250303
v -4.312465 -0.069867 0.227508
v -4.322972 -0.056552 0.167353
v -4.375523 -0.026635 0.183155
v -4.365016 -0.039950 0.243309
v -4.347213 -0.124704 0.221936
v -4.356980 -0.110302 0.161907
v -4.407351 -0.077026 0.178086
v -4.397583 -0.091428 0.238115
v -4.390820 -0.178779 0.211199
v -4.394568 -0.157005 0.152735
v -4.441102 -0.118968 0.169884
v -4.437354 -0.140741 0.228349
v -4.441842 -0.225480 0.189296
v -4.435519 -0.194644 0.135302
v -4.477601 -0.152567 0.154402
v -4.483925 -0.183403 0.208397
v -4.494355 -0.257981 0.154936
v -4.478779 -0.221218 0.106852
v -4.517741 -0.177131 0.127938
v -4.533316 -0.213894 0.176023
v -4.544176 -0.280307 0.114496
v -4.522220 -0.240596 0.071518
v -4.559374 -0.195671 0.094045
v -4.581333 -0.235382 0.137023
v -4.591097 -0.297768 0.072839
v -4.566139 -0.256991 0.032583
v -4.602530 -0.211794 0.055805
v -4.627487 -0.252571 0.096060
vn -0.6888 -0.0170 0.7248
vn 0.6888 0.0170 -0.7248
vn 0.1607 -0.9784 0.1298
vn -0.1607 0.9784 -0.1298
vn -0.7069 -0.2059 -0.6767
vn 0.7069 0.2059 0.6767
vn 0.8645 -0.4367 -0.2488
vn 0.8653 -0.4362 -0.2471
vn -0.0272 0.4535 -0.8908
vn -0.0490 0.4167 -0.9077
vn -0.0490 0.4168 -0.9077
vn -0.8645 0.4367 0.2488
vn -0.8653 0.4362 0.2471
vn 0.0277 -0.4529 0.8911
vn 0.0492 -0.4164 0.9078
vn 0.0492 -0.4165 0.9078
vn 0.8645 -0.4382 -0.2462
vn -0.0965 0.3360 -0.9369
vn -0.0965 0.3361 -0.9369
vn -0.1414 0.2589 -0.9555
vn -0.1415 0.2588 -0.9555
vn 0.0967 -0.3357 0.9370
vn 0.0967 -0.3358 0.9370
vn -0.8645 0.4382 0.2462
vn -0.8573 0.4506 0.2489
vn -0.8404 0.4795 0.2528
vn -0.8404 0.4794 0.2528
vn 0.8573 -0.4507 -0.2489
vn 0.8573 -0.4506 -0.2489
vn 0.1418 -0.2582 0.9556
vn 0.1418 -0.2583 0.9556
vn 0.1667 -0.2157 0.9621
vn 0.1454 -0.2458 0.9584
vn 0.1456 -0.2455 0.9584
vn 0.8402 -0.4797 -0.2528
vn 0.8402 -0.4798 -0.2528
vn -0.1666 0.2159 -0.9621
vn -0.1666 0.2158 -0.9621
vn -0.8035 0.5358 0.2593
vn -0.8029 0.5367 0.2594
vn -0.7444 0.6088 0.2743
vn -0.7446 0.6086 0.2742
vn -0.1462 0.2446 -0.9585
vn -0.1461 0.2449 -0.9585
vn 0.8034 -0.5360 -0.2593
vn 0.8028 -0.5369 -0.2594
vn -0.6769 0.6702 0.3043
vn -0.6767 0.6703 0.3044
vn 0.7446 -0.6086 -0.2743
vn 0.7444 -0.6088 -0.2743
vn 0.0561 -0.3527 0.9340
vn 0.0561 -0.3527 0.9341
vn -0.0579 0.3508 -0.9347
vn -0.0580 0.3507 -0.9347
vn -0.0983 -0.4905 0.8659
vn -0.0977 -0.4901 0.8662
vn -0.2495 -0.5886 0.7690
vn 0.6769 -0.6703 -0.3043
vn 0.6771 -0.6701 -0.3042
vn 0.0986 0.4905 -0.8658
vn 0.0980 0.4901 -0.8661
vn -0.6229 0.7058 0.3374
vn -0.6229 0.7058 0.3375
vn -0.5979 0.7176 0.3572
vn -0.5977 0.7176 0.3574
vn 0.2517 0.5898 -0.7673
vn 0.2518 0.5899 -0.7673
vn 0.6232 -0.7056 -0.3372
vn 0.6232 -0.7056 -0.3373
vn -0.3365 -0.6297 0.7002
vn -0.3363 -0.6296 0.7003
vn -0.3629 -0.6400 0.6773
vn 0.5978 -0.7176 -0.3573
vn 0.5980 -0.7175 -0.3572
vn 0.3367 0.6298 -0.7000
vn 0.3366 0.6298 -0.7001
vn 0.3621 0.6397 -0.6780
vn -0.5909 0.7202 0.3634
vn 0.5909 -0.7202 -0.3634
vt 0.109375 0.453125
vt 0.078125 0.453125
vt 0.078125 0.468750
vt 0.109375 0.468750
vt 0.171875 0.453125
vt 0.140625 0.453125
vt 0.140625 0.468750
vt 0.171875 0.468750
vt 0.046875 0.453125
vt 0.046875 0.468750
vt 0.140625 0.500000
vt 0.171875 0.500000
vt 0.250000 0.453125
vt 0.218750 0.453125
vt 0.218750 0.468750
vt 0.250000 0.468750
vt 0.250000 0.421875
vt 0.265625 0.453125
vt 0.265625 0.421875
vt 0.312500 0.453125
vt 0.312500 0.421875
vt 0.296875 0.421875
vt 0.296875 0.453125
vt 0.218750 0.421875
vt 0.171875 0.421875
vt 0.140625 0.421875
vt 0.203125 0.562500
vt 0.187500 0.562500
vt 0.187500 0.546875
vt 0.203125 0.546875
vt 0.187500 0.531250
vt 0.203125 0.531250
vt 0.187500 0.515625
vt 0.203125 0.515625
vt 0.187500 0.500000
vt 0.203125 0.500000
vt 0.171875 0.562500
vt 0.171875 0.546875
vt 0.171875 0.531250
vt 0.156250 0.546875
vt 0.156250 0.531250
vt 0.171875 0.515625
vt 0.156250 0.515625
vt 0.140625 0.531250
vt 0.140625 0.515625
vt 0.156250 0.562500
vt 0.156250 0.500000
vt 0.125000 0.515625
vt 0.125000 0.500000
vt 0.140625 0.562500
vt 0.140625 0.546875
vt 0.125000 0.531250
vt 0.109375 0.531250
vt 0.109375 0.515625
vt 0.125000 0.546875
vt 0.125000 0.562500
vt 0.093750 0.531250
vt 0.093750 0.515625
vt 0.109375 0.562500
vt 0.109375 0.546875
vt 0.109375 0.500000
vt 0.093750 0.500000
vt 0.078125 0.515625
vt 0.078125 0.500000
vt 0.093750 0.562500
vt 0.093750 0.546875
vt 0.078125 0.531250
vt 0.062500 0.531250
vt 0.062500 0.515625
vt 0.078125 0.546875
vt 0.078125 0.562500
vt 0.062500 0.500000
vt 0.046875 0.515625
vt 0.046875 0.500000
vt 0.062500 0.562500
vt 0.062500 0.546875
vt 0.046875 0.546875
vt 0.046875 0.531250
vt 0.046875 0.562500
s 1
usemtl couple_map
f 154/186/154 155/187/154 140/188/154 141/189/154
f 152/190/155 153/191/155 143/192/155 142/193/155
f 153/191/156 154/186/156 141/189/156 143/192/156
f 155/187/157 152/194/157 142/195/157 140/188/157
f 142/193/158 143/192/158 141/196/158 140/197/158
f 149/198/158 148/199/158 147/200/158 146/201/158
f 151/202/156 149/198/156 146/203/156 145/204/156
f 148/205/157 150/206/157 144/207/157 147/208/157
f 144/207/155 145/204/155 146/203/155 147/208/155
f 150/209/154 148/199/154 149/198/154 151/202/154
f 152/190/159 155/210/159 154/211/159 153/191/159
f 156/212/160 157/213/161 159/214/161 158/215/160
f 158/215/162 159/214/163 163/216/164 162/217/162
f 162/217/165 163/216/166 161/218/166 160/219/165
f 160/219/167 161/218/168 157/220/169 156/221/167
f 159/214/161 157/213/161 164/222/170 165/223/170
f 166/224/171 165/223/172 169/225/173 170/226/174
f 157/220/169 161/218/168 167/227/175 164/197/176
f 163/216/164 159/214/163 165/223/172 166/224/171
f 161/218/166 163/216/166 166/224/177 167/227/177
f 171/228/178 170/226/178 174/229/179 175/230/180
f 167/227/177 166/224/177 170/226/178 171/228/178
f 165/223/170 164/222/170 168/231/181 169/225/182
f 164/197/176 167/227/175 171/228/183 168/232/184
f 172/196/185 175/230/185 179/233/186 176/234/187
f 169/225/182 168/231/181 172/235/188 173/236/189
f 168/232/184 171/228/183 175/230/185 172/196/185
f 170/226/174 169/225/173 173/236/190 174/229/191
f 179/233/192 178/237/193 182/238/194 183/239/195
f 174/229/191 173/236/190 177/240/196 178/237/197
f 175/230/180 174/229/179 178/237/193 179/233/192
f 173/236/189 172/235/188 176/241/198 177/240/199
f 183/239/195 182/238/194 186/242/200 187/243/201
f 177/240/199 176/241/198 180/244/202 181/245/203
f 176/234/187 179/233/186 183/239/204 180/246/205
f 178/237/197 177/240/196 181/245/206 182/238/207
f 184/247/208 187/243/209 191/248/210 188/249/210
f 181/245/203 180/244/202 184/250/211 185/251/212
f 180/246/205 183/239/204 187/243/209 184/247/208
f 182/238/207 181/245/206 185/251/213 186/242/214
f 191/248/215 190/252/216 194/253/217 195/254/218
f 186/242/214 185/251/213 189/255/219 190/252/220
f 187/243/201 186/242/200 190/252/216 191/248/215
f 185/251/212 184/250/211 188/256/221 189/255/222
f 192/257/223 195/254/224 199/258/225 196/259/225
f 189/255/222 188/256/221 192/260/226 193/261/227
f 188/249/210 191/248/210 195/254/224 192/257/223
f 190/252/220 189/255/219 193/261/228 194/253/229
f 194/253/229 193/261/228 197/262/230 198/263/230
f 195/254/218 194/253/217 198/263/231 199/258/231
f 193/261/227 192/260/226 196/264/232 197/262/232
o COUPLED_REAR_2_HIDE
v -4.192844 0.160098 0.232497
v -4.221286 0.116991 0.204504
v -4.246971 0.187162 0.248122
v -4.277243 0.141222 0.218213
v -4.192842 0.128849 0.286625
v -4.223086 0.083131 0.257007
v -4.246969 0.155913 0.302249
v -4.279042 0.107362 0.270716
v -4.246410 0.069694 0.174228
v -4.304307 0.090298 0.185619
v -4.304974 0.058632 0.239500
v -4.247077 0.038028 0.228108
v -4.268399 0.017433 0.146128
v -4.327615 0.034911 0.155840
v -4.326401 0.007749 0.212117
v -4.267185 -0.009728 0.202405
v -4.287206 -0.039170 0.122699
v -4.347327 -0.024410 0.131286
v -4.344258 -0.045983 0.189864
v -4.284136 -0.060744 0.181278
v -4.302986 -0.098979 0.105019
v -4.363721 -0.086529 0.112916
v -4.359110 -0.102285 0.173221
v -4.298375 -0.114735 0.165325
v -4.316029 -0.160857 0.093161
v -4.377173 -0.150320 0.100682
v -4.371384 -0.160541 0.162069
v -4.310240 -0.171077 0.154547
v -4.326795 -0.223804 0.086466
v -4.388213 -0.214852 0.093816
v -4.381560 -0.220050 0.155743
v -4.320143 -0.229002 0.148394
v -4.336590 -0.285888 0.081691
v -4.398076 -0.277402 0.089014
v -4.391197 -0.281080 0.151026
v -4.329710 -0.289567 0.143702
v -4.346305 -0.347446 0.076944
v -4.407791 -0.338959 0.084268
v -4.400913 -0.342638 0.146279
v -4.339427 -0.351124 0.138956
v -4.356020 -0.409003 0.072198
v -4.417507 -0.400517 0.079522
v -4.410629 -0.404195 0.141533
v -4.349142 -0.412682 0.134209
v -4.418815 -0.341173 0.180150
v -4.301921 -0.380867 0.160527
v -4.322307 -0.439915 0.158537
v -4.439201 -0.400221 0.178160
v -4.436087 -0.331049 0.056763
v -4.456472 -0.390097 0.054772
v -4.319191 -0.370744 0.037142
v -4.339577 -0.429793 0.035151
v -4.330942 -0.434850 0.096844
v -4.339577 -0.429793 0.035151
v -4.380346 -0.547890 0.031176
v -4.371712 -0.552948 0.092869
v -4.447836 -0.395156 0.116466
v -4.488607 -0.513253 0.112491
v -4.456472 -0.390097 0.054772
v -4.497242 -0.508194 0.050798
v -4.390744 -0.513499 0.098768
v -4.449191 -0.493652 0.108580
v -4.444871 -0.496181 0.139426
v -4.386424 -0.516028 0.129615
v -4.370357 -0.454451 0.100755
v -4.366038 -0.456980 0.131602
v -4.428805 -0.434604 0.110567
v -4.424485 -0.437133 0.141414
vn 0.0236 0.5340 -0.8452
vn 0.0229 0.5323 -0.8462
vn 0.0229 0.5323 -0.8463
vn -0.8747 0.4200 0.2417
vn -0.8942 0.3894 0.2208
vn -0.8945 0.3889 0.2205
vn -0.0231 -0.5333 0.8456
vn -0.0227 -0.5321 0.8464
vn 0.8743 -0.4206 -0.2421
vn 0.8944 -0.3892 -0.2206
vn 0.8940 -0.3897 -0.2210
vn -0.0091 -0.5033 0.8641
vn -0.0092 -0.5034 0.8640
vn 0.9255 -0.3313 -0.1833
vn 0.9256 -0.3312 -0.1833
vn 0.9469 -0.2812 -0.1562
vn 0.0090 0.5031 -0.8642
vn 0.0090 0.5030 -0.8642
vn -0.9255 0.3314 0.1834
vn -0.9255 0.3313 0.1833
vn -0.9469 0.2812 0.1562
vn -0.9617 0.2371 0.1377
vn 0.0195 -0.4342 0.9006
vn 0.0195 -0.4343 0.9006
vn -0.0196 0.4341 -0.9007
vn -0.0196 0.4340 -0.9007
vn 0.0489 -0.3457 0.9371
vn 0.0490 -0.3456 0.9371
vn 0.0739 -0.2516 0.9650
vn -0.0490 0.3456 -0.9371
vn 0.9617 -0.2371 -0.1377
vn 0.9717 -0.1994 -0.1264
vn 0.9783 -0.1687 -0.1203
vn -0.0738 0.2518 -0.9650
vn -0.9717 0.1995 0.1264
vn 0.0927 -0.1634 0.9822
vn 0.1027 -0.1076 0.9889
vn 0.1027 -0.1077 0.9889
vn -0.9783 0.1687 0.1203
vn -0.0926 0.1637 -0.9822
vn 0.1050 -0.0931 0.9901
vn -0.1027 0.1075 -0.9889
vn -0.1027 0.1074 -0.9889
vn 0.9815 -0.1506 -0.1180
vn 0.9815 -0.1505 -0.1180
vn -0.9815 0.1505 0.1180
vn -0.9815 0.1506 0.1180
vn 0.9823 -0.1460 -0.1177
vn 0.9823 -0.1460 -0.1176
vn -0.1051 0.0928 -0.9901
vn -0.9823 0.1459 0.1177
vn 0.1051 -0.0929 0.9901
vn -0.9823 0.1460 0.1176
vn -0.1051 0.0929 -0.9901
vn 0.1382 -0.0810 0.9871
vn -0.9352 0.3176 0.1570
vn -0.1382 0.0810 -0.9871
vn 0.9352 -0.3176 -0.1569
vn 0.3262 0.9448 0.0319
vn -0.3262 -0.9448 -0.0319
vn 0.1382 -0.0809 0.9871
vn -0.9352 0.3176 0.1569
vn -0.1382 0.0809 -0.9871
vn -0.3262 -0.9448 -0.0318
vn 0.9351 -0.3176 -0.1570
vn 0.3262 0.9448 0.0318
vn -0.9351 0.3176 0.1570
vt 0.203125 0.546875
vt 0.187500 0.546875
vt 0.187500 0.531250
vt 0.203125 0.531250
vt 0.187500 0.515625
vt 0.203125 0.515625
vt 0.187500 0.500000
vt 0.203125 0.500000
vt 0.203125 0.562500
vt 0.187500 0.562500
vt 0.171875 0.515625
vt 0.171875 0.500000
vt 0.171875 0.546875
vt 0.171875 0.562500
vt 0.156250 0.562500
vt 0.156250 0.546875
vt 0.171875 0.531250
vt 0.156250 0.515625
vt 0.156250 0.531250
vt 0.140625 0.531250
vt 0.140625 0.515625
vt 0.156250 0.500000
vt 0.140625 0.500000
vt 0.125000 0.515625
vt 0.125000 0.500000
vt 0.140625 0.546875
vt 0.140625 0.562500
vt 0.125000 0.546875
vt 0.125000 0.562500
vt 0.109375 0.562500
vt 0.109375 0.546875
vt 0.125000 0.531250
vt 0.109375 0.500000
vt 0.109375 0.515625
vt 0.093750 0.515625
vt 0.093750 0.500000
vt 0.109375 0.531250
vt 0.078125 0.515625
vt 0.078125 0.500000
vt 0.093750 0.546875
vt 0.093750 0.531250
vt 0.093750 0.562500
vt 0.078125 0.546875
vt 0.078125 0.562500
vt 0.062500 0.562500
vt 0.062500 0.546875
vt 0.078125 0.531250
vt 0.062500 0.500000
vt 0.062500 0.515625
vt 0.046875 0.515625
vt 0.046875 0.500000
vt 0.062500 0.531250
vt 0.046875 0.546875
vt 0.046875 0.531250
vt 0.046875 0.562500
vt 0.078125 0.453125
vt 0.078125 0.468750
vt 0.109375 0.468750
vt 0.109375 0.453125
vt 0.046875 0.453125
vt 0.046875 0.468750
vt 0.140625 0.453125
vt 0.140625 0.468750
vt 0.171875 0.468750
vt 0.171875 0.453125
vt 0.171875 0.421875
vt 0.140625 0.421875
vt 0.250000 0.421875
vt 0.250000 0.453125
vt 0.265625 0.453125
vt 0.265625 0.421875
vt 0.218750 0.421875
vt 0.218750 0.453125
vt 0.296875 0.421875
vt 0.296875 0.453125
vt 0.312500 0.453125
vt 0.312500 0.421875
vt 0.218750 0.468750
vt 0.250000 0.468750
vt 0.031250 0.453125
vt 0.031250 0.437500
vt 0.015625 0.437500
vt 0.015625 0.453125
vt 0.046875 0.437500
vt 0.062500 0.453125
vt 0.062500 0.437500
vt 0.078125 0.437500
vt 0.031250 0.421875
vt 0.015625 0.421875
s 1
usemtl couple_map
f 200/265/233 201/266/234 203/267/235 202/268/233
f 202/268/236 203/267/237 207/269/238 206/270/236
f 206/270/239 207/269/240 205/271/240 204/272/239
f 204/273/241 205/274/242 201/266/243 200/265/241
f 205/271/240 207/269/240 210/275/244 211/276/245
f 208/277/246 211/278/247 215/279/248 212/280/248
f 203/267/235 201/266/234 208/277/249 209/281/250
f 201/266/243 205/274/242 211/278/247 208/277/246
f 207/269/238 203/267/237 209/281/251 210/275/252
f 214/282/253 213/283/253 217/284/254 218/285/254
f 210/275/252 209/281/251 213/283/253 214/282/253
f 211/276/245 210/275/244 214/282/255 215/286/256
f 209/281/250 208/277/249 212/280/257 213/283/258
f 219/287/259 218/285/260 222/288/261 223/289/261
f 215/286/256 214/282/255 218/285/260 219/287/259
f 213/283/258 212/280/257 216/290/262 217/284/262
f 212/280/248 215/279/248 219/291/263 216/290/263
f 220/292/264 223/293/264 227/294/265 224/295/265
f 217/284/262 216/290/262 220/292/266 221/296/266
f 216/290/263 219/291/263 223/293/264 220/292/264
f 218/285/254 217/284/254 221/296/267 222/288/267
f 227/297/268 226/298/268 230/299/269 231/300/270
f 222/288/267 221/296/267 225/301/271 226/298/271
f 223/289/261 222/288/261 226/298/268 227/297/268
f 221/296/266 220/292/266 224/295/272 225/301/272
f 231/300/270 230/299/269 234/302/273 235/303/273
f 225/301/272 224/295/272 228/304/274 229/305/275
f 224/295/265 227/294/265 231/306/276 228/304/277
f 226/298/271 225/301/271 229/305/278 230/299/279
f 232/307/280 235/308/280 239/309/281 236/310/281
f 229/305/275 228/304/274 232/307/282 233/311/282
f 228/304/277 231/306/276 235/308/280 232/307/280
f 230/299/279 229/305/278 233/311/283 234/302/283
f 239/312/284 238/313/284 242/314/284 243/315/284
f 234/302/283 233/311/283 237/316/285 238/313/285
f 235/303/273 234/302/273 238/313/284 239/312/284
f 233/311/282 232/307/282 236/310/286 237/316/286
f 237/316/286 236/310/286 240/317/286 241/318/286
f 236/310/281 239/309/281 243/319/281 240/317/281
f 238/313/285 237/316/285 241/318/285 242/314/285
f 244/320/287 247/321/287 246/322/287 245/323/287
f 248/324/288 249/325/288 247/321/288 244/320/288
f 250/326/289 251/327/289 249/328/289 248/329/289
f 245/323/290 246/322/290 251/327/290 250/326/290
f 244/330/291 245/331/291 250/326/291 248/329/291
f 249/328/292 251/327/292 246/287/292 247/276/292
f 252/332/290 255/333/290 254/334/290 253/335/290
f 256/336/293 257/337/293 255/333/293 252/332/293
f 258/338/294 259/339/294 257/340/294 256/341/294
f 253/335/295 254/334/295 259/339/295 258/338/295
f 259/342/296 254/343/296 255/333/296 257/337/296
f 260/344/296 263/345/296 262/346/296 261/347/296
f 264/324/297 265/348/297 263/345/297 260/344/297
f 266/349/298 267/350/298 265/348/298 264/324/298
f 261/320/299 262/351/299 267/350/299 266/349/299
f 262/346/293 263/345/293 265/352/293 267/353/293
o COUPLER_ENGAGED_FRONT_1_ROT_-50_mvp_gept
v 3.786238 0.302837 1.133810
v 3.786238 0.194082 0.774927
v 3.754988 0.194082 0.774927
v 3.754988 0.302837 1.133810
v 3.754988 0.223989 0.765864
v 3.786238 0.223989 0.765864
v 3.754988 0.332744 1.124747
v 3.786238 0.332744 1.124747
vn 0.2075 -0.4750 -0.8552
vn 0.2072 0.0794 0.9751
vn -0.5772 -0.3852 0.7200
vn -0.5771 -0.7202 -0.3851
vn 0.2074 -0.0795 -0.9750
vn -0.5771 0.3854 -0.7200
vn -0.5772 0.7201 0.3850
vn 0.2072 0.4751 0.8552
vt 0.171880 0.033200
vt 0.171880 0.072260
vt 0.173830 0.072260
vt 0.173830 0.033200
s 1
usemtl
f 269/354/300 268/355/301 271/356/302 270/357/303
f 273/354/304 272/357/305 274/356/306 275/355/307
f 270/357/303 271/356/302 274/356/306 272/357/305
f 268/355/301 269/354/300 273/354/304 275/355/307
o COUPLER_ENGAGED_FRONT_1_TOGGLE_mvp_gept
v 3.768584 0.044100 1.626913
v 3.831084 0.044100 1.626913
v 3.831084 0.062226 1.686728
v 3.768584 0.062226 1.686728
v 3.768584 0.044100 1.626913
v 3.768584 0.402983 1.518158
v 3.831084 0.402983 1.518158
v 3.831084 0.044100 1.626913
v 3.768584 0.279721 0.249380
v 3.768584 0.297846 0.309194
v 3.831084 0.297846 0.309194
v 3.831084 0.279721 0.249380
v 3.831084 0.297846 0.309194
v 3.768584 0.118405 0.363571
v 3.831084 0.118405 0.363571
v 3.768584 0.279721 0.249380
v 3.831084 0.279721 0.249380
v 3.831084 0.040466 0.321884
v 3.768584 0.040466 0.321884
v 3.768584 0.040466 0.321884
v 3.768584 0.480922 1.559846
v 3.768584 0.062226 1.686728
v 3.831084 0.480922 1.559846
v 3.768584 0.480922 1.559846
v 3.768584 0.062226 1.686728
v 3.831084 0.402983 1.518158
v 3.831084 0.118405 0.363571
v 3.831084 0.297846 0.309194
v 3.768584 0.402983 1.518158
v 3.768584 0.040466 0.321884
v 3.768584 0.118405 0.363571
v 3.768584 0.480922 1.559846
vn -0.0000 -0.9570 0.2900
vn -0.0000 -0.2900 -0.9570
vn -0.0000 0.9570 -0.2900
vn -0.0000 0.2900 0.9570
vn -1.0000 -0.0000 -0.0000
vn 1.0000 -0.0000 -0.0000
vt 0.156250 0.070310
vt 0.158200 0.070310
vt 0.158200 0.072260
vt 0.156250 0.072260
vt 0.154300 0.064450
vt 0.166020 0.064450
vt 0.166020 0.062500
vt 0.154300 0.062500
vt 0.173830 0.025390
vt 0.173830 0.027340
vt 0.175780 0.027340
vt 0.175780 0.025390
vt 0.173830 0.029300
vt 0.167970 0.027340
vt 0.167970 0.029300
vt 0.177740 0.029300
vt 0.177740 0.031250
vt 0.169920 0.031250
vt 0.169920 0.029300
vt 0.166020 0.025390
vt 0.167970 0.066410
vt 0.154300 0.066410
vt 0.171880 0.072260
vt 0.171880 0.074220
vt 0.158200 0.074220
vt 0.169920 0.070310
vt 0.171880 0.033200
vt 0.177740 0.033200
vt 0.167970 0.070310
vt 0.167970 0.031250
vt 0.173830 0.033200
vt 0.173830 0.072260
s 1
usemtl mat1
f 276/358/308 277/359/308 278/360/308 279/361/308
f 280/362/309 281/363/309 282/364/309 283/365/309
f 284/366/310 285/367/310 286/368/310 287/369/310
f 288/370/311 285/367/311 289/371/311 290/372/311
f 291/373/309 292/374/309 293/375/309 294/376/309
f 285/367/312 284/366/312 295/377/312 289/371/312
f 281/363/312 296/378/312 289/371/312 295/377/312
f 296/378/312 281/363/312 280/362/312 297/379/312
f 298/380/311 299/381/311 300/382/311 278/360/311
f 301/383/313 298/380/313 278/360/313 277/359/313
f 293/375/313 302/384/313 298/380/313 301/383/313
f 292/374/313 303/385/313 302/384/313 293/375/313
f 293/375/308 301/383/308 304/386/308 305/387/308
f 302/384/310 306/388/310 307/389/310 298/380/310
o COUPLER_ENGAGED_REAR_2_ROT_50_mvp_gept
v -4.138619 0.302835 -1.133256
v -4.138619 0.194080 -0.774373
v -4.107369 0.194080 -0.774373
v -4.107369 0.302835 -1.133256
v -4.107369 0.223987 -0.765310
v -4.138619 0.223987 -0.765310
v -4.107369 0.332741 -1.124193
v -4.138619 0.332741 -1.124193
vn -0.2073 -0.4751 0.8552
vn -0.2068 0.0791 -0.9752
vn 0.5774 -0.3851 -0.7200
vn 0.5771 -0.7202 0.3851
vn -0.2070 -0.0792 0.9751
vn 0.5773 0.3852 0.7200
vn 0.5774 0.7200 -0.3851
vn -0.2071 0.4753 -0.8551
vt 0.171880 0.033200
vt 0.171880 0.072260
vt 0.173830 0.072260
vt 0.173830 0.033200
s 1
usemtl
f 309/390/314 308/391/315 311/392/316 310/393/317
f 313/390/318 312/393/319 314/392/320 315/391/321
f 310/393/317 311/392/316 314/392/320 312/393/319
f 308/391/315 309/390/314 313/390/318 315/391/321
o COUPLER_ENGAGED_REAR_2_TOGGLE_mvp_gept
v -4.091743 0.044098 -1.626359
v -4.154243 0.044098 -1.626359
v -4.154243 0.062224 -1.686174
v -4.091743 0.062224 -1.686174
v -4.091743 0.044098 -1.626359
v -4.091744 0.402981 -1.517604
v -4.154244 0.402981 -1.517604
v -4.154243 0.044098 -1.626359
v -4.091744 0.279719 -0.248826
v -4.091744 0.297844 -0.308640
v -4.154244 0.297844 -0.308640
v -4.154244 0.279719 -0.248826
v -4.154244 0.297844 -0.308640
v -4.091743 0.118403 -0.363017
v -4.154243 0.118403 -0.363017
v -4.091744 0.279719 -0.248826
v -4.154244 0.279719 -0.248826
v -4.154243 0.040464 -0.321330
v -4.091743 0.040464 -0.321330
v -4.091743 0.040464 -0.321330
v -4.091744 0.480920 -1.559292
v -4.091743 0.062224 -1.686174
v -4.154244 0.480920 -1.559292
v -4.091744 0.480920 -1.559292
v -4.091743 0.062224 -1.686174
v -4.154244 0.402981 -1.517604
v -4.154243 0.118403 -0.363017
v -4.154244 0.297844 -0.308640
v -4.091744 0.402981 -1.517604
v -4.091743 0.040464 -0.321330
v -4.091743 0.118403 -0.363017
v -4.091744 0.480920 -1.559292
vn -0.0000 -0.9570 -0.2900
vn -0.0000 -0.2900 0.9570
vn -0.0000 0.9570 0.2900
vn -0.0000 0.2900 -0.9570
vn 1.0000 -0.0000 -0.0000
vn -1.0000 -0.0000 -0.0000
vt 0.156250 0.070310
vt 0.158200 0.070310
vt 0.158200 0.072260
vt 0.156250 0.072260
vt 0.154300 0.064450
vt 0.166020 0.064450
vt 0.166020 0.062500
vt 0.154300 0.062500
vt 0.173830 0.025390
vt 0.173830 0.027340
vt 0.175780 0.027340
vt 0.175780 0.025390
vt 0.173830 0.029300
vt 0.167970 0.027340
vt 0.167970 0.029300
vt 0.177740 0.029300
vt 0.177740 0.031250
vt 0.169920 0.031250
vt 0.169920 0.029300
vt 0.166020 0.025390
vt 0.167970 0.066410
vt 0.154300 0.066410
vt 0.171880 0.072260
vt 0.171880 0.074220
vt 0.158200 0.074220
vt 0.169920 0.070310
vt 0.171880 0.033200
vt 0.177740 0.033200
vt 0.167970 0.070310
vt 0.167970 0.031250
vt 0.173830 0.033200
vt 0.173830 0.072260
s 1
usemtl mat1
f 316/394/322 317/395/322 318/396/322 319/397/322
f 320/398/323 321/399/323 322/400/323 323/401/323
f 324/402/324 325/403/324 326/404/324 327/405/324
f 328/406/325 325/403/325 329/407/325 330/408/325
f 331/409/323 332/410/323 333/411/323 334/412/323
f 325/403/326 324/402/326 335/413/326 329/407/326
f 321/399/326 336/414/326 329/407/326 335/413/326
f 336/414/326 321/399/326 320/398/326 337/415/326
f 338/416/325 339/417/325 340/418/325 318/396/325
f 341/419/327 338/416/327 318/396/327 317/395/327
f 333/411/327 342/420/327 338/416/327 341/419/327
f 332/410/327 343/421/327 342/420/327 333/411/327
f 333/411/322 341/419/322 344/422/322 345/423/322
f 342/420/324 346/424/324 347/425/324 338/416/324
o Cube
v -3.677998 1.738252 0.252165
v -3.444577 1.877886 0.177404
v -3.677998 1.738252 0.102642
v -3.437469 1.858356 0.127229
v -3.377234 1.738322 0.252165
v -3.420308 1.811207 0.106445
v -3.431846 1.886567 0.252165
v -3.377234 1.738322 0.102642
v -3.403147 1.764058 0.127229
v -3.431846 1.886567 0.102642
v -3.396039 1.744528 0.177404
v -3.403147 1.764058 0.227579
v -3.420308 1.811207 0.248362
v -3.437469 1.858356 0.227579
v -3.430545 1.882993 0.177404
v -3.406276 1.816314 0.106445
v -3.423437 1.863463 0.127229
v -3.406276 1.816314 0.248362
v -3.389115 1.769165 0.227579
v -3.423437 1.863463 0.227579
v -3.389115 1.769165 0.127229
v -3.382007 1.749635 0.177404
vn -0.0000 -0.0000 -1.0000
vn 0.9373 0.3482 0.0161
vn 0.9347 0.3553 -0.0059
vn -0.0000 -0.0000 1.0000
vn -0.5161 0.8565 -0.0000
vn 0.3160 -0.8682 0.3827
vn 0.1309 -0.3596 0.9239
vn -0.1309 0.3596 0.9239
vn -0.3160 0.8682 0.3827
vn -0.3160 0.8682 -0.3827
vn -0.1309 0.3596 -0.9239
vn 0.1309 -0.3596 -0.9239
vn 0.3160 -0.8682 -0.3827
vn 0.9397 0.3420 -0.0000
vn 0.9373 0.3482 -0.0161
vn 0.9356 0.3447 0.0764
vn 0.9214 0.3887 -0.0000
vn 0.9347 0.3554 0.0059
vn 0.9356 0.3447 -0.0764
vt 0.583984 0.343750
vt 0.583984 0.371094
vt 0.570312 0.371094
vt 0.548828 0.367188
vt 0.550781 0.355469
vt 0.552734 0.361328
vt 0.566406 0.361328
vt 0.570312 0.367188
vt 0.560547 0.363281
vt 0.570312 0.343750
vt 0.597656 0.343750
vt 0.597656 0.371094
vt 0.617188 0.371094
vt 0.611328 0.371094
vt 0.611328 0.375000
vt 0.617188 0.375000
vt 0.605469 0.371094
vt 0.605469 0.375000
vt 0.599609 0.371094
vt 0.599609 0.375000
vt 0.593750 0.371094
vt 0.593750 0.375000
vt 0.587891 0.371094
vt 0.587891 0.375000
vt 0.582031 0.371094
vt 0.582031 0.375000
vt 0.576172 0.371094
vt 0.576172 0.375000
vt 0.570312 0.375000
vt 0.552721 0.370250
vt 0.559752 0.367516
vt 0.567174 0.370250
vt 0.570299 0.377672
vt 0.567174 0.384703
vt 0.559752 0.387438
vt 0.552721 0.384703
vt 0.549596 0.377672
vt 0.568359 0.355469
vt 0.558594 0.345703
vt 0.566406 0.347656
vt 0.548828 0.343750
vt 0.552734 0.347656
s 0
usemtl mat1
f 350/426/328 357/427/328 355/428/328
f 355/429/329 363/430/329 368/431/329
f 366/432/330 352/433/330 369/434/330
f 352/435/331 354/426/331 348/428/331
f 357/436/332 350/437/332 348/427/332 354/426/332
f 349/438/333 351/439/333 364/440/333 362/441/333
f 351/439/334 353/442/334 363/443/334 364/440/334
f 353/442/335 356/444/335 368/445/335 363/443/335
f 356/444/336 358/446/336 369/447/336 368/445/336
f 358/446/337 359/448/337 366/449/337 369/447/337
f 359/448/338 360/450/338 365/451/338 366/449/338
f 360/450/339 361/452/339 367/453/339 365/451/339
f 361/452/340 349/428/340 362/454/340 367/453/340
f 356/455/341 353/456/341 351/457/341 349/458/341 361/459/341 360/460/341 359/461/341 358/462/341
f 365/463/342 352/433/342 366/432/342
f 362/464/341 354/435/341 367/465/341
f 367/465/341 354/435/341 365/463/341
f 363/430/343 355/429/343 357/466/343
f 357/466/341 354/435/341 362/464/341
f 364/467/341 363/430/341 357/466/341
f 362/464/341 364/467/341 357/466/341
f 369/434/344 352/433/344 355/429/344
f 355/429/345 368/431/345 369/434/345
f 365/463/346 354/435/346 352/433/346
o Cube.001
v -3.677998 1.738252 0.401204
v -3.677998 1.738252 0.251680
v -3.377234 1.738322 0.401204
v -3.431846 1.886567 0.401204
v -3.377234 1.738322 0.251680
v -3.431846 1.886567 0.251680
vn -0.0000 -0.0000 -1.0000
vn -0.0000 -0.0000 1.0000
vn -0.5161 0.8565 -0.0000
vt 0.583984 0.343750
vt 0.583984 0.371094
vt 0.570312 0.371094
vt 0.570312 0.343750
vt 0.597656 0.343750
vt 0.597656 0.371094
s 0
usemtl mat1
f 371/468/347 375/469/347 374/470/347
f 372/471/348 373/468/348 370/470/348
f 375/472/349 371/473/349 370/469/349 373/468/349
o Cube.002
v -3.438214 1.882352 0.363808
v -3.434660 1.872587 0.338721
v -3.404542 1.812570 0.401189
v -3.426080 1.849013 0.328329
v -3.431849 1.886693 0.401189
v -3.404542 1.812570 0.326428
v -3.417499 1.825438 0.338721
v -3.431849 1.886693 0.326428
v -3.413945 1.815673 0.363808
v -3.417499 1.825438 0.388896
v -3.426080 1.849013 0.399287
v -3.434660 1.872587 0.388896
v -3.431198 1.884906 0.363808
v -3.419064 1.851566 0.328329
v -3.427644 1.875141 0.338721
v -3.419064 1.851566 0.399287
v -3.410483 1.827992 0.388896
v -3.427644 1.875141 0.388896
v -3.410483 1.827992 0.338721
v -3.406929 1.818227 0.363808
vn 0.9373 0.3482 0.0161
vn 0.9347 0.3554 -0.0059
vn 0.3160 -0.8681 0.3827
vn 0.1309 -0.3596 0.9239
vn -0.1309 0.3596 0.9239
vn -0.3160 0.8681 0.3827
vn -0.3160 0.8681 -0.3827
vn -0.1309 0.3596 -0.9239
vn 0.1309 -0.3596 -0.9239
vn 0.3160 -0.8681 -0.3827
vn 0.9397 0.3420 -0.0000
vn 0.9373 0.3483 -0.0161
vn 0.9356 0.3447 0.0768
vn 0.9396 0.3423 -0.0000
vn 0.9213 0.3888 -0.0000
vn 0.9347 0.3553 0.0059
vn 0.9356 0.3447 -0.0767
vt 0.548828 0.367188
vt 0.550781 0.355469
vt 0.552734 0.361328
vt 0.566406 0.361328
vt 0.570312 0.367188
vt 0.560547 0.363281
vt 0.617188 0.371094
vt 0.611328 0.371094
vt 0.611328 0.375000
vt 0.617188 0.375000
vt 0.605469 0.371094
vt 0.605469 0.375000
vt 0.599609 0.371094
vt 0.599609 0.375000
vt 0.593750 0.371094
vt 0.593750 0.375000
vt 0.587891 0.371094
vt 0.587891 0.375000
vt 0.582031 0.371094
vt 0.582031 0.375000
vt 0.576172 0.371094
vt 0.576172 0.375000
vt 0.570312 0.371094
vt 0.570312 0.375000
vt 0.552721 0.370250
vt 0.559752 0.367516
vt 0.567174 0.370250
vt 0.570299 0.377672
vt 0.567174 0.384703
vt 0.559752 0.387438
vt 0.552721 0.384703
vt 0.549596 0.377672
vt 0.568359 0.355469
vt 0.558594 0.345703
vt 0.570312 0.343750
vt 0.566406 0.347656
vt 0.548828 0.343750
vt 0.552734 0.347656
s 0
usemtl mat1
f 381/474/350 389/475/350 394/476/350
f 392/477/351 378/478/351 395/479/351
f 376/480/352 377/481/352 390/482/352 388/483/352
f 377/481/353 379/484/353 389/485/353 390/482/353
f 379/484/354 382/486/354 394/487/354 389/485/354
f 382/486/355 384/488/355 395/489/355 394/487/355
f 384/488/356 385/490/356 392/491/356 395/489/356
f 385/490/357 386/492/357 391/493/357 392/491/357
f 386/492/358 387/494/358 393/495/358 391/493/358
f 387/494/359 376/496/359 388/497/359 393/495/359
f 382/498/360 379/499/360 377/500/360 376/501/360 387/502/360 386/503/360 385/504/360 384/505/360
f 391/506/361 378/478/361 392/477/361
f 388/507/360 380/508/360 393/509/360
f 393/509/360 380/508/360 391/506/360
f 389/475/362 381/474/362 383/510/362
f 383/510/363 380/508/363 388/507/363
f 390/511/360 389/475/360 383/510/360
f 388/507/360 390/511/360 383/510/360
f 395/479/364 378/478/364 381/474/364
f 381/474/365 394/476/365 395/479/365
f 391/506/366 380/508/366 378/478/366
o Cube.003
v -3.438214 1.882352 0.289508
v -3.434660 1.872587 0.264421
v -3.404542 1.812570 0.326889
v -3.426080 1.849013 0.254029
v -3.431849 1.886693 0.326889
v -3.404542 1.812570 0.252127
v -3.417499 1.825438 0.264421
v -3.431849 1.886693 0.252127
v -3.413945 1.815673 0.289508
v -3.417499 1.825438 0.314596
v -3.426080 1.849013 0.324987
v -3.434660 1.872587 0.314596
v -3.431198 1.884906 0.289508
v -3.419064 1.851566 0.254029
v -3.427644 1.875141 0.264421
v -3.419064 1.851566 0.324987
v -3.410483 1.827992 0.314596
v -3.427644 1.875141 0.314596
v -3.410483 1.827992 0.264421
v -3.406929 1.818227 0.289508
vn 0.9373 0.3483 0.0161
vn 0.9347 0.3554 -0.0059
vn 0.3160 -0.8681 0.3827
vn 0.1309 -0.3596 0.9239
vn -0.1309 0.3596 0.9239
vn -0.3160 0.8681 0.3827
vn -0.3160 0.8681 -0.3827
vn -0.1309 0.3596 -0.9239
vn 0.1309 -0.3596 -0.9239
vn 0.3160 -0.8682 -0.3827
vn 0.9397 0.3420 -0.0000
vn 0.9373 0.3483 -0.0161
vn 0.9356 0.3447 0.0764
vn 0.9396 0.3423 -0.0000
vn 0.9213 0.3888 -0.0000
vn 0.9347 0.3554 0.0059
vn 0.9356 0.3447 -0.0767
vt 0.548828 0.367188
vt 0.550781 0.355469
vt 0.552734 0.361328
vt 0.566406 0.361328
vt 0.570312 0.367188
vt 0.560547 0.363281
vt 0.617188 0.371094
vt 0.611328 0.371094
vt 0.611328 0.375000
vt 0.617188 0.375000
vt 0.605469 0.371094
vt 0.605469 0.375000
vt 0.599609 0.371094
vt 0.599609 0.375000
vt 0.593750 0.371094
vt 0.593750 0.375000
vt 0.587891 0.371094
vt 0.587891 0.375000
vt 0.582031 0.371094
vt 0.582031 0.375000
vt 0.576172 0.371094
vt 0.576172 0.375000
vt 0.570312 0.371094
vt 0.570312 0.375000
vt 0.552721 0.370250
vt 0.559752 0.367516
vt 0.567174 0.370250
vt 0.570299 0.377672
vt 0.567174 0.384703
vt 0.559752 0.387438
vt 0.552721 0.384703
vt 0.549596 0.377672
vt 0.568359 0.355469
vt 0.558594 0.345703
vt 0.570312 0.343750
vt 0.566406 0.347656
vt 0.548828 0.343750
vt 0.552734 0.347656
s 0
usemtl mat1
f 401/512/367 409/513/367 414/514/367
f 412/515/368 398/516/368 415/517/368
f 396/518/369 397/519/369 410/520/369 408/521/369
f 397/519/370 399/522/370 409/523/370 410/520/370
f 399/522/371 402/524/371 414/525/371 409/523/371
f 402/524/372 404/526/372 415/527/372 414/525/372
f 404/526/373 405/528/373 412/529/373 415/527/373
f 405/528/374 406/530/374 411/531/374 412/529/374
f 406/530/375 407/532/375 413/533/375 411/531/375
f 407/532/376 396/534/376 408/535/376 413/533/376
f 402/536/377 399/537/377 397/538/377 396/539/377 407/540/377 406/541/377 405/542/377 404/543/377
f 411/544/378 398/516/378 412/515/378
f 408/545/377 400/546/377 413/547/377
f 413/547/377 400/546/377 411/544/377
f 409/513/379 401/512/379 403/548/379
f 403/548/380 400/546/380 408/545/380
f 410/549/377 409/513/377 403/548/377
f 408/545/377 410/549/377 403/548/377
f 415/517/381 398/516/381 401/512/381
f 401/512/382 414/514/382 415/517/382
f 411/544/383 400/546/383 398/516/383
o Cube.004
v -3.410923 1.808240 0.363808
v -3.407369 1.798475 0.338721
v -3.377251 1.738458 0.401189
v -3.398788 1.774900 0.328329
v -3.404557 1.812580 0.401189
v -3.377251 1.738458 0.326428
v -3.390208 1.751325 0.338721
v -3.404557 1.812580 0.326428
v -3.386654 1.741560 0.363808
v -3.390208 1.751325 0.388896
v -3.398788 1.774900 0.399287
v -3.407369 1.798475 0.388896
v -3.403907 1.810793 0.363808
v -3.391773 1.777454 0.328329
v -3.400353 1.801028 0.338721
v -3.391773 1.777454 0.399287
v -3.383192 1.753879 0.388896
v -3.400353 1.801028 0.388896
v -3.383192 1.753879 0.338721
v -3.379638 1.744114 0.363808
vn 0.9373 0.3483 0.0161
vn 0.9347 0.3554 -0.0059
vn 0.3159 -0.8682 0.3827
vn 0.1309 -0.3596 0.9239
vn -0.1309 0.3596 0.9239
vn -0.3160 0.8681 0.3827
vn -0.3160 0.8682 -0.3827
vn -0.1309 0.3596 -0.9239
vn 0.1309 -0.3596 -0.9239
vn 0.3159 -0.8682 -0.3827
vn 0.9397 0.3420 -0.0000
vn 0.9373 0.3483 -0.0161
vn 0.9356 0.3447 0.0769
vn 0.9397 0.3419 -0.0000
vn 0.9214 0.3887 -0.0000
vn 0.9347 0.3554 0.0059
vn 0.9356 0.3447 -0.0765
vt 0.548828 0.367188
vt 0.550781 0.355469
vt 0.552734 0.361328
vt 0.566406 0.361328
vt 0.570312 0.367188
vt 0.560547 0.363281
vt 0.617188 0.371094
vt 0.611328 0.371094
vt 0.611328 0.375000
vt 0.617188 0.375000
vt 0.605469 0.371094
vt 0.605469 0.375000
vt 0.599609 0.371094
vt 0.599609 0.375000
vt 0.593750 0.371094
vt 0.593750 0.375000
vt 0.587891 0.371094
vt 0.587891 0.375000
vt 0.582031 0.371094
vt 0.582031 0.375000
vt 0.576172 0.371094
vt 0.576172 0.375000
vt 0.570312 0.371094
vt 0.570312 0.375000
vt 0.552721 0.370250
vt 0.559752 0.367516
vt 0.567174 0.370250
vt 0.570299 0.377672
vt 0.567174 0.384703
vt 0.559752 0.387438
vt 0.552721 0.384703
vt 0.549596 0.377672
vt 0.568359 0.355469
vt 0.558594 0.345703
vt 0.570312 0.343750
vt 0.566406 0.347656
vt 0.548828 0.343750
vt 0.552734 0.347656
s 0
usemtl mat1
f 421/550/384 429/551/384 434/552/384
f 432/553/385 418/554/385 435/555/385
f 416/556/386 417/557/386 430/558/386 428/559/386
f 417/557/387 419/560/387 429/561/387 430/558/387
f 419/560/388 422/562/388 434/563/388 429/561/388
f 422/562/389 424/564/389 435/565/389 434/563/389
f 424/564/390 425/566/390 432/567/390 435/565/390
f 425/566/391 426/568/391 431/569/391 432/567/391
f 426/568/392 427/570/392 433/571/392 431/569/392
f 427/570/393 416/572/393 428/573/393 433/571/393
f 422/574/394 419/575/394 417/576/394 416/577/394 427/578/394 426/579/394 425/580/394 424/581/394
f 431/582/395 418/554/395 432/553/395
f 428/583/394 420/584/394 433/585/394
f 433/585/394 420/584/394 431/582/394
f 429/551/396 421/550/396 423/586/396
f 423/586/397 420/584/397 428/583/397
f 430/587/394 429/551/394 423/586/394
f 428/583/394 430/587/394 423/586/394
f 435/555/398 418/554/398 421/550/398
f 421/550/399 434/552/399 435/555/399
f 431/582/400 420/584/400 418/554/400
o Cube.005
v -3.408722 1.801668 0.289287
v -3.408722 1.801668 0.276883
v -3.377251 1.738458 0.326667
v -3.398041 1.775172 0.276883
v -3.404557 1.812580 0.326667
v -3.377251 1.738458 0.251906
v -3.389191 1.748009 0.276883
v -3.404557 1.812580 0.251906
v -3.389191 1.748009 0.289287
v -3.389191 1.748009 0.301690
v -3.398041 1.775172 0.301690
v -3.408722 1.801668 0.301690
v -3.401538 1.804283 0.289287
v -3.392688 1.777120 0.276883
v -3.401538 1.804283 0.276883
v -3.392688 1.777120 0.301690
v -3.382007 1.750624 0.301690
v -3.401538 1.804283 0.301690
v -3.382007 1.750624 0.276883
v -3.382007 1.750624 0.289287
vn 0.9275 0.3739 -0.0055
vn 0.9313 0.3642 -0.0000
vn 0.3421 -0.9397 -0.0000
vn -0.0000 -0.0000 1.0000
vn -0.3421 0.9397 -0.0000
vn -0.0000 -0.0000 -1.0000
vn 0.9397 0.3420 -0.0000
vn 0.9275 0.3739 0.0055
vn 0.9507 0.3098 0.0120
vn 0.9374 0.3453 0.0448
vn 0.9397 0.3419 -0.0000
vn 0.9507 0.3098 -0.0120
vn 0.9396 0.3422 -0.0000
vn 0.9314 0.3641 -0.0000
vn 0.9314 0.3640 -0.0000
vn 0.9374 0.3453 -0.0448
vt 0.548828 0.367188
vt 0.556445 0.355469
vt 0.556445 0.363663
vt 0.562695 0.363663
vt 0.570312 0.367188
vt 0.559570 0.363663
vt 0.617188 0.371094
vt 0.611328 0.371094
vt 0.611328 0.375000
vt 0.617188 0.375000
vt 0.605469 0.371094
vt 0.605469 0.375000
vt 0.599609 0.371094
vt 0.599609 0.375000
vt 0.593750 0.371094
vt 0.593750 0.375000
vt 0.587891 0.371094
vt 0.587891 0.375000
vt 0.582031 0.371094
vt 0.582031 0.375000
vt 0.576172 0.371094
vt 0.576172 0.375000
vt 0.570312 0.371094
vt 0.570312 0.375000
vt 0.598167 0.330568
vt 0.562695 0.355469
vt 0.559570 0.346420
vt 0.570312 0.343750
vt 0.562695 0.346420
vt 0.548828 0.343750
vt 0.556445 0.346420
s 0
usemtl mat1
f 441/588/401 449/589/401 454/590/401
f 452/591/402 438/592/402 455/593/402
f 436/594/403 437/595/403 450/596/403 448/597/403
f 437/595/404 439/598/404 449/599/404 450/596/404
f 439/598/404 442/600/404 454/601/404 449/599/404
f 442/600/405 444/602/405 455/603/405 454/601/405
f 444/602/405 445/604/405 452/605/405 455/603/405
f 445/604/406 446/606/406 451/607/406 452/605/406
f 446/606/406 447/608/406 453/609/406 451/607/406
f 447/608/403 436/610/403 448/611/403 453/609/403
f 442/612/407 439/612/407 437/612/407 436/612/407 447/612/407 446/612/407 445/612/407 444/612/407
f 451/613/408 438/592/408 452/591/408
f 448/614/407 440/615/407 453/616/407
f 453/616/409 440/615/409 451/613/409
f 449/589/410 441/588/410 443/617/410
f 443/617/411 440/615/411 448/614/411
f 450/618/412 449/589/412 443/617/412
f 448/614/413 450/618/413 443/617/413
f 455/593/414 438/592/414 441/588/414
f 441/588/415 454/590/415 455/593/415
f 451/613/416 440/615/416 438/592/416
o DECAL_MANUF
v -3.866865 1.689296 0.906305
v -3.866866 1.115748 0.906306
v -3.866865 1.689295 0.332758
v -3.866866 1.115748 0.332758
vn -1.0000 -0.0000 -0.0000
vt 0.566406 0.312500
vt 0.597656 0.312500
vt 0.597656 0.343750
vt 0.566406 0.343750
s 0
usemtl mat1
f 459/619/417 457/620/417 456/621/417 458/622/417
o ENGINE_START_1_ROT_-80
v -3.535635 1.752792 0.728762
v -3.561058 1.734621 0.728762
v -3.535635 1.752792 0.666264
v -3.561058 1.734621 0.666264
v -3.553807 1.778216 0.728762
v -3.579231 1.760044 0.728762
v -3.553807 1.778216 0.666264
v -3.579231 1.760044 0.666264
vn -0.5815 0.8136 -0.0000
vn -0.0000 -0.0000 -1.0000
vn 0.8135 0.5815 -0.0000
vn -0.0000 -0.0000 1.0000
vn 0.5815 -0.8136 -0.0000
vn -0.8135 -0.5815 -0.0000
vt 0.031250 0.015625
vt 0.046875 0.015625
vt 0.046875 0.031250
vt 0.031250 0.031250
vt 0.046875 0.062500
vt 0.062500 0.062500
vt 0.062500 0.078125
vt 0.046875 0.078125
vt 0.031250 0.062500
vt 0.031250 0.078125
vt 0.015625 0.062500
vt 0.015625 0.078125
vt 0.031250 0.046875
vt 0.046875 0.046875
s 1
usemtl controls
f 464/623/418 466/624/418 467/625/418 465/626/418
f 462/627/419 463/628/419 467/629/419 466/630/419
f 460/631/420 462/627/420 466/630/420 464/632/420
f 461/633/421 460/631/421 464/632/421 465/634/421
f 461/635/422 463/636/422 462/627/422 460/631/422
f 467/625/423 463/636/423 461/635/423 465/626/423
o ENGINE_START_1_TOGGLE_CG_LENG_LABEL_Main^Breaker
v -3.536033 1.750906 0.713137
v -3.562944 1.735020 0.713137
v -3.536033 1.750906 0.681889
v -3.562944 1.735020 0.681889
v -3.567807 1.804727 0.713137
v -3.594718 1.788841 0.713137
v -3.567807 1.804727 0.681889
v -3.594718 1.788841 0.681889
vn -0.5084 0.8611 -0.0000
vn -0.8611 -0.5084 -0.0000
vn -0.0000 -0.0000 -1.0000
vn 0.8611 0.5084 -0.0000
vn -0.0000 -0.0000 1.0000
vt 0.062500 0.015625
vt 0.078125 0.015625
vt 0.078125 0.031250
vt 0.062500 0.031250
vt 0.093750 0.031250
vt 0.093750 0.046875
vt 0.078125 0.046875
vt 0.093750 0.015625
vt 0.093750 0.062500
vt 0.093750 0.078125
vt 0.078125 0.078125
vt 0.078125 0.062500
s 1
usemtl controls
f 472/637/424 474/638/424 475/639/424 473/640/424
f 471/641/425 469/642/425 473/643/425 475/639/425
f 470/644/426 471/641/426 475/639/426 474/638/426
f 468/645/427 470/646/427 474/647/427 472/648/427
f 469/642/428 468/645/428 472/648/428 473/643/428
o Fary
v -3.789170 0.847958 -1.219146
v -3.789170 1.110454 -1.219146
v -3.789170 0.847958 -0.718762
v -3.789170 1.110454 -0.718762
v -4.036988 0.847958 -1.219146
v -4.036988 1.110454 -1.219146
v -4.036988 0.847958 -0.718762
v -4.036988 1.110454 -0.718762
v -3.727339 0.847958 -1.219146
v -3.727339 0.847958 -0.718762
v -3.826343 0.961372 -1.795236
v -3.826343 1.091301 -1.665308
v -3.826343 0.831814 -1.665678
v -3.826343 0.961743 -1.535749
v -3.999815 0.961372 -1.795236
v -3.999815 1.091301 -1.665308
v -3.999815 0.831814 -1.665678
v -3.999815 0.961743 -1.535749
v -3.826343 0.681372 -1.795236
v -3.826343 0.811301 -1.665308
v -3.826343 0.551814 -1.665678
v -3.826343 0.681743 -1.535749
v -3.999815 0.681372 -1.795236
v -3.999815 0.811301 -1.665308
v -3.999815 0.551814 -1.665678
v -3.999815 0.681743 -1.535749
v 3.470082 0.891867 -1.319778
v 3.470083 1.021796 -1.449707
v 3.470082 1.021425 -1.190220
v 3.470083 1.151354 -1.320149
v 3.643556 0.891867 -1.319778
v 3.643556 1.021796 -1.449707
v 3.643556 1.021425 -1.190220
v 3.643556 1.151354 -1.320149
v 3.470082 0.891867 -1.039778
v 3.470083 1.021796 -1.169707
v 3.470082 1.021425 -0.910220
v 3.470083 1.151354 -1.040149
v 3.643556 0.891867 -1.039778
v 3.643556 1.021796 -1.169707
v 3.643556 1.021425 -0.910220
v 3.643556 1.151354 -1.040149
v -3.789170 0.847958 1.219700
v -3.789170 1.110454 1.219700
v -3.789170 0.847958 0.719316
v -3.789170 1.110454 0.719316
v -4.036988 0.847958 1.219700
v -4.036988 1.110454 1.219700
v -4.036988 0.847958 0.719316
v -4.036988 1.110454 0.719316
v -3.727339 0.847958 1.219700
v -3.727339 0.847958 0.719316
v -3.826343 0.961372 1.795790
v -3.826343 1.091301 1.665861
v -3.826343 0.831814 1.666232
v -3.826343 0.961742 1.536303
v -3.999815 0.961372 1.795790
v -3.999815 1.091300 1.665861
v -3.999815 0.831814 1.666232
v -3.999815 0.961742 1.536303
v -3.826343 0.681372 1.795790
v -3.826343 0.811301 1.665861
v -3.826343 0.551814 1.666232
v -3.826343 0.681742 1.536303
v -3.999815 0.681372 1.795790
v -3.999815 0.811301 1.665861
v -3.999815 0.551814 1.666232
v -3.999815 0.681742 1.536303
v 3.470082 0.891867 1.320332
v 3.470083 1.021796 1.450261
v 3.470082 1.021425 1.190774
v 3.470083 1.151354 1.320703
v 3.643556 0.891867 1.320332
v 3.643556 1.021796 1.450261
v 3.643556 1.021425 1.190774
v 3.643556 1.151354 1.320703
v 3.470082 0.891867 1.040332
v 3.470083 1.021796 1.170261
v 3.470082 1.021425 0.910774
v 3.470083 1.151354 1.040703
v 3.643556 0.891867 1.040332
v 3.643556 1.021796 1.170261
v 3.643556 1.021425 0.910774
v 3.643556 1.151354 1.040703
v 3.559116 0.845649 1.398364
v 3.554123 0.845649 1.398364
v 3.559116 0.845649 1.242672
v 3.554123 0.845649 1.242672
v 3.559116 0.972717 1.398364
v 3.554123 0.972717 1.398364
v 3.559116 0.972717 1.242672
v 3.554123 0.972717 1.242672
v 3.559116 0.845649 1.118310
v 3.554123 0.845649 1.118310
v 3.559116 0.845649 0.962618
v 3.554123 0.845649 0.962618
v 3.559116 0.972717 1.118310
v 3.554123 0.972717 1.118310
v 3.559116 0.972717 0.962618
v 3.554123 0.972717 0.962618
v 3.559116 0.845649 -0.959987
v 3.554123 0.845649 -0.959987
v 3.559116 0.845649 -1.115679
v 3.554123 0.845649 -1.115679
v 3.559116 0.972717 -0.959987
v 3.554123 0.972717 -0.959987
v 3.559116 0.972717 -1.115679
v 3.554123 0.972717 -1.115679
v 3.559116 0.845649 -1.240041
v 3.554123 0.845649 -1.240041
v 3.559116 0.845649 -1.395734
v 3.554123 0.845649 -1.395734
v 3.559116 0.972717 -1.240041
v 3.554123 0.972717 -1.240041
v 3.559116 0.972717 -1.395734
v 3.554123 0.972717 -1.395734
v -3.909871 0.730299 1.744814
v -3.914864 0.730299 1.744814
v -3.909871 0.730299 1.589122
v -3.914864 0.730299 1.589122
v -3.909871 0.912444 1.744814
v -3.914864 0.912444 1.744814
v -3.909871 0.912444 1.589122
v -3.914864 0.912444 1.589122
v -3.909871 0.691068 1.462582
v -3.914864 0.691068 1.462582
v -3.909871 0.846760 1.462582
v -3.914864 0.846760 1.462582
v -3.909871 0.691068 1.589650
v -3.914864 0.691068 1.589650
v -3.909871 0.846760 1.589651
v -3.914864 0.846760 1.589651
v -3.909871 0.730299 -1.744814
v -3.914864 0.730299 -1.744814
v -3.909871 0.730299 -1.589122
v -3.914864 0.730299 -1.589122
v -3.909871 0.912444 -1.744814
v -3.914864 0.912444 -1.744814
v -3.909871 0.912444 -1.589122
v -3.914864 0.912444 -1.589122
v -3.909871 0.691068 -1.462582
v -3.914864 0.691068 -1.462582
v -3.909871 0.846760 -1.462582
v -3.914864 0.846760 -1.462582
v -3.909871 0.691068 -1.589650
v -3.914864 0.691068 -1.589650
v -3.909871 0.846760 -1.589650
v -3.914864 0.846760 -1.589650
vn -0.0000 -0.0000 1.0000
vn -0.0000 -0.0000 -1.0000
vn -0.0000 1.0000 -0.0000
vn 0.9734 0.2293 -0.0000
vn -0.0000 -0.7071 0.7071
vn -0.0000 0.7071 -0.7071
vn -0.0000 0.7071 0.7071
vn 1.0000 -0.0000 -0.0000
vn -0.0000 -0.7071 -0.7071
vn -1.0000 -0.0000 -0.0000
vt 0.636719 0.287109
vt 0.644531 0.287109
vt 0.644531 0.294922
vt 0.636719 0.294922
vt 0.628906 0.302734
vt 0.636719 0.302734
vt 0.636719 0.310547
vt 0.628906 0.310547
vt 0.644531 0.310547
vt 0.636719 0.285156
vt 0.646484 0.294922
vt 0.646484 0.310547
vt 0.628906 0.312500
vt 0.654297 0.304688
vt 0.662109 0.304688
vt 0.662109 0.312500
vt 0.654297 0.312500
vt 0.669922 0.304688
vt 0.669922 0.312500
vt 0.646484 0.296875
vt 0.654297 0.296875
vt 0.646484 0.304688
vt 0.662109 0.296875
vt 0.646484 0.312500
vt 0.640625 0.316406
vt 0.640625 0.328125
vt 0.632812 0.328125
vt 0.632812 0.316406
s 0
usemtl mat1
f 478/649/429 479/650/429 483/651/429 482/652/429
f 480/653/430 481/654/430 477/655/430 476/656/430
f 483/652/431 479/651/431 477/657/431 481/655/431
f 479/650/429 478/649/429 485/658/429
f 477/657/432 479/651/432 485/659/432 484/660/432
f 476/656/430 477/655/430 484/661/430
f 488/662/433 489/663/433 493/664/433 492/665/433
f 490/663/434 491/666/434 487/667/434 486/664/434
f 493/668/435 489/669/435 487/662/435 491/670/435
f 487/662/436 489/669/436 488/671/436 486/663/436
f 488/662/437 492/665/437 490/672/437 486/670/437
f 496/662/433 497/663/433 501/664/433 500/665/433
f 498/663/434 499/666/434 495/667/434 494/664/434
f 501/668/435 497/669/435 495/662/435 499/670/435
f 495/662/436 497/669/436 496/671/436 494/663/436
f 496/662/437 500/665/437 498/672/437 494/670/437
f 504/662/435 508/665/435 509/664/435 505/663/435
f 506/663/437 502/664/437 503/667/437 507/666/437
f 509/668/434 507/670/434 503/662/434 505/669/434
f 503/662/438 502/663/438 504/671/438 505/669/438
f 504/662/433 502/670/433 506/672/433 508/665/433
f 512/662/435 516/665/435 517/664/435 513/663/435
f 514/663/437 510/664/437 511/667/437 515/666/437
f 517/668/434 515/670/434 511/662/434 513/669/434
f 511/662/438 510/663/438 512/671/438 513/669/438
f 512/662/433 510/670/433 514/672/433 516/665/433
f 520/649/430 524/652/430 525/651/430 521/650/430
f 522/653/429 518/656/429 519/655/429 523/654/429
f 525/652/431 523/655/431 519/657/431 521/651/431
f 521/650/430 527/658/430 520/649/430
f 519/657/432 526/660/432 527/659/432 521/651/432
f 518/656/429 526/661/429 519/655/429
f 530/662/437 534/665/437 535/664/437 531/663/437
f 532/663/435 528/664/435 529/667/435 533/666/435
f 535/668/434 533/670/434 529/662/434 531/669/434
f 529/662/436 528/663/436 530/671/436 531/669/436
f 530/662/433 528/670/433 532/672/433 534/665/433
f 538/662/437 542/665/437 543/664/437 539/663/437
f 540/663/435 536/664/435 537/667/435 541/666/435
f 543/668/434 541/670/434 537/662/434 539/669/434
f 537/662/436 536/663/436 538/671/436 539/669/436
f 538/662/433 536/670/433 540/672/433 542/665/433
f 546/662/434 547/663/434 551/664/434 550/665/434
f 548/663/433 549/666/433 545/667/433 544/664/433
f 551/668/435 547/669/435 545/662/435 549/670/435
f 545/662/438 547/669/438 546/671/438 544/663/438
f 546/662/437 550/665/437 548/672/437 544/670/437
f 554/662/434 555/663/434 559/664/434 558/665/434
f 556/663/433 557/666/433 553/667/433 552/664/433
f 559/668/435 555/669/435 553/662/435 557/670/435
f 553/662/438 555/669/438 554/671/438 552/663/438
f 554/662/437 558/665/437 556/672/437 552/670/437
f 562/673/436 566/674/436 564/675/436 560/676/436
f 567/673/438 563/674/438 561/675/438 565/676/438
f 570/673/436 574/674/436 572/675/436 568/676/436
f 575/673/438 571/674/438 569/675/438 573/676/438
f 578/673/436 582/674/436 580/675/436 576/676/436
f 583/673/438 579/674/438 577/675/438 581/676/438
f 586/673/436 590/674/436 588/675/436 584/676/436
f 591/673/438 587/674/438 585/675/438 589/676/438
f 594/673/436 598/674/436 596/675/436 592/676/436
f 599/673/438 595/674/438 593/675/438 597/676/438
f 602/673/436 606/674/436 604/675/436 600/676/436
f 607/673/438 603/674/438 601/675/438 605/676/438
f 610/673/436 608/676/436 612/675/436 614/674/436
f 615/673/438 613/676/438 609/675/438 611/674/438
f 618/673/436 616/676/436 620/675/436 622/674/436
f 623/673/438 621/676/438 617/675/438 619/674/438
o FRAME_control_gept
v -2.808417 1.563220 1.216636
v -3.505568 0.848575 1.321607
v -3.479576 1.741882 1.258476
v -2.808417 1.741880 -0.015740
v -3.505568 0.848573 -0.082537
v -3.479576 1.741880 -0.019411
v -3.798577 1.801304 0.959299
v -3.798577 1.801303 0.279764
v -2.808433 0.848039 1.254807
v -2.808432 0.848039 -0.015734
v -2.980485 0.848573 -0.082537
v -2.980485 1.603615 -0.082540
v -3.865215 0.848574 0.251585
v -3.865215 0.848574 0.987485
v -2.771136 1.603617 1.321604
v -3.505568 1.603617 1.321604
v -3.865216 1.603615 0.251581
v -3.505568 1.603614 -0.082540
v -2.980485 0.848575 1.321607
v -3.865216 1.603616 0.987481
v -2.980485 1.603617 1.321604
v -3.072605 1.650596 1.256638
v -3.072605 1.741880 -0.017576
v -3.505569 1.889693 1.321604
v -3.865216 1.889693 0.251581
v -3.505568 1.889693 -0.082540
v -2.983551 1.889693 -0.082540
v -3.482549 1.889693 -0.019411
v -3.865216 1.889693 0.987481
v -2.982526 1.889693 1.254800
v -3.482549 1.889693 1.258476
v -3.804618 1.889693 0.279764
v -2.982525 1.889693 -0.015740
v -3.804618 1.889693 0.959299
v -2.982526 1.889693 1.321604
v -2.770336 0.848040 1.321607
v -2.770336 1.743607 -0.082540
v -2.770336 0.848038 -0.082537
v -2.770336 0.848039 -0.015733
v -2.770336 0.848039 1.254807
v -2.770319 1.601384 1.254800
v -2.770320 1.741374 -0.015740
v -2.768415 0.848038 -0.069305
v -2.996123 1.288759 -0.069305
v -3.740063 0.848038 0.200488
v -3.512355 1.288759 0.200488
v -2.768415 0.848038 -1.344306
v -2.996123 1.288759 -1.344306
v -3.740063 0.848038 -1.344306
v -3.512355 1.288759 -1.344306
v -2.808420 1.563219 0.627045
v -3.479576 1.741881 0.588706
v -2.808432 0.848039 0.588887
v -3.072605 1.650595 0.588881
v -2.808416 1.741880 0.588881
v -2.785157 1.558923 0.026727
v -3.072605 1.741880 0.588793
v -2.808416 1.601384 1.254800
v -2.785157 1.558917 0.546416
v -2.808432 0.886203 1.216643
v -2.808431 0.886203 0.627051
v -3.051991 0.886208 1.216643
v -3.051990 0.886208 0.627051
v -3.051975 1.563225 1.216637
v -3.051978 1.563224 0.627046
v -3.051982 1.224717 0.627048
v -2.829986 1.224711 0.627048
v -3.051983 1.224717 1.216640
v -2.829987 1.224712 1.216640
v -3.051981 1.249493 0.627048
v -2.829985 1.249488 0.627048
v -3.051982 1.249493 1.216640
v -2.829986 1.249488 1.216640
v -2.785168 0.890504 0.546421
v -2.785168 0.890504 0.026731
v -2.808419 1.601390 -0.015739
v -2.808419 1.601383 0.588881
v -2.808431 0.882759 0.018985
v -2.808431 0.882759 0.554167
v -2.808420 1.566670 0.018981
v -2.808420 1.566664 0.554161
vn -0.0000 -0.0000 1.0000
vn -0.0000 -0.0000 -1.0000
vn 0.6834 0.0261 0.7296
vn -0.6806 -0.0000 0.7326
vn 0.1831 0.9831 -0.0000
vn -0.6806 -0.0000 -0.7326
vn -0.0000 1.0000 -0.0000
vn -1.0000 -0.0000 -0.0000
vn 0.5690 0.8223 0.0093
vn -0.0064 -0.0033 -1.0000
vn -0.0061 -0.0044 1.0000
vn 0.2189 0.9758 -0.0000
vn -0.0069 -0.0082 0.9999
vn -0.0078 -0.0047 -1.0000
vn 0.6834 0.0261 -0.7296
vn 0.9977 0.0682 -0.0000
vn 1.0000 0.0005 0.0061
vn 1.0000 -0.0000 -0.0001
vn 0.8048 0.5935 -0.0050
vn -0.8884 0.4590 -0.0000
vn 0.8884 0.4590 -0.0000
vn 0.0269 0.1388 0.9900
vn 0.0260 0.1390 0.9899
vn 0.0258 0.1391 0.9899
vn -0.0204 0.0585 0.9981
vn -0.0190 0.0544 0.9983
vn -0.0200 0.0580 0.9981
vn -0.0191 0.0549 0.9983
vn 1.0000 -0.0000 -0.0000
vn -0.0000 -1.0000 -0.0000
vn 0.3159 -0.9488 -0.0000
vn 0.3159 -0.0000 -0.9488
vn 0.3159 -0.0000 0.9488
vn 0.3159 0.9488 -0.0000
vt 0.597656 0.259766
vt 0.615234 0.259766
vt 0.615234 0.269531
vt 0.597656 0.269531
vt 0.597656 0.312500
vt 0.615234 0.312500
vt 0.617188 0.316406
vt 0.597656 0.316406
vt 0.556641 0.251953
vt 0.546875 0.253906
vt 0.546875 0.250000
vt 0.556641 0.250000
vt 0.615234 0.279297
vt 0.621094 0.269531
vt 0.621094 0.279297
vt 0.587891 0.302734
vt 0.572266 0.302734
vt 0.566406 0.294922
vt 0.597656 0.279297
vt 0.615234 0.292969
vt 0.615234 0.302734
vt 0.597656 0.302734
vt 0.597656 0.292969
vt 0.617188 0.320312
vt 0.613281 0.320312
vt 0.597656 0.320312
vt 0.597656 0.318359
vt 0.617188 0.318359
vt 0.567210 0.258801
vt 0.579373 0.258801
vt 0.531250 0.304688
vt 0.531250 0.306641
vt 0.525391 0.306641
vt 0.525391 0.304688
vt 0.621094 0.292969
vt 0.621094 0.302734
vt 0.589844 0.255859
vt 0.580078 0.253906
vt 0.580078 0.250000
vt 0.591797 0.250000
vt 0.582031 0.283203
vt 0.566406 0.283203
vt 0.566406 0.277344
vt 0.582031 0.277344
vt 0.537109 0.255859
vt 0.535156 0.250000
vt 0.621094 0.259766
vt 0.582031 0.294922
vt 0.566406 0.285156
vt 0.582031 0.285156
vt 0.597656 0.253906
vt 0.615234 0.253906
vt 0.541016 0.306641
vt 0.541016 0.304688
vt 0.587891 0.306641
vt 0.574219 0.306641
vt 0.574219 0.304688
vt 0.587891 0.304688
vt 0.552734 0.306641
vt 0.552734 0.304688
vt 0.564453 0.306641
vt 0.564453 0.304688
vt 0.529297 0.257812
vt 0.621094 0.312500
vt 0.597656 0.257812
vt 0.570312 0.251953
vt 0.570312 0.250000
vt 0.529297 0.267578
vt 0.529297 0.259766
vt 0.533203 0.259766
vt 0.597656 0.251953
vt 0.615234 0.251953
vt 0.597656 0.250000
vt 0.615234 0.250000
vt 0.595703 0.304688
vt 0.595703 0.306641
vt 0.593750 0.257812
vt 0.597656 0.265625
vt 0.660156 0.291016
vt 0.652344 0.291016
vt 0.652344 0.250000
vt 0.660156 0.250000
vt 0.632812 0.281250
vt 0.623047 0.275391
vt 0.623047 0.263672
vt 0.632812 0.259766
vt 0.632812 0.250000
vt 0.640625 0.250000
vt 0.640625 0.283203
vt 0.632812 0.283203
vt 0.580078 0.285156
vt 0.580078 0.283203
vt 0.580078 0.277344
vt 0.594743 0.258803
vt 0.594743 0.274400
vt 0.582991 0.274400
vt 0.582991 0.258803
vt 0.595703 0.294922
vt 0.595703 0.283203
vt 0.595703 0.277344
vt 0.595703 0.285156
vt 0.582031 0.275391
vt 0.595703 0.275391
vt 0.567281 0.276354
vt 0.566406 0.257812
vt 0.581057 0.276355
vt 0.580078 0.257812
vt 0.564453 0.257812
vt 0.572289 0.257812
vt 0.572289 0.267578
vt 0.564453 0.267578
vt 0.572266 0.267578
vt 0.572266 0.281250
vt 0.564453 0.281250
vt 0.574219 0.267578
vt 0.574219 0.281250
vt 0.594918 0.258622
vt 0.582816 0.258622
vt 0.582031 0.257812
vt 0.595703 0.257812
vt 0.594918 0.274581
vt 0.582816 0.274581
s 0
usemtl mat1
f 642/677/439 644/678/439 639/679/439 625/680/439
f 634/681/440 635/682/440 660/683/440 661/684/440
f 631/685/441 629/686/441 651/687/441 655/688/441
f 643/689/442 639/679/442 647/690/442 652/691/442
f 631/692/443 630/693/443 626/694/443
f 625/680/442 639/679/442 643/689/442 637/695/442
f 640/696/444 641/697/444 628/698/444 636/699/444
f 627/700/439 699/701/439 633/702/439 662/703/439 665/704/439
f 683/705/445 684/706/445 686/706/445 685/705/445
f 637/695/446 643/689/446 640/696/446 636/699/446
f 650/707/447 656/708/447 665/709/447 660/710/447
f 641/697/444 640/696/444 648/711/444 649/712/444
f 645/713/448 626/714/448 654/715/448 653/716/448
f 677/717/443 645/718/443 681/719/443 700/720/443
f 629/686/449 646/721/449 656/722/449 651/687/449
f 639/679/439 644/678/439 658/723/439 647/690/439
f 628/698/440 641/697/440 635/682/440 634/681/440
f 675/724/450 626/694/450 645/725/450 677/726/450
f 659/727/439 638/728/439 644/678/439 642/677/439
f 651/729/445 656/708/445 650/707/445 649/730/445
f 653/731/445 654/732/445 647/733/445 658/734/445
f 655/735/445 651/729/445 649/730/445 648/736/445
f 654/732/445 657/737/445 652/738/445 647/733/445
f 657/737/445 655/735/445 648/736/445 652/738/445
f 640/696/446 643/689/446 652/691/446 648/711/446
f 646/721/451 627/739/451 656/722/451
f 644/678/439 638/728/439 658/723/439
f 635/682/440 641/697/440 649/712/440 650/740/440
f 660/683/440 635/682/440 650/740/440
f 681/741/452 645/713/452 653/716/452
f 626/714/453 630/742/453 657/743/453 654/715/453
f 627/744/439 665/745/439 656/746/439
f 630/742/454 631/685/454 655/688/454 657/743/454
f 663/747/455 664/748/455 638/728/455 659/727/455
f 661/684/456 660/683/456 665/704/456 662/703/456
f 632/749/440 681/750/440 664/748/440 663/747/440
f 638/751/457 664/752/457 653/731/457 658/734/457
f 653/753/440 664/741/440 681/754/440
f 626/694/443 675/724/443 631/692/443
f 668/755/458 669/756/458 673/757/458 672/758/458
f 672/759/440 673/760/440 671/761/440 670/762/440
f 670/763/459 671/764/459 667/765/459 666/766/459
f 673/757/445 669/756/445 667/765/445 671/764/445
f 675/724/460 677/767/461 680/726/462
f 680/717/463 677/768/464 700/769/465 678/720/466
f 698/770/467 679/771/467 682/772/467 697/773/467
f 631/692/443 675/724/443 629/774/443
f 646/775/445 680/717/445 678/720/445 627/776/445
f 629/774/445 675/724/445 680/726/445 646/777/445
f 700/778/467 699/779/467 627/776/467 678/720/467
f 683/705/467 624/780/467 681/719/467 632/781/467
f 624/780/467 674/782/467 700/720/467 681/719/467
f 684/706/467 683/705/467 632/781/467 676/783/467
f 674/782/467 684/706/467 676/783/467 700/720/467
f 686/706/467 688/782/467 687/780/467 685/705/467
f 684/706/439 674/782/439 688/782/439 686/706/439
f 674/782/468 624/780/468 687/780/468 688/782/468
f 624/780/440 683/705/440 685/705/440 687/780/440
f 689/784/468 690/785/468 692/786/468 691/787/468
f 695/787/445 696/788/445 694/789/445 693/790/445
f 696/788/467 692/791/467 690/792/467 694/789/467
f 701/793/467 702/794/467 676/795/467 633/796/467
f 703/797/467 701/793/467 633/796/467 699/779/467
f 702/794/467 704/798/467 700/778/467 676/795/467
f 704/798/467 703/797/467 699/779/467 700/778/467
f 698/770/469 697/773/469 702/794/469 701/793/469
f 679/771/470 698/770/470 701/793/470 703/797/470
f 697/773/471 682/772/471 704/798/471 702/794/471
f 682/772/472 679/771/472 703/797/472 704/798/472
o FRAME_gept
v 3.592919 0.848577 0.000275
v 3.592919 0.848576 -1.312225
v -3.913061 0.848573 -1.312225
v -3.913061 0.848577 1.312775
v 3.592919 0.848579 1.312775
v -3.913061 0.848575 0.000275
v -3.913061 0.817325 -0.312225
v -3.913061 0.817323 -1.312225
v 3.592919 0.817326 -1.312225
v 3.592919 0.817327 -0.312225
v -3.913061 0.817325 0.312775
v 3.592919 0.817327 0.312775
v 3.592919 0.817329 1.312775
v -3.913061 0.817327 1.312775
v -3.913061 0.411075 0.312776
v -3.913061 0.411075 -0.312224
v -1.163061 0.411076 -0.312224
v -1.163061 0.411076 0.312776
v -1.163061 0.411076 -0.312224
v -3.913061 0.411075 -0.312224
v -3.913061 0.473575 -0.312224
v -1.163061 0.473576 -0.312224
v -1.163061 0.473576 0.312776
v -3.913061 0.473575 0.312776
v -3.913061 0.473575 -0.249724
v -1.163061 0.473576 -0.249724
v -1.163061 0.473576 0.250276
v -3.913061 0.473575 0.250276
v 0.842920 0.411076 -0.312224
v 3.592920 0.411077 -0.312224
v 3.592920 0.411077 0.312776
v 0.842920 0.411076 0.312776
v 3.592920 0.473577 -0.312224
v 3.592920 0.411077 -0.312224
v 0.842920 0.411076 -0.312224
v 0.842919 0.473576 -0.312224
v 0.842919 0.473576 0.312776
v 3.592920 0.473577 0.312776
v 3.592920 0.473577 -0.249724
v 0.842919 0.473576 -0.249724
v 0.842919 0.473576 0.250276
v 3.592920 0.473577 0.250276
v 3.592919 0.848577 0.312775
v 3.592919 0.848577 -0.312225
v -3.913061 0.848575 -0.312225
v -3.913061 0.848575 0.312775
v 3.592919 0.786077 0.312775
v -3.913061 0.786075 0.312775
v -3.913061 0.786075 -0.312225
v 3.592919 0.786077 -0.312225
v 3.592919 0.786077 0.250275
v -3.913061 0.786075 0.250275
v -3.913061 0.786075 -0.249725
v 3.592919 0.786077 -0.249725
v 3.592920 0.473577 -0.249724
v 0.842919 0.473576 -0.249724
v -3.913061 0.473575 -0.249724
v -1.163061 0.473576 -0.249724
v 3.592920 0.473577 0.250276
v 0.842919 0.473576 0.250276
v -1.163061 0.473576 0.250276
v -3.913061 0.473575 0.250276
v -3.913061 0.473576 1.500276
v -3.913061 0.473577 1.312776
v -1.038061 0.473578 1.312776
v -1.038061 0.473577 1.500276
v -3.913061 0.536076 1.500275
v -1.038061 0.536077 1.500275
v -3.913061 0.536076 1.437775
v -3.913061 0.536076 1.500275
v -1.038061 0.536077 1.500275
v -1.038061 0.536077 1.437775
v 0.717918 0.473578 1.312776
v 3.592920 0.473579 1.312776
v 3.592920 0.473579 1.500276
v 0.717918 0.473578 1.500276
v 3.592919 0.536079 1.500275
v 0.717918 0.536078 1.500275
v 0.717918 0.536078 1.500275
v 3.592919 0.536079 1.500275
v 3.592919 0.536079 1.437775
v 0.717918 0.536078 1.437775
v 3.592919 0.848579 1.500275
v 3.592919 0.848579 1.312775
v -3.913061 0.848577 1.312775
v -3.913061 0.848576 1.500275
v 3.592919 0.786079 1.500275
v -3.913061 0.786076 1.500275
v 3.592919 0.786079 1.437775
v -3.913061 0.786076 1.437775
v -3.913061 0.536076 1.437775
v -1.038061 0.536077 1.437775
v 3.592919 0.536079 1.437775
v 0.717918 0.536078 1.437775
v 0.717918 0.473578 1.312776
v 3.592920 0.473579 1.312776
v -1.038061 0.473578 1.312776
v -3.913061 0.473577 1.312776
v -1.038061 0.473574 -1.312224
v -3.913061 0.473573 -1.312224
v -3.913061 0.473573 -1.499724
v -1.038061 0.473574 -1.499724
v -3.913061 0.536073 -1.499725
v -1.038061 0.536074 -1.499725
v -1.038061 0.536074 -1.499725
v -3.913061 0.536073 -1.499725
v -3.913061 0.536073 -1.437225
v -1.038061 0.536074 -1.437225
v 3.592920 0.473576 -1.499724
v 3.592920 0.473576 -1.312224
v 0.717918 0.473575 -1.312224
v 0.717918 0.473575 -1.499724
v 3.592919 0.536076 -1.499725
v 0.717918 0.536075 -1.499725
v 3.592919 0.536076 -1.437225
v 3.592919 0.536076 -1.499725
v 0.717918 0.536075 -1.499725
v 0.717918 0.536075 -1.437225
v -3.913061 0.848573 -1.312225
v 3.592919 0.848576 -1.312225
v 3.592919 0.848576 -1.499725
v -3.913061 0.848573 -1.499725
v 3.592919 0.786076 -1.499725
v -3.913061 0.786073 -1.499725
v 3.592919 0.786076 -1.437225
v -3.913061 0.786073 -1.437225
v -3.913061 0.536073 -1.437225
v -1.038061 0.536074 -1.437225
v 3.592919 0.536076 -1.437225
v 0.717918 0.536075 -1.437225
v 0.717918 0.473575 -1.312224
v 3.592920 0.473576 -1.312224
v -1.038061 0.473574 -1.312224
v -3.913061 0.473573 -1.312224
v -3.913061 0.473573 -1.499724
v -4.038061 0.473573 -1.499724
v -4.038061 0.848573 -1.499725
v -3.913061 0.848573 -1.499725
v -4.038061 0.473573 -1.499724
v -4.038061 0.473576 1.500276
v -4.038061 0.848576 1.500275
v -4.038061 0.848573 -1.499725
v -3.913061 0.473576 1.500276
v -3.913061 0.473573 -1.499724
v -3.913061 0.848573 -1.499725
v -3.913061 0.848576 1.500275
v -3.913061 0.848573 -1.499725
v -4.038061 0.848573 -1.499725
v -4.038061 0.848576 1.500275
v -3.913061 0.848576 1.500275
v -4.038061 0.473573 -1.499724
v -3.913061 0.473573 -1.499724
v -3.913061 0.286074 -1.374724
v -4.038061 0.286074 -1.374724
v -4.038061 0.473576 1.500276
v -4.038061 0.473573 -1.499724
v -4.038061 0.286074 -1.374724
v -4.038061 0.286076 1.375276
v -3.913061 0.473576 1.500276
v -4.038061 0.473576 1.500276
v -4.038061 0.286076 1.375276
v -3.913061 0.286076 1.375276
v -3.913061 0.473573 -1.499724
v -3.913061 0.473576 1.500276
v -3.913061 0.286076 1.375276
v -3.913061 0.286074 -1.374724
v -3.913061 0.286076 1.375276
v -3.913061 0.286074 -1.374724
v 3.717919 0.848576 -1.499725
v 3.717920 0.473576 -1.499724
v 3.592920 0.473576 -1.499724
v 3.592919 0.848576 -1.499725
v 3.717919 0.848579 1.500275
v 3.717920 0.473579 1.500276
v 3.717920 0.473576 -1.499724
v 3.717919 0.848576 -1.499725
v 3.592919 0.848579 1.500275
v 3.592920 0.473579 1.500276
v 3.717920 0.473579 1.500276
v 3.717919 0.848579 1.500275
v 3.592919 0.848576 -1.499725
v 3.592920 0.473576 -1.499724
v 3.592920 0.473579 1.500276
v 3.592919 0.848579 1.500275
v 3.717919 0.848579 1.500275
v 3.717919 0.848576 -1.499725
v 3.592919 0.848576 -1.499725
v 3.592919 0.848579 1.500275
v 3.592920 0.286076 -1.374724
v 3.592920 0.473576 -1.499724
v 3.717920 0.473576 -1.499724
v 3.717920 0.286076 -1.374724
v 3.717920 0.286076 -1.374724
v 3.717920 0.473576 -1.499724
v 3.717920 0.473579 1.500276
v 3.717920 0.286078 1.375276
v 3.717920 0.286078 1.375276
v 3.717920 0.473579 1.500276
v 3.592920 0.473579 1.500276
v 3.592920 0.286078 1.375276
v 3.592920 0.286078 1.375276
v 3.592920 0.473579 1.500276
v 3.592920 0.473576 -1.499724
v 3.592920 0.286076 -1.374724
v -4.038061 0.473576 1.500276
v -3.913061 0.473576 1.500276
v -3.913061 0.848576 1.500275
v -4.038061 0.848576 1.500275
v -4.038061 0.634418 -0.312225
v -4.038061 0.634418 0.312775
v -4.163061 0.634418 0.250275
v -4.163061 0.634418 -0.249725
v -4.038061 0.696918 -0.312225
v -4.038061 0.634418 -0.312225
v -4.163061 0.696918 -0.249725
v -4.038061 0.696918 0.312775
v -4.038061 0.696918 -0.312225
v -4.163061 0.696918 0.250275
v -4.038061 0.634418 0.312775
v -4.038061 0.696918 0.312775
v -4.038061 0.384418 -0.312224
v -4.038061 0.384419 0.312776
v -4.163061 0.384419 0.250275
v -4.163061 0.384418 -0.249724
v -4.038061 0.446918 -0.312225
v -4.038061 0.384418 -0.312224
v -4.163061 0.446918 -0.249725
v -4.038061 0.446918 0.312775
v -4.038061 0.446918 -0.312225
v -4.163061 0.446918 0.250275
v -4.038061 0.384419 0.312776
v -4.038061 0.446918 0.312775
v -4.131811 0.353168 0.156526
v -4.131811 0.353169 0.219026
v -4.131811 0.728168 0.219025
v -4.131811 0.728168 0.156525
v -4.069312 0.353168 0.156526
v -4.069312 0.728168 0.156525
v -4.069312 0.353169 0.219026
v -4.069312 0.728168 0.219025
v -4.069312 0.353169 0.219026
v -4.069312 0.728168 0.219025
v -4.069312 0.728168 0.219025
v -4.069312 0.728168 0.156525
v -4.069312 0.353169 0.219026
v -4.069312 0.353168 0.156526
v -4.131811 0.728168 -0.218474
v -4.131811 0.353168 -0.218473
v -4.131811 0.353168 -0.155973
v -4.131811 0.728168 -0.155974
v -4.069312 0.353168 -0.155973
v -4.069312 0.728168 -0.155974
v -4.069312 0.728168 -0.155974
v -4.069312 0.353168 -0.155973
v -4.069312 0.353168 -0.218473
v -4.069312 0.728168 -0.218474
v -4.069312 0.728168 -0.155974
v -4.069312 0.728168 -0.218474
v -4.069312 0.353168 -0.218473
v -4.069312 0.353168 -0.155973
v -4.288061 0.446918 -0.109100
v -4.288061 0.446918 0.078400
v -4.413056 0.446918 0.140901
v -4.413056 0.446918 -0.109099
v -4.288061 0.634418 -0.109100
v -4.288061 0.446918 -0.109100
v -4.413056 0.446918 -0.109099
v -4.413056 0.634418 -0.109099
v -4.288061 0.634418 0.078400
v -4.288061 0.634418 -0.109100
v -4.413056 0.634418 -0.109099
v -4.413056 0.634418 0.140901
v -4.288061 0.446918 0.078400
v -4.288061 0.634418 0.078400
v -4.413056 0.634418 0.140901
v -4.413056 0.446918 0.140901
v -4.475556 0.446918 0.203401
v -4.475556 0.446918 -0.109099
v -4.475556 0.634418 -0.109099
v -4.475556 0.634418 0.203401
v -4.475556 0.634418 0.203401
v -4.475556 0.446918 0.203401
v -4.663056 0.634418 0.265901
v -4.663056 0.446918 0.265901
v -4.788056 0.634418 0.265901
v -4.788056 0.446918 0.265901
v -4.663056 0.634418 0.140901
v -4.663056 0.446918 0.140901
v -4.718957 0.446918 0.112950
v -4.718957 0.634418 0.112950
v -4.593957 0.634418 0.106352
v -4.593957 0.446918 0.106352
v -4.663056 0.634418 -0.031845
v -4.663056 0.446918 -0.031845
v -4.788056 0.634418 0.265901
v -4.663056 0.634418 0.265901
v -4.663056 0.634418 0.140901
v -4.718957 0.634418 0.112950
v -4.593957 0.634418 0.106352
v -4.663056 0.446918 0.140901
v -4.663056 0.446918 0.265901
v -4.788056 0.446918 0.265901
v -4.718957 0.446918 0.112950
v -4.593957 0.446918 0.106352
v -3.850562 0.446918 0.047150
v -3.850562 0.634418 0.047150
v -3.850562 0.634418 0.047150
v -3.850562 0.634418 -0.077850
v -3.850562 0.634418 -0.077850
v -3.850562 0.446918 -0.077850
v -3.850562 0.446918 -0.077850
v -3.850562 0.446918 0.047150
v -4.663056 0.634418 -0.031845
v -4.663056 0.446918 -0.031845
v -4.651956 0.290668 -0.163603
v -4.628118 0.290668 -0.105826
v -4.743670 0.290668 -0.058156
v -4.767510 0.290668 -0.115933
v -4.651956 0.790668 -0.163603
v -4.767510 0.790668 -0.115934
v -4.628118 0.790668 -0.105827
v -4.743670 0.790668 -0.058157
v -4.743670 0.790668 -0.058157
v -4.767510 0.790668 -0.115934
v -4.767510 0.290668 -0.115933
v -4.743670 0.290668 -0.058156
v -4.628118 0.790668 -0.105827
v -4.628118 0.290668 -0.105826
v -4.719836 0.290668 -0.000379
v -4.719836 0.790668 -0.000380
v -4.719836 0.790668 -0.000380
v -4.604281 0.790668 -0.048050
v -4.604281 0.790668 -0.048050
v -4.604281 0.290668 -0.048049
v -4.604281 0.290668 -0.048049
v -4.719836 0.290668 -0.000379
v -4.718957 0.446918 0.112950
v -4.663056 0.446918 0.140901
v -4.663056 0.384418 0.140901
v -4.718957 0.384418 0.112950
v -4.663056 0.634418 0.140901
v -4.718957 0.634418 0.112950
v -4.718957 0.696918 0.112950
v -4.663056 0.696918 0.140901
v -4.593957 0.446918 0.106352
v -4.593957 0.384418 0.106352
v -4.510104 0.446918 0.134302
v -4.663056 0.446918 0.210778
v -4.663056 0.384419 0.210778
v -4.510104 0.384418 0.134302
v -4.510104 0.384418 0.134302
v -4.663056 0.384419 0.210778
v -4.663056 0.384418 0.140901
v -4.593957 0.384418 0.106352
v -4.593957 0.634418 0.106352
v -4.593957 0.696918 0.106352
v -4.663056 0.634418 0.210778
v -4.510104 0.634418 0.134302
v -4.510104 0.696918 0.134302
v -4.663056 0.696918 0.210778
v -4.663056 0.696918 0.210778
v -4.510104 0.696918 0.134302
v -4.593957 0.696918 0.106352
v -4.663056 0.696918 0.140901
v -4.663056 0.446918 -0.031845
v -4.663056 0.384418 -0.031845
v -4.607154 0.446918 -0.059796
v -4.607154 0.384418 -0.059796
v -4.607154 0.384418 -0.059796
v -4.663056 0.384418 -0.031845
v -4.663056 0.634418 -0.031845
v -4.663056 0.696918 -0.031845
v -4.607154 0.634418 -0.059796
v -4.607154 0.696918 -0.059796
v -4.607154 0.696918 -0.059796
v -4.663056 0.696918 -0.031845
v -4.744641 0.446918 0.169801
v -4.744641 0.384418 0.169801
v -4.744641 0.696918 0.169801
v -4.744641 0.634418 0.169801
v -4.688781 0.696918 0.197878
v -4.688781 0.696918 0.197878
v -4.663056 0.696918 0.140901
v -4.718957 0.696918 0.112950
v -4.744641 0.696918 0.169801
v -4.688781 0.696918 0.197878
v -4.688764 0.634418 0.197924
v -4.731099 0.634418 0.291632
v -4.788056 0.634418 0.265901
v -4.731099 0.634418 0.291632
v -4.788056 0.634418 0.265901
v -4.788056 0.446918 0.265901
v -4.688781 0.384418 0.197878
v -4.688764 0.384418 0.197924
v -4.744641 0.384418 0.169801
v -4.718957 0.384418 0.112950
v -4.663056 0.384418 0.140901
v -4.688764 0.446918 0.197924
v -4.688764 0.384418 0.197924
v -4.688764 0.446918 0.197924
v -4.731099 0.446918 0.291632
v -4.688781 0.384418 0.197878
v -4.731099 0.446918 0.291632
v -4.788056 0.446918 0.265901
v -4.744641 0.384418 0.169801
v -4.688781 0.384418 0.197878
v -4.568656 0.302956 0.008005
v -4.568656 0.740456 0.008005
v -4.693656 0.740456 0.008005
v -4.693656 0.365455 0.008005
v -4.756156 0.365455 -0.116995
v -4.693789 0.365455 -0.116995
v -4.693656 0.365455 0.008005
v -4.568656 0.740456 -0.116996
v -4.568656 0.302956 -0.116995
v -4.693789 0.365455 -0.116995
v -4.693621 0.740456 -0.116996
v -4.568656 0.740456 0.008005
v -4.568656 0.740456 -0.116996
v -4.693621 0.740456 -0.116996
v -4.693656 0.740456 0.008005
v -4.756156 0.740456 -0.116996
v -4.756156 0.365455 -0.116995
v -4.381161 0.302956 0.008005
v -4.318662 0.740456 0.008005
v -4.318662 0.740456 0.008005
v -4.318662 0.740456 -0.116996
v -4.318662 0.740456 -0.116996
v -4.381161 0.302956 -0.116995
v -4.568656 0.302956 0.008005
v -4.568656 0.302956 -0.116995
v -4.381161 0.302956 -0.116995
v -4.381161 0.302956 0.008005
v -4.256161 0.427956 0.008005
v -4.256161 0.677956 0.008005
v -4.256161 0.677956 -0.116995
v -4.256161 0.427956 -0.116995
v -4.474488 0.508255 -0.195364
v -4.533645 0.510381 -0.175315
v -4.513558 0.511342 -0.116139
v -4.454402 0.509216 -0.136188
v -4.090043 0.243789 -0.255597
v -4.143053 0.216301 -0.237152
v -4.163143 0.215341 -0.296327
v -4.110132 0.242829 -0.314773
v -4.199848 0.188829 -0.217424
v -4.219942 0.187868 -0.276599
v -4.264204 0.173113 -0.195318
v -4.284290 0.172153 -0.254493
v -4.330037 0.173869 -0.172979
v -4.350125 0.172910 -0.232153
v -4.397319 0.202118 -0.150592
v -4.417403 0.201159 -0.209767
v -4.447312 0.253224 -0.134444
v -4.467404 0.252264 -0.193620
v -4.476756 0.314174 -0.125438
v -4.496844 0.313215 -0.184613
v -4.498566 0.377361 -0.119058
v -4.518651 0.376402 -0.178234
v -4.511039 0.443977 -0.115901
v -4.531129 0.443018 -0.175077
v -4.513558 0.511342 -0.116139
v -4.533645 0.510381 -0.175315
v -4.474488 0.508255 -0.195364
v -4.472352 0.449991 -0.195144
v -4.531129 0.443018 -0.175077
v -4.533645 0.510381 -0.175315
v -4.461675 0.392990 -0.197846
v -4.518651 0.376402 -0.178234
v -4.442533 0.337746 -0.203450
v -4.496844 0.313215 -0.184613
v -4.419257 0.288338 -0.210551
v -4.467404 0.252264 -0.193620
v -4.384922 0.253217 -0.221639
v -4.417403 0.201159 -0.209767
v -4.342799 0.234880 -0.235647
v -4.350125 0.172910 -0.232153
v -4.291000 0.234280 -0.253225
v -4.284290 0.172153 -0.254493
v -4.240298 0.246659 -0.270640
v -4.219942 0.187868 -0.276599
v -4.189453 0.271463 -0.288305
v -4.163143 0.215341 -0.296327
v -4.136442 0.298951 -0.306750
v -4.110132 0.242829 -0.314773
v -4.116352 0.299912 -0.247575
v -4.169363 0.272423 -0.229131
v -4.143053 0.216301 -0.237152
v -4.090043 0.243789 -0.255597
v -4.220209 0.247618 -0.211465
v -4.199848 0.188829 -0.217424
v -4.270908 0.235239 -0.194049
v -4.264204 0.173113 -0.195318
v -4.322707 0.235839 -0.176472
v -4.330037 0.173869 -0.172979
v -4.364843 0.254177 -0.162464
v -4.397319 0.202118 -0.150592
v -4.399167 0.289297 -0.151376
v -4.447312 0.253224 -0.134444
v -4.422439 0.338706 -0.144275
v -4.476756 0.314174 -0.125438
v -4.441586 0.393948 -0.138671
v -4.498566 0.377361 -0.119058
v -4.452266 0.450951 -0.135969
v -4.511039 0.443977 -0.115901
v -4.454402 0.509216 -0.136188
v -4.513558 0.511342 -0.116139
v -4.454402 0.509216 -0.136188
v -4.452266 0.450951 -0.135969
v -4.472352 0.449991 -0.195144
v -4.474488 0.508255 -0.195364
v -4.441586 0.393948 -0.138671
v -4.461675 0.392990 -0.197846
v -4.422439 0.338706 -0.144275
v -4.442533 0.337746 -0.203450
v -4.399167 0.289297 -0.151376
v -4.419257 0.288338 -0.210551
v -4.364843 0.254177 -0.162464
v -4.384922 0.253217 -0.221639
v -4.322707 0.235839 -0.176472
v -4.342799 0.234880 -0.235647
v -4.270908 0.235239 -0.194049
v -4.291000 0.234280 -0.253225
v -4.220209 0.247618 -0.211465
v -4.240298 0.246659 -0.270640
v -4.169363 0.272423 -0.229131
v -4.189453 0.271463 -0.288305
v -4.116352 0.299912 -0.247575
v -4.136442 0.298951 -0.306750
v -4.136442 0.298951 -0.306750
v -4.110132 0.242829 -0.314773
v -4.506156 0.490456 -0.179495
v -4.506156 0.490456 -0.116995
v -4.506156 0.552956 -0.116995
v -4.506156 0.552956 -0.179495
v -4.443656 0.552956 -0.116995
v -4.443656 0.552956 -0.179495
v -4.318662 0.490456 -0.116995
v -4.318662 0.490456 -0.179495
v -4.318662 0.552956 -0.179495
v -4.318662 0.552956 -0.116995
v -4.318662 0.677956 -0.116995
v -4.443656 0.677956 -0.116995
v -4.318662 0.677956 -0.116995
v -4.443656 0.552956 -0.179495
v -4.443656 0.677956 -0.116995
v -4.318662 0.490456 -0.116995
v -4.506156 0.490456 -0.116995
v -4.756156 0.740456 -0.116996
v -4.756156 0.365455 -0.116995
v -4.756156 0.740456 -0.116996
v 3.717919 0.634420 0.312776
v 3.717919 0.634420 -0.312224
v 3.842919 0.634420 -0.249723
v 3.842919 0.634420 0.250276
v 3.717919 0.696920 0.312776
v 3.717919 0.634420 0.312776
v 3.842919 0.696920 0.250276
v 3.717919 0.696920 -0.312223
v 3.717919 0.696920 0.312776
v 3.842919 0.696920 -0.249723
v 3.717919 0.634420 -0.312224
v 3.717919 0.696920 -0.312223
v 3.717920 0.384420 0.312777
v 3.717920 0.384420 -0.312223
v 3.842920 0.384420 -0.249723
v 3.842920 0.384420 0.250277
v 3.717920 0.446920 0.312777
v 3.717920 0.384420 0.312777
v 3.842920 0.446920 0.250277
v 3.717920 0.446920 -0.312223
v 3.717920 0.446920 0.312777
v 3.842920 0.446920 -0.249723
v 3.717920 0.384420 -0.312223
v 3.717920 0.446920 -0.312223
v 3.811670 0.353170 -0.155973
v 3.811670 0.353170 -0.218473
v 3.811669 0.728170 -0.218473
v 3.811669 0.728170 -0.155973
v 3.749170 0.353170 -0.155973
v 3.749169 0.728170 -0.155973
v 3.749170 0.353170 -0.218473
v 3.749169 0.728170 -0.218473
v 3.749170 0.353170 -0.218473
v 3.749169 0.728170 -0.218473
v 3.749169 0.728170 -0.218473
v 3.749169 0.728170 -0.155973
v 3.749170 0.353170 -0.218473
v 3.749170 0.353170 -0.155973
v 3.811669 0.728170 0.219026
v 3.811670 0.353170 0.219026
v 3.811670 0.353170 0.156526
v 3.811669 0.728170 0.156526
v 3.749170 0.353170 0.156526
v 3.749169 0.728170 0.156526
v 3.749169 0.728170 0.156526
v 3.749170 0.353170 0.156526
v 3.749170 0.353170 0.219026
v 3.749169 0.728170 0.219026
v 3.749169 0.728170 0.156526
v 3.749169 0.728170 0.219026
v 3.749170 0.353170 0.219026
v 3.749170 0.353170 0.156526
v 3.967920 0.446920 0.109652
v 3.967920 0.446920 -0.077848
v 4.092924 0.446920 -0.140349
v 4.092924 0.446920 0.109651
v 3.967919 0.634420 0.109652
v 3.967920 0.446920 0.109652
v 4.092924 0.446920 0.109651
v 4.092924 0.634420 0.109651
v 3.967919 0.634420 -0.077848
v 3.967919 0.634420 0.109652
v 4.092924 0.634420 0.109651
v 4.092924 0.634420 -0.140349
v 3.967920 0.446920 -0.077848
v 3.967919 0.634420 -0.077848
v 4.092924 0.634420 -0.140349
v 4.092924 0.446920 -0.140349
v 4.155424 0.446920 -0.202849
v 4.155424 0.446920 0.109651
v 4.155424 0.634420 0.109651
v 4.155424 0.634420 -0.202849
v 4.155424 0.634420 -0.202849
v 4.155424 0.446920 -0.202849
v 4.342924 0.634421 -0.265349
v 4.342924 0.446921 -0.265349
v 4.467926 0.634421 -0.265349
v 4.467926 0.446921 -0.265349
v 4.342924 0.634421 -0.140349
v 4.342924 0.446921 -0.140349
v 4.398827 0.446921 -0.112398
v 4.398827 0.634421 -0.112398
v 4.273827 0.634421 -0.105800
v 4.273827 0.446921 -0.105800
v 4.342924 0.634421 0.032397
v 4.342924 0.446921 0.032397
v 4.467926 0.634421 -0.265349
v 4.342924 0.634421 -0.265349
v 4.342924 0.634421 -0.140349
v 4.398827 0.634421 -0.112398
v 4.273827 0.634421 -0.105800
v 4.342924 0.446921 -0.140349
v 4.342924 0.446921 -0.265349
v 4.467926 0.446921 -0.265349
v 4.398827 0.446921 -0.112398
v 4.273827 0.446921 -0.105800
v 3.530420 0.446920 -0.046598
v 3.530419 0.634420 -0.046598
v 3.530419 0.634420 -0.046598
v 3.530419 0.634420 0.078402
v 3.530419 0.634420 0.078402
v 3.530420 0.446920 0.078402
v 3.530420 0.446920 0.078402
v 3.530420 0.446920 -0.046598
v 4.342924 0.634421 0.032397
v 4.342924 0.446921 0.032397
v 4.331825 0.290671 0.164155
v 4.307985 0.290671 0.106378
v 4.423540 0.290671 0.058708
v 4.447380 0.290671 0.116485
v 4.331825 0.790671 0.164155
v 4.447380 0.790671 0.116485
v 4.307985 0.790671 0.106378
v 4.423540 0.790671 0.058708
v 4.423540 0.790671 0.058708
v 4.447380 0.790671 0.116485
v 4.447380 0.290671 0.116485
v 4.423540 0.290671 0.058708
v 4.307985 0.790671 0.106378
v 4.307985 0.290671 0.106378
v 4.399704 0.290671 0.000932
v 4.399704 0.790671 0.000931
v 4.399704 0.790671 0.000931
v 4.284151 0.790671 0.048601
v 4.284151 0.790671 0.048601
v 4.284151 0.290671 0.048601
v 4.284151 0.290671 0.048601
v 4.399704 0.290671 0.000932
v 4.398827 0.446921 -0.112398
v 4.342924 0.446921 -0.140349
v 4.342924 0.384421 -0.140349
v 4.398827 0.384421 -0.112398
v 4.342924 0.634421 -0.140349
v 4.398827 0.634421 -0.112398
v 4.398827 0.696921 -0.112398
v 4.342924 0.696921 -0.140349
v 4.273827 0.446921 -0.105800
v 4.273827 0.384420 -0.105800
v 4.189973 0.446921 -0.133751
v 4.342924 0.446921 -0.210226
v 4.342924 0.384421 -0.210226
v 4.189973 0.384420 -0.133751
v 4.189973 0.384420 -0.133751
v 4.342924 0.384421 -0.210226
v 4.342924 0.384421 -0.140349
v 4.273827 0.384420 -0.105800
v 4.273827 0.634421 -0.105800
v 4.273827 0.696921 -0.105800
v 4.342924 0.634421 -0.210226
v 4.189973 0.634421 -0.133751
v 4.189973 0.696921 -0.133751
v 4.342924 0.696921 -0.210226
v 4.342924 0.696921 -0.210226
v 4.189973 0.696921 -0.133751
v 4.273827 0.696921 -0.105800
v 4.342924 0.696921 -0.140349
v 4.342924 0.446921 0.032397
v 4.342924 0.384421 0.032397
v 4.287024 0.446921 0.060348
v 4.287024 0.384421 0.060348
v 4.287024 0.384421 0.060348
v 4.342924 0.384421 0.032397
v 4.342924 0.634421 0.032397
v 4.342924 0.696921 0.032397
v 4.287024 0.634421 0.060348
v 4.287024 0.696921 0.060348
v 4.287024 0.696921 0.060348
v 4.342924 0.696921 0.032397
v 4.424509 0.446921 -0.169249
v 4.424509 0.384421 -0.169249
v 4.424509 0.696921 -0.169249
v 4.424509 0.634421 -0.169249
v 4.368650 0.696921 -0.197327
v 4.368650 0.696921 -0.197327
v 4.342924 0.696921 -0.140349
v 4.398827 0.696921 -0.112398
v 4.424509 0.696921 -0.169249
v 4.368650 0.696921 -0.197327
v 4.368633 0.634421 -0.197372
v 4.410967 0.634421 -0.291081
v 4.467926 0.634421 -0.265349
v 4.410967 0.634421 -0.291081
v 4.467926 0.634421 -0.265349
v 4.467926 0.446921 -0.265349
v 4.368650 0.384421 -0.197327
v 4.368633 0.384421 -0.197372
v 4.424509 0.384421 -0.169249
v 4.398827 0.384421 -0.112398
v 4.342924 0.384421 -0.140349
v 4.368633 0.446921 -0.197372
v 4.368633 0.384421 -0.197372
v 4.368633 0.446921 -0.197372
v 4.410967 0.446921 -0.291080
v 4.368650 0.384421 -0.197327
v 4.410967 0.446921 -0.291080
v 4.467926 0.446921 -0.265349
v 4.424509 0.384421 -0.169249
v 4.368650 0.384421 -0.197327
v 4.248526 0.302958 -0.007453
v 4.248526 0.740459 -0.007453
v 4.373526 0.740459 -0.007453
v 4.373526 0.365458 -0.007453
v 4.436026 0.365458 0.117547
v 4.373659 0.365458 0.117547
v 4.373526 0.365458 -0.007453
v 4.248526 0.740459 0.117547
v 4.248526 0.302958 0.117547
v 4.373659 0.365458 0.117547
v 4.373491 0.740459 0.117547
v 4.248526 0.740459 -0.007453
v 4.248526 0.740459 0.117547
v 4.373491 0.740459 0.117547
v 4.373526 0.740459 -0.007453
v 4.436026 0.740459 0.117547
v 4.436026 0.365458 0.117547
v 4.061022 0.302958 -0.007453
v 3.998521 0.740458 -0.007453
v 3.998521 0.740458 -0.007453
v 3.998521 0.740458 0.117547
v 3.998521 0.740458 0.117547
v 4.061022 0.302958 0.117547
v 4.248526 0.302958 -0.007453
v 4.248526 0.302958 0.117547
v 4.061022 0.302958 0.117547
v 4.061022 0.302958 -0.007453
v 3.936021 0.427958 -0.007453
v 3.936021 0.677958 -0.007453
v 3.936021 0.677958 0.117547
v 3.936021 0.427958 0.117547
v 3.865350 0.434099 1.297661
v 3.740350 0.434099 1.297661
v 3.740350 0.314472 1.333913
v 3.865350 0.314472 1.333913
v 3.865350 0.397847 1.178034
v 3.865350 0.278220 1.214286
v 3.740350 0.314472 1.333913
v 3.740350 0.278220 1.214286
v 3.740350 0.397847 1.178034
v 3.740350 0.278220 1.214286
v 3.740350 0.397847 1.178034
v 3.740350 0.434099 1.297661
v 3.740350 0.434099 1.297661
v 3.740350 0.397847 1.178034
v 3.717783 0.343400 1.290021
v 3.717783 0.325275 1.230207
v 3.780283 0.325275 1.230207
v 3.780283 0.343400 1.290021
v 3.717783 0.463028 1.253769
v 3.717783 0.343400 1.290021
v 3.780283 0.463028 1.253769
v 3.717783 0.325275 1.230207
v 3.717783 0.444902 1.193955
v 3.780283 0.444902 1.193955
v 3.717783 0.582654 1.217517
v 3.717783 0.564529 1.157703
v 3.717783 0.564529 1.157703
v 3.717783 0.582654 1.217517
v 3.865350 0.227850 0.618911
v 3.740350 0.227850 0.618911
v 3.740350 0.108222 0.655162
v 3.865350 0.108222 0.655162
v 3.865350 0.191598 0.499284
v 3.865350 0.071970 0.535535
v 3.740350 0.108222 0.655162
v 3.740350 0.071970 0.535535
v 3.740350 0.191598 0.499284
v 3.740350 0.071970 0.535535
v 3.740350 0.191598 0.499284
v 3.740350 0.227850 0.618911
v 3.740350 0.227850 0.618911
v 3.740350 0.191598 0.499284
v 3.717783 0.137151 0.611269
v 3.717783 0.119025 0.551456
v 3.780283 0.119025 0.551456
v 3.780283 0.137151 0.611269
v 3.717783 0.256778 0.575018
v 3.717783 0.137151 0.611269
v 3.780283 0.256778 0.575018
v 3.717783 0.119025 0.551456
v 3.717783 0.238652 0.515204
v 3.780283 0.238652 0.515204
v 3.717783 0.238652 0.515204
v 3.717783 0.555845 0.484389
v 3.717783 0.537719 0.424575
v 3.717783 0.537719 0.424575
v 3.717783 0.537719 0.424575
v 3.717783 0.555845 0.484389
v 4.154358 0.508257 0.195916
v 4.213512 0.510384 0.175866
v 4.193426 0.511345 0.116691
v 4.134270 0.509218 0.136740
v 3.769901 0.243792 0.256150
v 3.822912 0.216304 0.237705
v 3.843002 0.215344 0.296880
v 3.789992 0.242832 0.315325
v 3.879708 0.188832 0.217976
v 3.899801 0.187871 0.277151
v 3.944062 0.173115 0.195870
v 3.964150 0.172156 0.255046
v 4.009894 0.173871 0.173531
v 4.029983 0.172912 0.232706
v 4.077188 0.202120 0.151144
v 4.097271 0.201162 0.210320
v 4.127182 0.253226 0.134997
v 4.147272 0.252266 0.194173
v 4.156623 0.314176 0.125991
v 4.176712 0.313218 0.185166
v 4.178434 0.377363 0.119610
v 4.198521 0.376404 0.178786
v 4.190908 0.443980 0.116453
v 4.210999 0.443021 0.175628
v 4.193426 0.511345 0.116691
v 4.213512 0.510384 0.175866
v 4.154358 0.508257 0.195916
v 4.152222 0.449993 0.195696
v 4.210999 0.443021 0.175628
v 4.213512 0.510384 0.175866
v 4.141544 0.392993 0.198398
v 4.198521 0.376404 0.178786
v 4.122402 0.337749 0.204003
v 4.176712 0.313218 0.185166
v 4.099125 0.288340 0.211104
v 4.147272 0.252266 0.194173
v 4.064790 0.253220 0.222191
v 4.097271 0.201162 0.210320
v 4.022659 0.234882 0.236199
v 4.029983 0.172912 0.232706
v 3.970859 0.234282 0.253777
v 3.964150 0.172156 0.255046
v 3.920157 0.246661 0.271193
v 3.899801 0.187871 0.277151
v 3.869313 0.271466 0.288858
v 3.843002 0.215344 0.296880
v 3.816301 0.298954 0.307303
v 3.789992 0.242832 0.315325
v 3.796211 0.299914 0.248128
v 3.849222 0.272426 0.229683
v 3.822912 0.216304 0.237705
v 3.769901 0.243792 0.256150
v 3.900068 0.247621 0.212017
v 3.879708 0.188832 0.217976
v 3.950768 0.235242 0.194602
v 3.944062 0.173115 0.195870
v 4.002563 0.235841 0.177025
v 4.009894 0.173871 0.173531
v 4.044699 0.254179 0.163017
v 4.077188 0.202120 0.151144
v 4.079035 0.289299 0.151928
v 4.127182 0.253226 0.134997
v 4.102308 0.338708 0.144828
v 4.156623 0.314176 0.125991
v 4.121456 0.393950 0.139223
v 4.178434 0.377363 0.119610
v 4.132135 0.450953 0.136521
v 4.190908 0.443980 0.116453
v 4.134270 0.509218 0.136740
v 4.193426 0.511345 0.116691
v 4.134270 0.509218 0.136740
v 4.132135 0.450953 0.136521
v 4.152222 0.449993 0.195696
v 4.154358 0.508257 0.195916
v 4.121456 0.393950 0.139223
v 4.141544 0.392993 0.198398
v 4.102308 0.338708 0.144828
v 4.122402 0.337749 0.204003
v 4.079035 0.289299 0.151928
v 4.099125 0.288340 0.211104
v 4.044699 0.254179 0.163017
v 4.064790 0.253220 0.222191
v 4.002563 0.235841 0.177025
v 4.022659 0.234882 0.236199
v 3.950768 0.235242 0.194602
v 3.970859 0.234282 0.253777
v 3.900068 0.247621 0.212017
v 3.920157 0.246661 0.271193
v 3.849222 0.272426 0.229683
v 3.869313 0.271466 0.288858
v 3.796211 0.299914 0.248128
v 3.816301 0.298954 0.307303
v 3.816301 0.298954 0.307303
v 3.789992 0.242832 0.315325
v 4.186026 0.490458 0.180047
v 4.186026 0.490458 0.117547
v 4.186026 0.552958 0.117547
v 4.186026 0.552958 0.180047
v 4.123526 0.552958 0.117547
v 4.123526 0.552958 0.180047
v 3.998521 0.490458 0.117547
v 3.998521 0.490458 0.180047
v 3.998521 0.552958 0.180047
v 3.998521 0.552958 0.117547
v 3.998521 0.677958 0.117547
v 4.123526 0.677958 0.117547
v 3.998521 0.677958 0.117547
v 4.123526 0.552958 0.180047
v 4.123526 0.677958 0.117547
v 3.998521 0.490458 0.117547
v 4.186026 0.490458 0.117547
v 3.717783 0.119025 0.551456
v 4.436026 0.740459 0.117547
v 4.436026 0.365458 0.117547
v 4.436026 0.740459 0.117547
v -3.970815 0.402705 1.644034
v -3.838233 0.535289 1.644034
v -3.856912 0.604998 1.644033
v -4.040523 0.421385 1.644035
v -3.838233 0.535289 1.581534
v -3.970815 0.402705 1.581534
v -4.040523 0.421383 1.581534
v -3.856912 0.604998 1.581533
v -3.922285 0.221595 1.644034
v -3.970815 0.402705 1.644034
v -4.040523 0.421385 1.644035
v -3.973317 0.170563 1.644034
v -3.970815 0.402705 1.581534
v -3.922285 0.221595 1.581534
v -3.973317 0.170563 1.581534
v -4.040523 0.421383 1.581534
v -3.741176 0.173067 1.644034
v -3.922285 0.221595 1.644034
v -3.722497 0.103357 1.644034
v -3.922285 0.221595 1.581534
v -3.741176 0.173067 1.581534
v -3.722497 0.103357 1.581535
v -3.608591 0.305649 1.644034
v -3.741176 0.173067 1.644034
v -3.538882 0.286971 1.644034
v -3.741176 0.173067 1.581534
v -3.608591 0.305649 1.581534
v -3.538882 0.286970 1.581534
v -3.657120 0.486760 1.644034
v -3.608591 0.305649 1.644034
v -3.606089 0.537791 1.644034
v -3.608591 0.305649 1.581534
v -3.657120 0.486760 1.581534
v -3.606088 0.537791 1.581533
v -3.838233 0.535289 1.644034
v -3.657120 0.486760 1.644034
v -3.657120 0.486760 1.581534
v -3.838233 0.535289 1.581534
v -3.657120 0.486760 1.644034
v -3.838233 0.535289 1.644034
v -3.838233 0.535289 1.581534
v -3.657120 0.486760 1.581534
v -3.970815 0.402705 1.644034
v -3.970815 0.402705 1.581534
v -3.970815 0.402705 1.581534
v -3.970815 0.402705 1.644034
v -3.922285 0.221595 1.644034
v -3.922285 0.221595 1.581534
v -3.741176 0.173067 1.644034
v -3.741176 0.173067 1.581534
v -3.608591 0.305649 1.644034
v -3.608591 0.305649 1.581534
v -3.770921 0.545018 1.582695
v -3.817796 0.370077 1.534168
v -3.821982 0.354452 1.594538
v -3.775107 0.529393 1.643066
v -3.757424 0.353902 1.534168
v -3.710549 0.528842 1.582695
v -3.714736 0.513217 1.643066
v -3.761611 0.338277 1.594538
v -3.775107 0.529393 1.643066
v -3.821982 0.354452 1.594538
v -3.633820 0.242491 1.582696
v -3.761887 0.370556 1.534167
v -3.773326 0.381994 1.594538
v -3.645259 0.253929 1.643067
v -3.806081 0.326361 1.534167
v -3.678017 0.198297 1.582696
v -3.689455 0.209736 1.643067
v -3.817519 0.337799 1.594538
v -3.645259 0.253929 1.643067
v -3.773326 0.381994 1.594538
v -3.964366 0.275024 1.582696
v -3.789428 0.321899 1.534168
v -3.773803 0.326085 1.594538
v -3.948742 0.279210 1.643067
v -3.805604 0.382269 1.534168
v -3.980544 0.335394 1.582696
v -3.964919 0.339581 1.643067
v -3.789979 0.386456 1.594538
v -3.948742 0.279210 1.643067
v -3.773803 0.326085 1.594538
v -3.745509 0.430724 1.498823
v -3.866250 0.398372 1.498823
v -3.866250 0.398372 1.623822
v -3.745509 0.430724 1.623822
v -3.833897 0.277630 1.498823
v -3.833897 0.277630 1.623823
v -3.866250 0.398372 1.623822
v -3.713157 0.309984 1.498823
v -3.713157 0.309984 1.623823
v -3.833897 0.277630 1.623823
v -3.745509 0.430724 1.623822
v -3.713157 0.309984 1.623823
v -3.833897 0.277630 1.623823
v -3.713157 0.309984 1.623823
v -3.820954 0.322926 0.811323
v -3.758454 0.322926 0.811323
v -3.758454 0.322928 1.498823
v -3.820954 0.322928 1.498823
v -3.820954 0.385426 0.811322
v -3.820954 0.322926 0.811323
v -3.820954 0.322928 1.498823
v -3.820954 0.385428 1.498823
v -3.758454 0.385426 0.811322
v -3.758454 0.385428 1.498823
v -3.725562 0.478170 1.437776
v -3.850562 0.478170 1.437776
v -3.850562 0.290669 1.437776
v -3.725562 0.290670 1.437776
v -3.725562 0.478170 1.375276
v -3.725562 0.478170 1.437776
v -3.725562 0.290670 1.375276
v -3.850562 0.478170 1.375276
v -3.725562 0.478170 1.375276
v -3.850562 0.290670 1.375276
v -3.850562 0.478170 1.437776
v -3.850562 0.478170 1.375276
v 1.774435 0.629828 0.500275
v -3.663061 0.629826 0.500275
v -3.663061 0.692326 0.500275
v 1.774435 0.692328 0.500275
v -3.663061 0.692326 0.562775
v 1.774435 0.692328 0.562775
v 1.774435 0.692328 0.562775
v -3.663061 0.692326 0.562775
v -3.663061 0.629826 0.562776
v 1.774435 0.629828 0.562776
v 1.836935 0.598578 0.500276
v 1.774435 0.629828 0.500275
v 1.774435 0.692328 0.500275
v 1.836935 0.723578 0.500275
v 1.774435 0.692328 0.500275
v 1.774435 0.692328 0.562775
v 1.836935 0.723578 0.562775
v 1.774435 0.692328 0.562775
v 1.774435 0.629828 0.562776
v 1.836935 0.598578 0.562776
v 1.836935 0.598578 0.562776
v 1.774435 0.629828 0.562776
v 1.774435 0.629828 0.500275
v 1.961935 0.598578 0.500276
v 1.961935 0.723578 0.500275
v 1.961935 0.723578 0.562775
v 1.961935 0.598578 0.562776
v 1.961935 0.598578 0.562776
v 1.961935 0.723578 0.500275
v 1.961935 0.598578 0.500276
v 1.805685 0.442328 0.562776
v 1.805685 0.442327 0.250276
v 1.805685 0.504827 0.250275
v 1.805685 0.504828 0.562776
v 1.743185 0.504827 0.250275
v 1.743185 0.504828 0.562776
v 1.743185 0.504828 0.562776
v 1.743185 0.504827 0.250275
v 1.743185 0.442327 0.250276
v 1.743185 0.442328 0.562776
v 1.743185 0.442328 0.562776
v 1.805685 0.442328 0.562776
v 2.461936 0.629827 0.250275
v 2.461936 0.504828 0.437776
v 2.461936 0.504828 0.625276
v 2.524436 0.629827 0.250275
v 2.524436 0.504828 0.625276
v 2.524436 0.504828 0.437776
v 2.461936 0.629827 0.250275
v 2.461936 0.504828 0.625276
v 2.524436 0.504828 0.625276
v 2.461936 0.504827 0.250275
v 2.524436 0.504827 0.250275
v 2.274435 0.629827 0.250275
v 2.274435 0.504828 0.437776
v 2.274435 0.504828 0.625276
v 2.336935 0.629827 0.250275
v 2.336935 0.504828 0.625276
v 2.336935 0.504828 0.437776
v 2.336935 0.629827 0.250275
v 2.274435 0.629827 0.250275
v 2.274435 0.504828 0.625276
v 2.336935 0.504828 0.625276
v 2.274435 0.504827 0.250275
v 2.336935 0.504827 0.250275
v -3.913061 0.786075 0.312775
v -3.913061 0.786076 0.625276
v -3.663061 0.786076 0.625276
v -3.663061 0.786075 0.312776
v -3.913061 0.473575 0.312776
v -3.663061 0.473575 0.312776
v -3.913061 0.473576 0.625276
v -3.663061 0.473576 0.625276
v -3.663061 0.473576 0.625276
v -3.663061 0.473575 0.312776
v -3.663061 0.786075 0.312776
v -3.663061 0.786076 0.625276
v -3.663061 0.223576 0.625276
v -3.663061 0.223575 0.500276
v -3.913061 0.473575 0.312776
v -3.663061 0.473575 0.312776
v -3.663061 0.223575 0.500276
v -3.913061 0.223575 0.500276
v -3.913061 0.473576 0.625276
v -3.913061 0.473575 0.312776
v -3.913061 0.223575 0.500276
v -3.913061 0.223576 0.625276
v -3.913061 0.223576 0.625276
v -3.663061 0.223576 0.625276
v -3.663061 0.223576 0.812776
v -3.913061 0.223576 0.812776
v -3.913061 0.473576 0.812776
v -3.663061 0.473576 0.812776
v -1.469577 0.567332 -0.874724
v -1.469577 0.629832 -0.874724
v -1.469577 0.629832 -0.499724
v -1.469577 0.567332 -0.499724
v -1.532077 0.567332 -0.874724
v -1.532077 0.567332 -0.499724
v -1.532077 0.629832 -0.874724
v -1.532077 0.567332 -0.874724
v -1.532077 0.567332 -0.499724
v -1.532077 0.629832 -0.499724
v -1.469577 0.629832 -0.874724
v -1.532077 0.629832 -0.874724
v -1.532077 0.629832 -0.499724
v -1.469577 0.629832 -0.499724
v -1.469577 0.629832 -0.437224
v -1.469577 0.567332 -0.437224
v 3.592919 0.504833 -0.437224
v 3.592918 0.567333 -0.437224
v 3.592918 0.567333 -0.499724
v -1.469577 0.567332 -0.499724
v 3.592919 0.504833 -0.499724
v 3.592919 0.504833 -0.499724
v -1.532077 0.567332 -0.937224
v -1.532077 0.629832 -0.937224
v -1.532077 0.629832 -0.937224
v -1.532077 0.567332 -0.937224
v -3.475561 0.098575 1.437776
v -3.475561 0.036075 1.437776
v -3.475561 0.036075 1.500276
v -3.475561 0.098575 1.500276
v -3.038061 0.098575 1.500276
v -3.038061 0.036075 1.500276
v -3.038061 0.036075 1.437776
v -3.038061 0.098575 1.437776
v -3.475561 0.098575 1.437776
v -3.475561 0.098575 1.500276
v -3.038061 0.098575 1.500276
v -3.038061 0.098575 1.437776
v -3.413061 0.098575 1.562776
v -3.100561 0.098575 1.562776
v -3.413061 0.036075 1.562776
v -3.475561 0.036075 1.500276
v -3.038061 0.036075 1.500276
v -3.100561 0.036075 1.562776
v -3.038061 0.036075 1.437776
v -3.475561 0.036075 1.437776
v -3.413061 0.473575 1.500276
v -3.413061 0.098575 1.500276
v -3.413061 0.098575 1.437776
v -3.413061 0.473575 1.375276
v -3.413061 0.473575 1.375276
v -3.413061 0.098575 1.437776
v -3.475561 0.098575 1.437776
v -3.475561 0.473575 1.375276
v -3.100561 0.098575 1.500276
v -3.100561 0.473575 1.500276
v -3.100561 0.473575 1.375276
v -3.100561 0.098575 1.437776
v -3.413061 0.036075 1.562776
v -3.100561 0.036075 1.562776
v -3.413061 0.036075 1.562776
v -3.413061 0.098575 1.562776
v -3.100561 0.098575 1.562776
v -3.100561 0.036075 1.562776
v -3.475561 0.473575 1.500276
v -3.475561 0.098575 1.500276
v -3.475561 0.473575 1.375276
v -3.475561 0.098575 1.437776
v -3.038061 0.098575 1.500276
v -3.038061 0.098575 1.437776
v -3.038061 0.473575 1.375276
v -3.038061 0.473575 1.500276
v -3.038061 0.098575 1.437776
v -3.100561 0.098575 1.437776
v -3.100561 0.473575 1.375276
v -3.038061 0.473575 1.375276
v -4.185494 0.434096 -1.297108
v -4.060494 0.434096 -1.297108
v -4.060494 0.314469 -1.333360
v -4.185494 0.314469 -1.333360
v -4.185494 0.397844 -1.177481
v -4.185494 0.278217 -1.213733
v -4.060494 0.314469 -1.333360
v -4.060494 0.278217 -1.213733
v -4.060494 0.397844 -1.177481
v -4.060494 0.278217 -1.213733
v -4.060494 0.397844 -1.177481
v -4.060494 0.434096 -1.297108
v -4.060494 0.434096 -1.297108
v -4.060494 0.397844 -1.177481
v -4.037927 0.343397 -1.289467
v -4.037927 0.325271 -1.229654
v -4.100427 0.325271 -1.229654
v -4.100427 0.343397 -1.289467
v -4.037927 0.463024 -1.253216
v -4.037927 0.343397 -1.289467
v -4.100427 0.463024 -1.253216
v -4.037927 0.325271 -1.229654
v -4.037927 0.444898 -1.193402
v -4.100427 0.444898 -1.193402
v -4.037927 0.582651 -1.216964
v -4.037927 0.564526 -1.157151
v -4.037927 0.564526 -1.157151
v -4.037927 0.582651 -1.216964
v -4.185494 0.227847 -0.618357
v -4.060494 0.227847 -0.618357
v -4.060493 0.108219 -0.654608
v -4.185493 0.108219 -0.654608
v -4.185494 0.191595 -0.498730
v -4.185493 0.071968 -0.534982
v -4.060493 0.108219 -0.654608
v -4.060493 0.071968 -0.534982
v -4.060494 0.191595 -0.498730
v -4.060493 0.071968 -0.534982
v -4.060494 0.191595 -0.498730
v -4.060494 0.227847 -0.618357
v -4.060494 0.227847 -0.618357
v -4.060494 0.191595 -0.498730
v -4.037927 0.137148 -0.610716
v -4.037927 0.119022 -0.550903
v -4.100427 0.119022 -0.550903
v -4.100427 0.137148 -0.610716
v -4.037927 0.256775 -0.574465
v -4.037927 0.137148 -0.610716
v -4.100427 0.256775 -0.574465
v -4.037927 0.119022 -0.550903
v -4.037927 0.238649 -0.514651
v -4.100427 0.238649 -0.514651
v -4.037927 0.238649 -0.514651
v -4.037927 0.555842 -0.483836
v -4.037927 0.537716 -0.424022
v -4.037927 0.537716 -0.424022
v -4.037927 0.537716 -0.424022
v -4.037927 0.555842 -0.483836
v -4.037927 0.119022 -0.550903
v 1.967919 0.786076 -0.249725
v 1.967920 0.473576 -0.249724
v 1.967920 0.473576 -0.312224
v 1.967919 0.786076 -0.312225
v 1.342920 0.473576 -0.249724
v 1.342919 0.786076 -0.249725
v 1.342919 0.786076 -0.312225
v 1.342920 0.473576 -0.312224
v 1.342920 0.536075 -1.312224
v 1.967920 0.536075 -1.312224
v 1.967920 0.411075 -0.374723
v 1.342920 0.411075 -0.374723
v 1.342920 0.536075 -1.312224
v 1.342920 0.411076 -0.312223
v 1.967920 0.536075 -1.312224
v 1.967920 0.411076 -0.312223
v 1.967919 0.848576 -0.312226
v 1.967919 0.848575 -1.312226
v 1.342919 0.848576 -0.312226
v 1.342919 0.848575 -1.312226
v 1.967920 0.473576 0.312776
v 1.967920 0.473576 0.250276
v 1.967919 0.786076 0.250278
v 1.967919 0.786076 0.312778
v 1.342919 0.786076 0.312778
v 1.342919 0.786076 0.250278
v 1.342920 0.473576 0.250276
v 1.342920 0.473576 0.312776
v 1.967920 0.411076 0.375276
v 1.967920 0.536076 1.312776
v 1.342920 0.536075 1.312776
v 1.342920 0.411075 0.375276
v 1.342920 0.536075 1.312776
v 1.342920 0.411075 0.312776
v 1.967920 0.411076 0.312776
v 1.967920 0.536076 1.312776
v 1.967919 0.848576 0.312778
v 1.967919 0.848576 1.312778
v 1.342919 0.848575 1.312778
v 1.342919 0.848576 0.312778
v -1.663061 0.786075 -0.249725
v -1.663061 0.473575 -0.249724
v -1.663061 0.473575 -0.312224
v -1.663061 0.786075 -0.312225
v -2.288061 0.473574 -0.249724
v -2.288061 0.786074 -0.249725
v -2.288061 0.786074 -0.312225
v -2.288061 0.473574 -0.312224
v -2.288061 0.536074 -1.312224
v -1.663061 0.536074 -1.312224
v -1.663061 0.411074 -0.374723
v -2.288061 0.411073 -0.374723
v -2.288061 0.536074 -1.312224
v -2.288061 0.411074 -0.312223
v -1.663061 0.536074 -1.312224
v -1.663061 0.411075 -0.312223
v -1.663061 0.848575 -0.312226
v -1.663061 0.848574 -1.312226
v -2.288061 0.848574 -0.312226
v -2.288061 0.848574 -1.312226
v -1.663061 0.473575 0.312776
v -1.663061 0.473575 0.250276
v -1.663061 0.786075 0.250278
v -1.663061 0.786075 0.312778
v -2.288061 0.786074 0.312778
v -2.288061 0.786074 0.250278
v -2.288061 0.473574 0.250276
v -2.288061 0.473574 0.312776
v -1.663061 0.411074 0.375276
v -1.663061 0.536074 1.312776
v -2.288061 0.536074 1.312776
v -2.288061 0.411074 0.375276
v -2.288061 0.536074 1.312776
v -2.288061 0.411074 0.312776
v -1.663061 0.411074 0.312776
v -1.663061 0.536074 1.312776
v -1.663061 0.848575 0.312778
v -1.663061 0.848574 1.312778
v -2.288061 0.848574 1.312778
v -2.288061 0.848574 0.312778
v 3.524443 0.786076 -0.249725
v 3.524443 0.786076 -0.312225
v 3.524443 0.786076 0.312778
v 3.524443 0.786076 0.250278
v -0.032074 0.411074 -0.312223
v -0.282074 0.411074 -0.312223
v -0.032074 0.411075 -0.249723
v -0.282074 0.411075 -0.249723
v -0.032074 0.848575 -0.312226
v -0.032074 0.786075 -0.312225
v -0.032074 0.848574 -1.312226
v -0.282074 0.848575 -0.312226
v -0.282074 0.848574 -1.312226
v -0.282074 0.786075 -0.312225
v -0.032074 0.786075 -0.249725
v -0.032074 0.536074 -1.312224
v -0.282074 0.786075 -0.249725
v -0.282074 0.536074 -1.312224
v -0.032074 0.411075 0.312776
v -0.032074 0.536075 1.312776
v -0.282074 0.536075 1.312776
v -0.282074 0.411075 0.312776
v -0.282074 0.411075 0.250276
v -0.032074 0.411075 0.250276
v -0.032074 0.786075 0.312778
v -0.032074 0.848575 0.312778
v -0.032074 0.848575 1.312778
v -0.282074 0.848575 1.312778
v -0.282074 0.848575 0.312778
v -0.282074 0.786075 0.312778
v -0.032074 0.786075 0.250278
v -0.032074 0.536075 1.312776
v -0.282074 0.786075 0.250278
v -0.282074 0.536075 1.312776
v -0.038054 0.411074 -0.312223
v -0.288054 0.411074 -0.312223
v -0.038054 0.411075 -0.249723
v -0.288054 0.411075 -0.249723
v -0.038054 0.848575 -0.312226
v -0.038054 0.786075 -0.312225
v -0.038054 0.848574 -1.312226
v -0.288054 0.848575 -0.312226
v -0.288054 0.848574 -1.312226
v -0.288054 0.786075 -0.312225
v -0.038054 0.786075 -0.249725
v -0.038054 0.536074 -1.312224
v -0.288054 0.786075 -0.249725
v -0.288054 0.536074 -1.312224
v -0.038054 0.411075 0.312776
v -0.038054 0.536075 1.312776
v -0.288054 0.536075 1.312776
v -0.288054 0.411075 0.312776
v -0.288054 0.411075 0.250276
v -0.038054 0.411075 0.250276
v -0.038054 0.786075 0.312778
v -0.038054 0.848575 0.312778
v -0.038054 0.848575 1.312778
v -0.288054 0.848575 1.312778
v -0.288054 0.848575 0.312778
v -0.288054 0.786075 0.312778
v -0.038054 0.786075 0.250278
v -0.038054 0.536075 1.312776
v -0.288054 0.786075 0.250278
v -0.288054 0.536075 1.312776
v 4.092918 0.786076 -1.249723
v 3.717919 0.786076 -1.249723
v 3.717919 0.786078 -1.374723
v 4.092918 0.786078 -1.374723
v 4.092918 0.723576 -1.249724
v 4.092918 0.786076 -1.249723
v 4.092918 0.786078 -1.374723
v 4.092918 0.723578 -1.374724
v 3.717919 0.536078 -1.374725
v 4.092918 0.661078 -1.374725
v 4.092918 0.661076 -1.249725
v 3.717919 0.536076 -1.249725
v 4.092918 0.723576 -1.249724
v 3.717919 0.598576 -1.249724
v 3.717919 0.598576 -1.249724
v 4.092918 0.723576 -1.249724
v 4.092918 0.723578 -1.374724
v 3.717919 0.598578 -1.374724
v 4.155418 0.723576 -1.249724
v 4.092918 0.723576 -1.249724
v 4.155418 0.723578 -1.374724
v 4.155418 0.848578 -1.374723
v 4.155418 0.848576 -1.249723
v 3.717919 0.848578 -1.374723
v 3.717919 0.848576 -1.249723
v 4.092918 0.786076 -1.249723
v 3.717919 0.786076 -1.249723
v 4.092918 0.786076 -1.249723
v 4.092918 0.723576 -1.312224
v 3.717919 0.598576 -1.312224
v 3.717919 0.786076 -1.312223
v 4.092918 0.786076 -1.312223
v 3.280419 0.786076 -1.437226
v 3.280419 0.661076 -1.437226
v 3.280419 0.661075 -1.562226
v 3.280419 0.786075 -1.562226
v 3.217919 0.786076 -1.437226
v 3.217919 0.786075 -1.562226
v 3.217919 0.661076 -1.437226
v 3.217919 0.786076 -1.437226
v 3.217919 0.786075 -1.562226
v 3.217919 0.661075 -1.562226
v 3.280419 0.692325 -1.624726
v 3.280419 0.754825 -1.624726
v 3.280419 0.754825 -1.624726
v 3.217919 0.754825 -1.624726
v 3.217919 0.754825 -1.624726
v 3.217919 0.692325 -1.624726
v 3.217919 0.692325 -1.624726
v 3.280419 0.692325 -1.624726
v 3.217919 0.692325 -1.624726
v 3.217919 0.754825 -1.624726
v 3.280419 0.754825 -1.624726
v 3.280419 0.692325 -1.624726
v 3.155419 0.786076 -1.437226
v 3.155419 0.661076 -1.437226
v 3.155419 0.661075 -1.562226
v 3.155419 0.786075 -1.562226
v 3.092919 0.786076 -1.437226
v 3.155419 0.786076 -1.437226
v 3.155419 0.786075 -1.562226
v 3.092919 0.786075 -1.562226
v 3.092919 0.661076 -1.437226
v 3.092919 0.661075 -1.562226
v 3.155419 0.692325 -1.624726
v 3.155419 0.754825 -1.624726
v 3.155419 0.754825 -1.624726
v 3.092919 0.754825 -1.624726
v 3.092919 0.754825 -1.624726
v 3.092919 0.692325 -1.624726
v 3.092919 0.692325 -1.624726
v 3.155419 0.692325 -1.624726
v 3.092919 0.754825 -1.624726
v 3.155419 0.754825 -1.624726
v 4.092918 0.786077 -0.562223
v 3.717919 0.786076 -0.562223
v 3.717919 0.786077 -0.687223
v 4.092918 0.786078 -0.687223
v 4.092918 0.723577 -0.562224
v 4.092918 0.786077 -0.562223
v 4.092918 0.786078 -0.687223
v 4.092918 0.723578 -0.687224
v 3.717919 0.536077 -0.687225
v 4.092918 0.661078 -0.687225
v 4.092918 0.661077 -0.562225
v 3.717919 0.536076 -0.562225
v 4.092918 0.723577 -0.562224
v 3.717919 0.598576 -0.562224
v 3.717919 0.598576 -0.562224
v 4.092918 0.723577 -0.562224
v 4.092918 0.723578 -0.687224
v 3.717919 0.598577 -0.687224
v 4.155418 0.723577 -0.562224
v 4.092918 0.723577 -0.562224
v 4.155418 0.723578 -0.687224
v 4.155418 0.848578 -0.687223
v 4.155418 0.848577 -0.562223
v 3.717919 0.848577 -0.687223
v 3.717919 0.848576 -0.562223
v 4.092918 0.786077 -0.562223
v 3.717919 0.786076 -0.562223
v 4.092918 0.786077 -0.562223
v 4.092918 0.723577 -0.624724
v 3.717919 0.598576 -0.624724
v 3.717919 0.786076 -0.624723
v 4.092918 0.786077 -0.624723
v 3.717919 0.786078 1.375276
v 3.717919 0.786076 1.250276
v 4.092918 0.786076 1.250276
v 4.092918 0.786078 1.375276
v 4.092918 0.786078 1.375276
v 4.092918 0.786076 1.250276
v 4.092918 0.723576 1.250277
v 4.092918 0.723578 1.375277
v 4.092918 0.661076 1.250278
v 4.092918 0.661078 1.375278
v 3.717919 0.536078 1.375278
v 3.717919 0.536076 1.250278
v 4.092918 0.723576 1.250277
v 3.717919 0.598576 1.250277
v 4.092918 0.723578 1.375277
v 4.092918 0.723576 1.250277
v 3.717919 0.598576 1.250277
v 3.717919 0.598578 1.375277
v 4.092918 0.723576 1.250277
v 4.155418 0.723576 1.250277
v 4.155418 0.723578 1.375277
v 4.155418 0.848576 1.250276
v 4.155418 0.848578 1.375276
v 3.717919 0.848578 1.375276
v 3.717919 0.848576 1.250276
v 4.092918 0.786076 1.250276
v 3.717919 0.786076 1.250276
v 4.092918 0.786076 1.250276
v 3.717919 0.786076 1.312776
v 3.717919 0.598576 1.312777
v 4.092918 0.723576 1.312777
v 4.092918 0.786076 1.312776
v 3.717919 0.786078 0.687776
v 3.717919 0.786076 0.562776
v 4.092918 0.786076 0.562776
v 4.092918 0.786078 0.687776
v 4.092918 0.786078 0.687776
v 4.092918 0.786076 0.562776
v 4.092918 0.723576 0.562777
v 4.092918 0.723578 0.687777
v 4.092918 0.661076 0.562778
v 4.092918 0.661078 0.687778
v 3.717919 0.536078 0.687778
v 3.717919 0.536076 0.562778
v 4.092918 0.723576 0.562777
v 3.717919 0.598576 0.562777
v 4.092918 0.723578 0.687777
v 4.092918 0.723576 0.562777
v 3.717919 0.598576 0.562777
v 3.717919 0.598578 0.687777
v 4.092918 0.723576 0.562777
v 4.155418 0.723576 0.562777
v 4.155418 0.723578 0.687777
v 4.155418 0.848576 0.562776
v 4.155418 0.848578 0.687776
v 3.717919 0.848578 0.687776
v 3.717919 0.848576 0.562776
v 4.092918 0.786076 0.562776
v 3.717919 0.786076 0.562776
v 4.092918 0.786076 0.562776
v 3.717919 0.786076 0.625276
v 3.717919 0.598576 0.625277
v 4.092918 0.723576 0.625277
v 4.092918 0.786076 0.625276
v -4.413062 0.786073 1.250271
v -4.038061 0.786074 1.250272
v -4.038061 0.786075 1.375271
v -4.413062 0.786075 1.375271
v -4.413062 0.723573 1.250272
v -4.413062 0.786073 1.250271
v -4.413062 0.786075 1.375271
v -4.413062 0.723575 1.375272
v -4.038061 0.536075 1.375272
v -4.413061 0.661075 1.375273
v -4.413061 0.661073 1.250273
v -4.038061 0.536074 1.250274
v -4.413062 0.723573 1.250272
v -4.038061 0.598574 1.250273
v -4.038061 0.598574 1.250273
v -4.413062 0.723573 1.250272
v -4.413062 0.723575 1.375272
v -4.038061 0.598575 1.375272
v -4.475562 0.723573 1.250272
v -4.413062 0.723573 1.250272
v -4.475562 0.723575 1.375272
v -4.475561 0.848575 1.375271
v -4.475560 0.848573 1.250272
v -4.038061 0.848575 1.375271
v -4.038061 0.848574 1.250272
v -4.413062 0.786073 1.250271
v -4.038061 0.786074 1.250272
v -4.413062 0.786073 1.250271
v -4.413062 0.723573 1.312772
v -4.038061 0.598574 1.312773
v -4.038061 0.786074 1.312772
v -4.413062 0.786073 1.312771
v -4.413062 0.786074 0.562774
v -4.038061 0.786074 0.562774
v -4.038061 0.786076 0.687774
v -4.413062 0.786076 0.687774
v -4.413062 0.723574 0.562775
v -4.413062 0.786074 0.562774
v -4.413062 0.786076 0.687774
v -4.413062 0.723576 0.687774
v -4.038061 0.536076 0.687775
v -4.413062 0.661076 0.687776
v -4.413062 0.661074 0.562776
v -4.038061 0.536074 0.562776
v -4.413062 0.723574 0.562775
v -4.038061 0.598574 0.562775
v -4.038061 0.598574 0.562775
v -4.413062 0.723574 0.562775
v -4.413062 0.723576 0.687774
v -4.038061 0.598576 0.687775
v -4.475562 0.723574 0.562775
v -4.413062 0.723574 0.562775
v -4.475561 0.723576 0.687774
v -4.475561 0.848576 0.687773
v -4.475561 0.848574 0.562774
v -4.038061 0.848576 0.687774
v -4.038061 0.848574 0.562774
v -4.413062 0.786074 0.562774
v -4.038061 0.786074 0.562774
v -4.413062 0.786074 0.562774
v -4.413062 0.723574 0.625275
v -4.038061 0.598574 0.625275
v -4.038061 0.786074 0.625274
v -4.413062 0.786074 0.625273
v -4.038060 0.786075 -1.374719
v -4.038061 0.786073 -1.249718
v -4.413062 0.786073 -1.249717
v -4.413062 0.786075 -1.374717
v -4.413062 0.786075 -1.374717
v -4.413062 0.786073 -1.249717
v -4.413062 0.723573 -1.249719
v -4.413062 0.723575 -1.374719
v -4.413061 0.661073 -1.249720
v -4.413061 0.661075 -1.374720
v -4.038061 0.536075 -1.374720
v -4.038061 0.536073 -1.249720
v -4.413062 0.723573 -1.249719
v -4.038061 0.598573 -1.249720
v -4.413062 0.723575 -1.374719
v -4.413062 0.723573 -1.249719
v -4.038061 0.598573 -1.249720
v -4.038061 0.598575 -1.374719
v -4.413062 0.723573 -1.249719
v -4.475562 0.723573 -1.249719
v -4.475562 0.723575 -1.374719
v -4.475561 0.848573 -1.249718
v -4.475562 0.848575 -1.374718
v -4.038060 0.848575 -1.374719
v -4.038061 0.848573 -1.249718
v -4.413062 0.786073 -1.249717
v -4.038061 0.786073 -1.249718
v -4.413062 0.786073 -1.249717
v -4.038060 0.786073 -1.312218
v -4.038062 0.598573 -1.312219
v -4.413062 0.723573 -1.312219
v -4.413062 0.786073 -1.312217
v -4.038060 0.786075 -0.687221
v -4.038061 0.786074 -0.562221
v -4.413061 0.786074 -0.562221
v -4.413062 0.786075 -0.687221
v -4.413062 0.786075 -0.687221
v -4.413061 0.786074 -0.562221
v -4.413062 0.723574 -0.562222
v -4.413062 0.723575 -0.687221
v -4.413062 0.661074 -0.562224
v -4.413062 0.661075 -0.687224
v -4.038061 0.536075 -0.687223
v -4.038061 0.536074 -0.562223
v -4.413062 0.723574 -0.562222
v -4.038061 0.598574 -0.562222
v -4.413062 0.723575 -0.687221
v -4.413062 0.723574 -0.562222
v -4.038061 0.598574 -0.562222
v -4.038062 0.598575 -0.687222
v -4.413062 0.723574 -0.562222
v -4.475562 0.723574 -0.562222
v -4.475561 0.723575 -0.687222
v -4.475561 0.848574 -0.562221
v -4.475562 0.848575 -0.687219
v -4.038060 0.848575 -0.687221
v -4.038061 0.848574 -0.562221
v -4.413061 0.786074 -0.562221
v -4.038061 0.786074 -0.562221
v -4.413061 0.786074 -0.562221
v -4.038062 0.786074 -0.624721
v -4.038061 0.598574 -0.624721
v -4.413062 0.723574 -0.624722
v -4.413061 0.786074 -0.624721
v 2.655419 0.661074 1.625279
v 2.655419 0.661075 1.437779
v 2.655419 0.786075 1.437779
v 2.655419 0.786074 1.625279
v 2.467919 0.786074 1.625279
v 2.467919 0.786075 1.437779
v 2.467919 0.661075 1.437779
v 2.467919 0.661074 1.625279
v 2.467919 0.786074 1.625279
v 2.467919 0.661074 1.625279
v 2.655419 0.661074 1.625279
v 1.030420 0.661073 1.625279
v 1.030420 0.661074 1.437779
v 1.030419 0.786074 1.437779
v 1.030419 0.786073 1.625279
v 0.842919 0.786073 1.625279
v 0.842919 0.786074 1.437779
v 0.842919 0.661074 1.437779
v 0.842919 0.661073 1.625279
v 0.842919 0.786073 1.625279
v 0.842919 0.661073 1.625279
v 1.030420 0.661073 1.625279
v -1.157074 0.661072 1.625279
v -1.157074 0.661073 1.437779
v -1.157074 0.786073 1.437779
v -1.157074 0.786072 1.625279
v -1.344574 0.786072 1.625279
v -1.344574 0.786073 1.437779
v -1.344574 0.661073 1.437779
v -1.344574 0.661072 1.625279
v -1.344574 0.786072 1.625279
v -1.344574 0.661072 1.625279
v -1.157074 0.661072 1.625279
v 2.649442 0.661074 1.625279
v 2.649442 0.661075 1.437779
v 2.649442 0.786075 1.437779
v 2.649442 0.786074 1.625279
v 2.461942 0.786074 1.625279
v 2.461942 0.786075 1.437779
v 2.461942 0.661075 1.437779
v 2.461942 0.661074 1.625279
v 2.461942 0.786074 1.625279
v 2.461942 0.661074 1.625279
v 2.649442 0.661074 1.625279
v 1.024446 0.661073 1.625279
v 1.024446 0.661074 1.437779
v 1.024446 0.786074 1.437779
v 1.024446 0.786073 1.625279
v 0.836946 0.786073 1.625279
v 0.836946 0.786074 1.437779
v 0.836946 0.661074 1.437779
v 0.836946 0.661073 1.625279
v 0.836946 0.786073 1.625279
v 0.836946 0.661073 1.625279
v 1.024446 0.661073 1.625279
v -1.163061 0.661072 1.625279
v -1.163061 0.661073 1.437779
v -1.163061 0.786073 1.437779
v -1.163061 0.786072 1.625279
v -1.350561 0.786072 1.625279
v -1.350561 0.786073 1.437779
v -1.350561 0.661073 1.437779
v -1.350561 0.661072 1.625279
v -1.350561 0.786072 1.625279
v -1.350561 0.661072 1.625279
v -1.163061 0.661072 1.625279
v -2.788061 0.661072 1.625279
v -2.788061 0.661073 1.437779
v -2.788061 0.786073 1.437779
v -2.788061 0.786072 1.625279
v -2.975561 0.786072 1.625279
v -2.975561 0.786073 1.437779
v -2.975561 0.661073 1.437779
v -2.975561 0.661072 1.625279
v -2.975561 0.786072 1.625279
v -2.975561 0.661072 1.625279
v -2.788061 0.661072 1.625279
v 3.280419 0.661075 1.562779
v 3.280419 0.661076 1.437779
v 3.280419 0.786076 1.437779
v 3.280419 0.786075 1.562779
v 3.217919 0.786076 1.437779
v 3.217919 0.786075 1.562779
v 3.217919 0.786075 1.562779
v 3.217919 0.786076 1.437779
v 3.217919 0.661076 1.437779
v 3.217919 0.661075 1.562779
v 3.280419 0.692325 1.625279
v 3.280419 0.754825 1.625279
v 3.280419 0.754825 1.625279
v 3.217919 0.754825 1.625279
v 3.217919 0.754825 1.625279
v 3.217919 0.692325 1.625279
v 3.217919 0.692325 1.625279
v 3.280419 0.692325 1.625279
v 3.280419 0.754825 1.625279
v 3.217919 0.754825 1.625279
v 3.217919 0.692325 1.625279
v 3.280419 0.692325 1.625279
v 3.155419 0.661075 1.562779
v 3.155419 0.661076 1.437779
v 3.155419 0.786076 1.437779
v 3.155419 0.786075 1.562779
v 3.155419 0.786075 1.562779
v 3.155419 0.786076 1.437779
v 3.092919 0.786076 1.437779
v 3.092919 0.786075 1.562779
v 3.092919 0.661076 1.437779
v 3.092919 0.661075 1.562779
v 3.155419 0.692325 1.625279
v 3.155419 0.754825 1.625279
v 3.155419 0.754825 1.625279
v 3.092919 0.754825 1.625279
v 3.092919 0.754825 1.625279
v 3.092919 0.692325 1.625279
v 3.092919 0.692325 1.625279
v 3.155419 0.692325 1.625279
v 3.155419 0.754825 1.625279
v 3.092919 0.754825 1.625279
v 1.842919 0.786075 -1.437226
v 1.842920 0.661075 -1.437226
v 1.842920 0.661074 -1.562226
v 1.842919 0.786074 -1.562226
v 1.780419 0.786075 -1.437226
v 1.780419 0.786074 -1.562226
v 1.780420 0.661075 -1.437226
v 1.780419 0.786075 -1.437226
v 1.780419 0.786074 -1.562226
v 1.780420 0.661074 -1.562226
v 1.842919 0.692324 -1.624726
v 1.842919 0.754824 -1.624726
v 1.842919 0.754824 -1.624726
v 1.780419 0.754824 -1.624726
v 1.780419 0.754824 -1.624726
v 1.780419 0.692324 -1.624726
v 1.780419 0.692324 -1.624726
v 1.842919 0.692324 -1.624726
v 1.780419 0.692324 -1.624726
v 1.780419 0.754824 -1.624726
v 1.842919 0.754824 -1.624726
v 1.842919 0.692324 -1.624726
v 1.717919 0.786075 -1.437226
v 1.717920 0.661075 -1.437226
v 1.717920 0.661074 -1.562226
v 1.717919 0.786074 -1.562226
v 1.655419 0.786075 -1.437226
v 1.717919 0.786075 -1.437226
v 1.717919 0.786074 -1.562226
v 1.655419 0.786074 -1.562226
v 1.655420 0.661075 -1.437226
v 1.655420 0.661074 -1.562226
v 1.717919 0.692324 -1.624726
v 1.717919 0.754824 -1.624726
v 1.717919 0.754824 -1.624726
v 1.655419 0.754824 -1.624726
v 1.655419 0.754824 -1.624726
v 1.655419 0.692324 -1.624726
v 1.655419 0.692324 -1.624726
v 1.717919 0.692324 -1.624726
v 1.655419 0.754824 -1.624726
v 1.717919 0.754824 -1.624726
v 1.842920 0.661074 1.562779
v 1.842920 0.661075 1.437779
v 1.842919 0.786075 1.437779
v 1.842919 0.786074 1.562779
v 1.780419 0.786075 1.437779
v 1.780419 0.786074 1.562779
v 1.780419 0.786074 1.562779
v 1.780419 0.786075 1.437779
v 1.780420 0.661075 1.437779
v 1.780420 0.661074 1.562779
v 1.842919 0.692324 1.625279
v 1.842919 0.754824 1.625279
v 1.842919 0.754824 1.625279
v 1.780419 0.754824 1.625279
v 1.780419 0.754824 1.625279
v 1.780419 0.692324 1.625279
v 1.780419 0.692324 1.625279
v 1.842919 0.692324 1.625279
v 1.842919 0.754824 1.625279
v 1.780419 0.754824 1.625279
v 1.780419 0.692324 1.625279
v 1.842919 0.692324 1.625279
v 1.717920 0.661074 1.562779
v 1.717920 0.661075 1.437779
v 1.717919 0.786075 1.437779
v 1.717919 0.786074 1.562779
v 1.717919 0.786074 1.562779
v 1.717919 0.786075 1.437779
v 1.655419 0.786075 1.437779
v 1.655419 0.786074 1.562779
v 1.655420 0.661075 1.437779
v 1.655420 0.661074 1.562779
v 1.717919 0.692324 1.625279
v 1.717919 0.754824 1.625279
v 1.717919 0.754824 1.625279
v 1.655419 0.754824 1.625279
v 1.655419 0.754824 1.625279
v 1.655419 0.692324 1.625279
v 1.655419 0.692324 1.625279
v 1.717919 0.692324 1.625279
v 1.717919 0.754824 1.625279
v 1.655419 0.754824 1.625279
v -0.532074 0.786074 -1.437226
v -0.532074 0.661074 -1.437226
v -0.532074 0.661073 -1.562226
v -0.532074 0.786073 -1.562226
v -0.594574 0.786074 -1.437226
v -0.594574 0.786073 -1.562226
v -0.594574 0.661074 -1.437226
v -0.594574 0.786074 -1.437226
v -0.594574 0.786073 -1.562226
v -0.594574 0.661073 -1.562226
v -0.532074 0.692323 -1.624726
v -0.532074 0.754823 -1.624726
v -0.532074 0.754823 -1.624726
v -0.594574 0.754823 -1.624726
v -0.594574 0.754823 -1.624726
v -0.594574 0.692323 -1.624726
v -0.594574 0.692323 -1.624726
v -0.532074 0.692323 -1.624726
v -0.594574 0.692323 -1.624726
v -0.594574 0.754823 -1.624726
v -0.532074 0.754823 -1.624726
v -0.532074 0.692323 -1.624726
v -0.657074 0.786074 -1.437226
v -0.657074 0.661074 -1.437226
v -0.657074 0.661073 -1.562226
v -0.657074 0.786073 -1.562226
v -0.719574 0.786074 -1.437226
v -0.657074 0.786074 -1.437226
v -0.657074 0.786073 -1.562226
v -0.719574 0.786073 -1.562226
v -0.719574 0.661074 -1.437226
v -0.719574 0.661073 -1.562226
v -0.657074 0.692323 -1.624726
v -0.657074 0.754823 -1.624726
v -0.657074 0.754823 -1.624726
v -0.719574 0.754823 -1.624726
v -0.719574 0.754823 -1.624726
v -0.719574 0.692323 -1.624726
v -0.719574 0.692323 -1.624726
v -0.657074 0.692323 -1.624726
v -0.719574 0.754823 -1.624726
v -0.657074 0.754823 -1.624726
v -0.532074 0.661074 1.562779
v -0.532074 0.661075 1.437779
v -0.532074 0.786075 1.437779
v -0.532074 0.786074 1.562779
v -0.594574 0.786075 1.437779
v -0.594574 0.786073 1.562779
v -0.594574 0.786073 1.562779
v -0.594574 0.786075 1.437779
v -0.594574 0.661075 1.437779
v -0.594574 0.661073 1.562779
v -0.532074 0.692324 1.625279
v -0.532074 0.754824 1.625279
v -0.532074 0.754824 1.625279
v -0.594574 0.754823 1.625279
v -0.594574 0.754823 1.625279
v -0.594574 0.692323 1.625279
v -0.594574 0.692323 1.625279
v -0.532074 0.692324 1.625279
v -0.532074 0.754824 1.625279
v -0.594574 0.754823 1.625279
v -0.594574 0.692323 1.625279
v -0.532074 0.692324 1.625279
v -0.657074 0.661073 1.562779
v -0.657074 0.661075 1.437779
v -0.657074 0.786075 1.437779
v -0.657074 0.786073 1.562779
v -0.657074 0.786073 1.562779
v -0.657074 0.786075 1.437779
v -0.719574 0.786075 1.437779
v -0.719574 0.786073 1.562779
v -0.719574 0.661075 1.437779
v -0.719574 0.661073 1.562779
v -0.657074 0.692323 1.625279
v -0.657074 0.754823 1.625279
v -0.657074 0.754823 1.625279
v -0.719574 0.754823 1.625279
v -0.719574 0.754823 1.625279
v -0.719574 0.692323 1.625279
v -0.719574 0.692323 1.625279
v -0.657074 0.692323 1.625279
v -0.657074 0.754823 1.625279
v -0.719574 0.754823 1.625279
v 0.405419 0.786075 -1.437226
v 0.405419 0.661075 -1.437226
v 0.405419 0.661074 -1.562226
v 0.405419 0.786074 -1.562226
v 0.342919 0.786075 -1.437226
v 0.342919 0.786074 -1.562226
v 0.342919 0.661075 -1.437226
v 0.342919 0.786075 -1.437226
v 0.342919 0.786074 -1.562226
v 0.342919 0.661074 -1.562226
v 0.405419 0.692324 -1.624726
v 0.405419 0.754824 -1.624726
v 0.405419 0.754824 -1.624726
v 0.342919 0.754824 -1.624726
v 0.342919 0.754824 -1.624726
v 0.342919 0.692324 -1.624726
v 0.342919 0.692324 -1.624726
v 0.405419 0.692324 -1.624726
v 0.342919 0.692324 -1.624726
v 0.342919 0.754824 -1.624726
v 0.405419 0.754824 -1.624726
v 0.405419 0.692324 -1.624726
v 0.280419 0.786075 -1.437226
v 0.280419 0.661075 -1.437226
v 0.280419 0.661074 -1.562226
v 0.280419 0.786074 -1.562226
v 0.217919 0.786075 -1.437226
v 0.280419 0.786075 -1.437226
v 0.280419 0.786074 -1.562226
v 0.217919 0.786074 -1.562226
v 0.217919 0.661075 -1.437226
v 0.217919 0.661074 -1.562226
v 0.280419 0.692324 -1.624726
v 0.280419 0.754824 -1.624726
v 0.280419 0.754824 -1.624726
v 0.217919 0.754824 -1.624726
v 0.217919 0.754824 -1.624726
v 0.217919 0.692324 -1.624726
v 0.217919 0.692324 -1.624726
v 0.280419 0.692324 -1.624726
v 0.217919 0.754824 -1.624726
v 0.280419 0.754824 -1.624726
v 0.405419 0.661074 1.562779
v 0.405419 0.661075 1.437779
v 0.405419 0.786075 1.437779
v 0.405419 0.786074 1.562779
v 0.342919 0.786075 1.437779
v 0.342919 0.786074 1.562779
v 0.342919 0.786074 1.562779
v 0.342919 0.786075 1.437779
v 0.342919 0.661075 1.437779
v 0.342919 0.661074 1.562779
v 0.405419 0.692324 1.625279
v 0.405419 0.754824 1.625279
v 0.405419 0.754824 1.625279
v 0.342919 0.754824 1.625279
v 0.342919 0.754824 1.625279
v 0.342919 0.692324 1.625279
v 0.342919 0.692324 1.625279
v 0.405419 0.692324 1.625279
v 0.405419 0.754824 1.625279
v 0.342919 0.754824 1.625279
v 0.342919 0.692324 1.625279
v 0.405419 0.692324 1.625279
v 0.280419 0.661074 1.562779
v 0.280419 0.661075 1.437779
v 0.280419 0.786075 1.437779
v 0.280419 0.786074 1.562779
v 0.280419 0.786074 1.562779
v 0.280419 0.786075 1.437779
v 0.217919 0.786075 1.437779
v 0.217919 0.786074 1.562779
v 0.217919 0.661075 1.437779
v 0.217919 0.661074 1.562779
v 0.280419 0.692324 1.625279
v 0.280419 0.754824 1.625279
v 0.280419 0.754824 1.625279
v 0.217919 0.754824 1.625279
v 0.217919 0.754824 1.625279
v 0.217919 0.692324 1.625279
v 0.217919 0.692324 1.625279
v 0.280419 0.692324 1.625279
v 0.280419 0.754824 1.625279
v 0.217919 0.754824 1.625279
v 3.274443 0.786076 -1.437226
v 3.274443 0.661076 -1.437226
v 3.274443 0.661075 -1.562226
v 3.274443 0.786075 -1.562226
v 3.211943 0.786076 -1.437226
v 3.211943 0.786075 -1.562226
v 3.211943 0.661076 -1.437226
v 3.211943 0.786076 -1.437226
v 3.211943 0.786075 -1.562226
v 3.211943 0.661075 -1.562226
v 3.274443 0.692325 -1.624726
v 3.274443 0.754825 -1.624726
v 3.274443 0.754825 -1.624726
v 3.211943 0.754825 -1.624726
v 3.211943 0.754825 -1.624726
v 3.211943 0.692325 -1.624726
v 3.211943 0.692325 -1.624726
v 3.274443 0.692325 -1.624726
v 3.211943 0.692325 -1.624726
v 3.211943 0.754825 -1.624726
v 3.274443 0.754825 -1.624726
v 3.274443 0.692325 -1.624726
v 3.149443 0.786076 -1.437226
v 3.149443 0.661076 -1.437226
v 3.149443 0.661075 -1.562226
v 3.149443 0.786075 -1.562226
v 3.086943 0.786075 -1.437226
v 3.149443 0.786076 -1.437226
v 3.149443 0.786075 -1.562226
v 3.086943 0.786074 -1.562226
v 3.086943 0.661075 -1.437226
v 3.086943 0.661074 -1.562226
v 3.149443 0.692325 -1.624726
v 3.149443 0.754825 -1.624726
v 3.149443 0.754825 -1.624726
v 3.086943 0.754824 -1.624726
v 3.086943 0.754824 -1.624726
v 3.086943 0.692324 -1.624726
v 3.086943 0.692324 -1.624726
v 3.149443 0.692325 -1.624726
v 3.086943 0.754824 -1.624726
v 3.149443 0.754825 -1.624726
v 3.274443 0.661075 1.562779
v 3.274443 0.661076 1.437779
v 3.274443 0.786076 1.437779
v 3.274443 0.786075 1.562779
v 3.211943 0.786076 1.437779
v 3.211943 0.786075 1.562779
v 3.211943 0.786075 1.562779
v 3.211943 0.786076 1.437779
v 3.211943 0.661076 1.437779
v 3.211943 0.661075 1.562779
v 3.274443 0.692325 1.625279
v 3.274443 0.754825 1.625279
v 3.274443 0.754825 1.625279
v 3.211943 0.754825 1.625279
v 3.211943 0.754825 1.625279
v 3.211943 0.692325 1.625279
v 3.211943 0.692325 1.625279
v 3.274443 0.692325 1.625279
v 3.274443 0.754825 1.625279
v 3.211943 0.754825 1.625279
v 3.211943 0.692325 1.625279
v 3.274443 0.692325 1.625279
v 3.149443 0.661075 1.562779
v 3.149443 0.661076 1.437779
v 3.149443 0.786076 1.437779
v 3.149443 0.786075 1.562779
v 3.149443 0.786075 1.562779
v 3.149443 0.786076 1.437779
v 3.086943 0.786076 1.437779
v 3.086943 0.786075 1.562779
v 3.086943 0.661076 1.437779
v 3.086943 0.661075 1.562779
v 3.149443 0.692325 1.625279
v 3.149443 0.754825 1.625279
v 3.149443 0.754825 1.625279
v 3.086943 0.754825 1.625279
v 3.086943 0.754825 1.625279
v 3.086943 0.692325 1.625279
v 3.086943 0.692325 1.625279
v 3.149443 0.692325 1.625279
v 3.149443 0.754825 1.625279
v 3.086943 0.754825 1.625279
v -0.538061 0.786074 -1.437226
v -0.538061 0.661074 -1.437226
v -0.538061 0.661073 -1.562226
v -0.538061 0.786073 -1.562226
v -0.600561 0.786074 -1.437226
v -0.600561 0.786073 -1.562226
v -0.600561 0.661074 -1.437226
v -0.600561 0.786074 -1.437226
v -0.600561 0.786073 -1.562226
v -0.600561 0.661073 -1.562226
v -0.538061 0.692323 -1.624726
v -0.538061 0.754823 -1.624726
v -0.538061 0.754823 -1.624726
v -0.600561 0.754823 -1.624726
v -0.600561 0.754823 -1.624726
v -0.600561 0.692323 -1.624726
v -0.600561 0.692323 -1.624726
v -0.538061 0.692323 -1.624726
v -0.600561 0.692323 -1.624726
v -0.600561 0.754823 -1.624726
v -0.538061 0.754823 -1.624726
v -0.538061 0.692323 -1.624726
v -0.663061 0.786074 -1.437226
v -0.663061 0.661074 -1.437226
v -0.663061 0.661073 -1.562226
v -0.663061 0.786073 -1.562226
v -0.725561 0.786074 -1.437226
v -0.663061 0.786074 -1.437226
v -0.663061 0.786073 -1.562226
v -0.725561 0.786073 -1.562226
v -0.725561 0.661074 -1.437226
v -0.725561 0.661073 -1.562226
v -0.663061 0.692323 -1.624726
v -0.663061 0.754823 -1.624726
v -0.663061 0.754823 -1.624726
v -0.725561 0.754823 -1.624726
v -0.725561 0.754823 -1.624726
v -0.725561 0.692323 -1.624726
v -0.725561 0.692323 -1.624726
v -0.663061 0.692323 -1.624726
v -0.725561 0.754823 -1.624726
v -0.663061 0.754823 -1.624726
v -0.538061 0.661074 1.562779
v -0.538061 0.661075 1.437779
v -0.538061 0.786075 1.437779
v -0.538061 0.786074 1.562779
v -0.600561 0.786075 1.437779
v -0.600561 0.786073 1.562779
v -0.600561 0.786073 1.562779
v -0.600561 0.786075 1.437779
v -0.600561 0.661075 1.437779
v -0.600561 0.661073 1.562779
v -0.538061 0.692324 1.625279
v -0.538061 0.754824 1.625279
v -0.538061 0.754824 1.625279
v -0.600561 0.754823 1.625279
v -0.600561 0.754823 1.625279
v -0.600561 0.692323 1.625279
v -0.600561 0.692323 1.625279
v -0.538061 0.692324 1.625279
v -0.538061 0.754824 1.625279
v -0.600561 0.754823 1.625279
v -0.600561 0.692323 1.625279
v -0.538061 0.692324 1.625279
v -0.663061 0.661073 1.562779
v -0.663061 0.661075 1.437779
v -0.663061 0.786075 1.437779
v -0.663061 0.786073 1.562779
v -0.663061 0.786073 1.562779
v -0.663061 0.786075 1.437779
v -0.725561 0.786075 1.437779
v -0.725561 0.786073 1.562779
v -0.725561 0.661075 1.437779
v -0.725561 0.661073 1.562779
v -0.663061 0.692323 1.625279
v -0.663061 0.754823 1.625279
v -0.663061 0.754823 1.625279
v -0.725561 0.754823 1.625279
v -0.725561 0.754823 1.625279
v -0.725561 0.692323 1.625279
v -0.725561 0.692323 1.625279
v -0.663061 0.692323 1.625279
v -0.663061 0.754823 1.625279
v -0.725561 0.754823 1.625279
v 0.399446 0.786075 -1.437226
v 0.399446 0.661075 -1.437226
v 0.399446 0.661074 -1.562226
v 0.399446 0.786074 -1.562226
v 0.336946 0.786075 -1.437226
v 0.336946 0.786074 -1.562226
v 0.336946 0.661075 -1.437226
v 0.336946 0.786075 -1.437226
v 0.336946 0.786074 -1.562226
v 0.336946 0.661074 -1.562226
v 0.399446 0.692324 -1.624726
v 0.399446 0.754824 -1.624726
v 0.399446 0.754824 -1.624726
v 0.336946 0.754824 -1.624726
v 0.336946 0.754824 -1.624726
v 0.336946 0.692324 -1.624726
v 0.336946 0.692324 -1.624726
v 0.399446 0.692324 -1.624726
v 0.336946 0.692324 -1.624726
v 0.336946 0.754824 -1.624726
v 0.399446 0.754824 -1.624726
v 0.399446 0.692324 -1.624726
v 0.274446 0.786075 -1.437226
v 0.274446 0.661075 -1.437226
v 0.274446 0.661074 -1.562226
v 0.274446 0.786074 -1.562226
v 0.211946 0.786075 -1.437226
v 0.274446 0.786075 -1.437226
v 0.274446 0.786074 -1.562226
v 0.211946 0.786074 -1.562226
v 0.211946 0.661075 -1.437226
v 0.211946 0.661074 -1.562226
v 0.274446 0.692324 -1.624726
v 0.274446 0.754824 -1.624726
v 0.274446 0.754824 -1.624726
v 0.211946 0.754824 -1.624726
v 0.211946 0.754824 -1.624726
v 0.211946 0.692324 -1.624726
v 0.211946 0.692324 -1.624726
v 0.274446 0.692324 -1.624726
v 0.211946 0.754824 -1.624726
v 0.274446 0.754824 -1.624726
v 0.399446 0.661074 1.562779
v 0.399446 0.661075 1.437779
v 0.399446 0.786075 1.437779
v 0.399446 0.786074 1.562779
v 0.336946 0.786075 1.437779
v 0.336946 0.786074 1.562779
v 0.336946 0.786074 1.562779
v 0.336946 0.786075 1.437779
v 0.336946 0.661075 1.437779
v 0.336946 0.661074 1.562779
v 0.399446 0.692324 1.625279
v 0.399446 0.754824 1.625279
v 0.399446 0.754824 1.625279
v 0.336946 0.754824 1.625279
v 0.336946 0.754824 1.625279
v 0.336946 0.692324 1.625279
v 0.336946 0.692324 1.625279
v 0.399446 0.692324 1.625279
v 0.399446 0.754824 1.625279
v 0.336946 0.754824 1.625279
v 0.336946 0.692324 1.625279
v 0.399446 0.692324 1.625279
v 0.274446 0.661074 1.562779
v 0.274446 0.661075 1.437779
v 0.274446 0.786075 1.437779
v 0.274446 0.786074 1.562779
v 0.274446 0.786074 1.562779
v 0.274446 0.786075 1.437779
v 0.211946 0.786075 1.437779
v 0.211946 0.786074 1.562779
v 0.211946 0.661075 1.437779
v 0.211946 0.661074 1.562779
v 0.274446 0.692324 1.625279
v 0.274446 0.754824 1.625279
v 0.274446 0.754824 1.625279
v 0.211946 0.754824 1.625279
v 0.211946 0.754824 1.625279
v 0.211946 0.692324 1.625279
v 0.211946 0.692324 1.625279
v 0.274446 0.692324 1.625279
v 0.274446 0.754824 1.625279
v 0.211946 0.754824 1.625279
v -3.413061 0.786073 -1.437226
v -3.413061 0.661073 -1.437226
v -3.413061 0.661072 -1.562226
v -3.413061 0.786072 -1.562226
v -3.475561 0.786073 -1.437226
v -3.475561 0.786072 -1.562226
v -3.475561 0.661073 -1.437226
v -3.475561 0.786073 -1.437226
v -3.475561 0.786072 -1.562226
v -3.475561 0.661072 -1.562226
v -3.413061 0.692322 -1.624726
v -3.413061 0.754822 -1.624726
v -3.413061 0.754822 -1.624726
v -3.475561 0.754822 -1.624726
v -3.475561 0.754822 -1.624726
v -3.475561 0.692322 -1.624726
v -3.475561 0.692322 -1.624726
v -3.413061 0.692322 -1.624726
v -3.475561 0.692322 -1.624726
v -3.475561 0.754822 -1.624726
v -3.413061 0.754822 -1.624726
v -3.413061 0.692322 -1.624726
v -3.538061 0.786073 -1.437226
v -3.538061 0.661073 -1.437226
v -3.538061 0.661072 -1.562226
v -3.538061 0.786072 -1.562226
v -3.600561 0.786073 -1.437226
v -3.538061 0.786073 -1.437226
v -3.538061 0.786072 -1.562226
v -3.600561 0.786072 -1.562226
v -3.600561 0.661073 -1.437226
v -3.600561 0.661072 -1.562226
v -3.538061 0.692322 -1.624726
v -3.538061 0.754822 -1.624726
v -3.538061 0.754822 -1.624726
v -3.600561 0.754822 -1.624726
v -3.600561 0.754822 -1.624726
v -3.600561 0.692322 -1.624726
v -3.600561 0.692322 -1.624726
v -3.538061 0.692322 -1.624726
v -3.600561 0.754822 -1.624726
v -3.538061 0.754822 -1.624726
v -3.413061 0.661073 1.562779
v -3.413061 0.661074 1.437779
v -3.413061 0.786074 1.437779
v -3.413061 0.786073 1.562779
v -3.475561 0.786074 1.437779
v -3.475561 0.786073 1.562779
v -3.475561 0.786073 1.562779
v -3.475561 0.786074 1.437779
v -3.475561 0.661074 1.437779
v -3.475561 0.661073 1.562779
v -3.413061 0.692323 1.625279
v -3.413061 0.754823 1.625279
v -3.413061 0.754823 1.625279
v -3.475561 0.754823 1.625279
v -3.475561 0.754823 1.625279
v -3.475561 0.692323 1.625279
v -3.475561 0.692323 1.625279
v -3.413061 0.692323 1.625279
v -3.413061 0.754823 1.625279
v -3.475561 0.754823 1.625279
v -3.475561 0.692323 1.625279
v -3.413061 0.692323 1.625279
v -3.538061 0.661073 1.562779
v -3.538061 0.661074 1.437779
v -3.538061 0.786074 1.437779
v -3.538061 0.786073 1.562779
v -3.538061 0.786073 1.562779
v -3.538061 0.786074 1.437779
v -3.600561 0.786074 1.437779
v -3.600561 0.786073 1.562779
v -3.600561 0.661074 1.437779
v -3.600561 0.661073 1.562779
v -3.538061 0.692323 1.625279
v -3.538061 0.754823 1.625279
v -3.538061 0.754823 1.625279
v -3.600561 0.754823 1.625279
v -3.600561 0.754823 1.625279
v -3.600561 0.692323 1.625279
v -3.600561 0.692323 1.625279
v -3.538061 0.692323 1.625279
v -3.538061 0.754823 1.625279
v -3.600561 0.754823 1.625279
v -1.975561 0.786074 -1.437226
v -1.975561 0.661074 -1.437226
v -1.975561 0.661073 -1.562226
v -1.975561 0.786073 -1.562226
v -2.038061 0.786074 -1.437226
v -2.038061 0.786073 -1.562226
v -2.038061 0.661074 -1.437226
v -2.038061 0.786074 -1.437226
v -2.038061 0.786073 -1.562226
v -2.038061 0.661073 -1.562226
v -1.975561 0.692323 -1.624726
v -1.975561 0.754823 -1.624726
v -1.975561 0.754823 -1.624726
v -2.038061 0.754823 -1.624726
v -2.038061 0.754823 -1.624726
v -2.038061 0.692323 -1.624726
v -2.038061 0.692323 -1.624726
v -1.975561 0.692323 -1.624726
v -2.038061 0.692323 -1.624726
v -2.038061 0.754823 -1.624726
v -1.975561 0.754823 -1.624726
v -1.975561 0.692323 -1.624726
v -2.100561 0.786074 -1.437226
v -2.100561 0.661074 -1.437226
v -2.100561 0.661073 -1.562226
v -2.100561 0.786073 -1.562226
v -2.163061 0.786074 -1.437226
v -2.100561 0.786074 -1.437226
v -2.100561 0.786073 -1.562226
v -2.163061 0.786073 -1.562226
v -2.163061 0.661074 -1.437226
v -2.163061 0.661073 -1.562226
v -2.100561 0.692323 -1.624726
v -2.100561 0.754823 -1.624726
v -2.100561 0.754823 -1.624726
v -2.163061 0.754823 -1.624726
v -2.163061 0.754823 -1.624726
v -2.163061 0.692323 -1.624726
v -2.163061 0.692323 -1.624726
v -2.100561 0.692323 -1.624726
v -2.163061 0.754823 -1.624726
v -2.100561 0.754823 -1.624726
v -1.975561 0.661073 1.562779
v -1.975561 0.661074 1.437779
v -1.975561 0.786074 1.437779
v -1.975561 0.786073 1.562779
v -2.038061 0.786074 1.437779
v -2.038061 0.786073 1.562779
v -2.038061 0.786073 1.562779
v -2.038061 0.786074 1.437779
v -2.038061 0.661074 1.437779
v -2.038061 0.661073 1.562779
v -1.975561 0.692323 1.625279
v -1.975561 0.754823 1.625279
v -1.975561 0.754823 1.625279
v -2.038061 0.754823 1.625279
v -2.038061 0.754823 1.625279
v -2.038061 0.692323 1.625279
v -2.038061 0.692323 1.625279
v -1.975561 0.692323 1.625279
v -1.975561 0.754823 1.625279
v -2.038061 0.754823 1.625279
v -2.038061 0.692323 1.625279
v -1.975561 0.692323 1.625279
v -2.100561 0.661073 1.562779
v -2.100561 0.661074 1.437779
v -2.100561 0.786074 1.437779
v -2.100561 0.786073 1.562779
v -2.100561 0.786073 1.562779
v -2.100561 0.786074 1.437779
v -2.163061 0.786074 1.437779
v -2.163061 0.786073 1.562779
v -2.163061 0.661074 1.437779
v -2.163061 0.661073 1.562779
v -2.100561 0.692323 1.625279
v -2.100561 0.754823 1.625279
v -2.100561 0.754823 1.625279
v -2.163061 0.754823 1.625279
v -2.163061 0.754823 1.625279
v -2.163061 0.692323 1.625279
v -2.163061 0.692323 1.625279
v -2.100561 0.692323 1.625279
v -2.100561 0.754823 1.625279
v -2.163061 0.754823 1.625279
v 1.836946 0.786075 -1.437226
v 1.836946 0.661075 -1.437226
v 1.836946 0.661074 -1.562226
v 1.836946 0.786074 -1.562226
v 1.774446 0.786075 -1.437226
v 1.774446 0.786074 -1.562226
v 1.774446 0.661075 -1.437226
v 1.774446 0.786075 -1.437226
v 1.774446 0.786074 -1.562226
v 1.774446 0.661074 -1.562226
v 1.836946 0.692324 -1.624726
v 1.836946 0.754824 -1.624726
v 1.836946 0.754824 -1.624726
v 1.774446 0.754824 -1.624726
v 1.774446 0.754824 -1.624726
v 1.774446 0.692324 -1.624726
v 1.774446 0.692324 -1.624726
v 1.836946 0.692324 -1.624726
v 1.774446 0.692324 -1.624726
v 1.774446 0.754824 -1.624726
v 1.836946 0.754824 -1.624726
v 1.836946 0.692324 -1.624726
v 1.711946 0.786075 -1.437226
v 1.711946 0.661075 -1.437226
v 1.711946 0.661074 -1.562226
v 1.711946 0.786074 -1.562226
v 1.649446 0.786075 -1.437226
v 1.711946 0.786075 -1.437226
v 1.711946 0.786074 -1.562226
v 1.649446 0.786074 -1.562226
v 1.649446 0.661075 -1.437226
v 1.649446 0.661074 -1.562226
v 1.711946 0.692324 -1.624726
v 1.711946 0.754824 -1.624726
v 1.711946 0.754824 -1.624726
v 1.649446 0.754824 -1.624726
v 1.649446 0.754824 -1.624726
v 1.649446 0.692324 -1.624726
v 1.649446 0.692324 -1.624726
v 1.711946 0.692324 -1.624726
v 1.649446 0.754824 -1.624726
v 1.711946 0.754824 -1.624726
v 1.836946 0.661074 1.562779
v 1.836946 0.661075 1.437779
v 1.836946 0.786075 1.437779
v 1.836946 0.786074 1.562779
v 1.774446 0.786075 1.437779
v 1.774446 0.786074 1.562779
v 1.774446 0.786074 1.562779
v 1.774446 0.786075 1.437779
v 1.774446 0.661075 1.437779
v 1.774446 0.661074 1.562779
v 1.836946 0.692324 1.625279
v 1.836946 0.754824 1.625279
v 1.836946 0.754824 1.625279
v 1.774446 0.754824 1.625279
v 1.774446 0.754824 1.625279
v 1.774446 0.692324 1.625279
v 1.774446 0.692324 1.625279
v 1.836946 0.692324 1.625279
v 1.836946 0.754824 1.625279
v 1.774446 0.754824 1.625279
v 1.774446 0.692324 1.625279
v 1.836946 0.692324 1.625279
v 1.711946 0.661074 1.562779
v 1.711946 0.661075 1.437779
v 1.711946 0.786075 1.437779
v 1.711946 0.786074 1.562779
v 1.711946 0.786074 1.562779
v 1.711946 0.786075 1.437779
v 1.649446 0.786075 1.437779
v 1.649446 0.786074 1.562779
v 1.649446 0.661075 1.437779
v 1.649446 0.661074 1.562779
v 1.711946 0.692324 1.625279
v 1.711946 0.754824 1.625279
v 1.711946 0.754824 1.625279
v 1.649446 0.754824 1.625279
v 1.649446 0.754824 1.625279
v 1.649446 0.692324 1.625279
v 1.649446 0.692324 1.625279
v 1.711946 0.692324 1.625279
v 1.711946 0.754824 1.625279
v 1.649446 0.754824 1.625279
v 3.405420 0.473576 -1.499723
v 3.405420 0.098575 -1.499723
v 3.342920 0.098575 -1.499723
v 3.342920 0.473576 -1.499723
v 3.405420 0.473576 -1.374723
v 3.405420 0.098575 -1.437223
v 2.967920 0.098575 -1.437223
v 2.967920 0.473575 -1.374723
v 2.967920 0.473575 -1.499723
v 2.967920 0.098575 -1.499723
v 3.030420 0.473575 -1.499723
v 3.030420 0.098575 -1.499723
v 3.030420 0.473575 -1.374723
v 3.030420 0.098575 -1.437223
v 3.342920 0.473576 -1.374723
v 3.342920 0.098575 -1.437223
v 3.405420 0.473576 -1.374723
v 3.342920 0.473576 -1.374723
v 3.342920 0.098575 -1.437223
v 3.405420 0.098575 -1.437223
v 2.967920 0.098575 -1.437223
v 3.030420 0.098575 -1.437223
v 3.030420 0.473575 -1.374723
v 2.967920 0.473575 -1.374723
v 3.405420 0.098575 -1.437223
v 3.405420 0.036075 -1.437223
v 3.405420 0.036075 -1.499723
v 3.405420 0.098575 -1.499723
v 3.342920 0.036075 -1.562223
v 3.030420 0.036075 -1.562223
v 3.030420 0.098575 -1.562223
v 3.342920 0.098575 -1.562223
v 3.342920 0.098575 -1.562223
v 3.342920 0.036075 -1.562223
v 3.405420 0.098575 -1.437223
v 3.405420 0.098575 -1.499723
v 2.967920 0.098575 -1.437223
v 3.342920 0.098575 -1.562223
v 3.030420 0.098575 -1.562223
v 3.405420 0.036075 -1.499723
v 2.967920 0.036075 -1.499723
v 2.967920 0.036075 -1.437223
v 3.405420 0.036075 -1.437223
v 2.967920 0.098575 -1.437223
v 2.967920 0.098575 -1.499723
v 2.967920 0.036075 -1.499723
v 2.967920 0.036075 -1.437223
v 3.030420 0.098575 -1.562223
v 3.030420 0.036075 -1.562223
v -2.975561 0.786073 1.437779
v -1.350561 0.786073 1.437779
v 0.836946 0.786074 1.437779
v 2.461942 0.786075 1.437779
v -1.344574 0.786073 1.437779
v 0.842919 0.786074 1.437779
v 2.467919 0.786075 1.437779
v -4.100529 0.661073 1.000259
v -4.038029 0.661073 1.000259
v -4.038029 0.786073 1.000260
v -4.100529 0.786073 1.000259
v -4.038030 0.786073 0.937759
v -4.100529 0.786073 0.937759
v -4.100529 0.786073 0.937759
v -4.038030 0.786073 0.937759
v -4.038029 0.661073 0.937759
v -4.100529 0.661073 0.937760
v -4.163029 0.692323 1.000259
v -4.163029 0.754823 1.000259
v -4.163029 0.754823 1.000259
v -4.163030 0.754823 0.937759
v -4.163030 0.754823 0.937759
v -4.163029 0.692323 0.937759
v -4.163029 0.692323 0.937759
v -4.163029 0.692323 1.000259
v -4.163029 0.754823 1.000259
v -4.163030 0.754823 0.937759
v -4.163029 0.692323 0.937759
v -4.163029 0.692323 1.000259
v -4.100529 0.661073 0.875259
v -4.038029 0.661073 0.875260
v -4.038030 0.786073 0.875259
v -4.100529 0.786073 0.875260
v -4.100529 0.786073 0.875260
v -4.038030 0.786073 0.875259
v -4.038030 0.786073 0.812759
v -4.100529 0.786073 0.812760
v -4.038029 0.661073 0.812759
v -4.100529 0.661073 0.812760
v -4.163030 0.692323 0.875260
v -4.163030 0.754823 0.875260
v -4.163030 0.754823 0.875260
v -4.163030 0.754823 0.812760
v -4.163030 0.754823 0.812760
v -4.163030 0.692323 0.812759
v -4.163030 0.692323 0.812759
v -4.163030 0.692323 0.875260
v -4.163030 0.754823 0.875260
v -4.163030 0.754823 0.812760
v -4.100529 0.661073 -0.812241
v -4.038029 0.661073 -0.812241
v -4.038029 0.786073 -0.812240
v -4.100529 0.786073 -0.812241
v -4.038030 0.786073 -0.874741
v -4.100529 0.786073 -0.874741
v -4.100529 0.786073 -0.874741
v -4.038030 0.786073 -0.874741
v -4.038029 0.661073 -0.874741
v -4.100529 0.661073 -0.874740
v -4.163029 0.692323 -0.812241
v -4.163029 0.754823 -0.812241
v -4.163029 0.754823 -0.812241
v -4.163030 0.754823 -0.874741
v -4.163030 0.754823 -0.874741
v -4.163029 0.692323 -0.874741
v -4.163029 0.692323 -0.874741
v -4.163029 0.692323 -0.812241
v -4.163029 0.754823 -0.812241
v -4.163030 0.754823 -0.874741
v -4.163029 0.692323 -0.874741
v -4.163029 0.692323 -0.812241
v -4.100529 0.661073 -0.937241
v -4.038029 0.661073 -0.937240
v -4.038030 0.786073 -0.937241
v -4.100529 0.786073 -0.937240
v -4.100529 0.786073 -0.937240
v -4.038030 0.786073 -0.937241
v -4.038030 0.786073 -0.999741
v -4.100529 0.786073 -0.999740
v -4.038029 0.661073 -0.999741
v -4.100529 0.661073 -0.999740
v -4.163030 0.692323 -0.937240
v -4.163030 0.754823 -0.937240
v -4.163030 0.754823 -0.937240
v -4.163030 0.754823 -0.999740
v -4.163030 0.754823 -0.999740
v -4.163030 0.692323 -0.999741
v -4.163030 0.692323 -0.999741
v -4.163030 0.692323 -0.937240
v -4.163030 0.754823 -0.937240
v -4.163030 0.754823 -0.999740
v 2.655419 0.786075 -1.437225
v 2.655419 0.661075 -1.437225
v 2.655419 0.661074 -1.624725
v 2.655419 0.786074 -1.624725
v 2.467919 0.661075 -1.437225
v 2.467919 0.786075 -1.437225
v 2.467919 0.786074 -1.624725
v 2.467919 0.661074 -1.624725
v 2.467919 0.661074 -1.624725
v 2.467919 0.786074 -1.624725
v 2.655419 0.661074 -1.624725
v 1.030419 0.786075 -1.437225
v 1.030420 0.661075 -1.437225
v 1.030420 0.661074 -1.624725
v 1.030419 0.786074 -1.624725
v 0.842919 0.661075 -1.437225
v 0.842919 0.786075 -1.437225
v 0.842919 0.786074 -1.624725
v 0.842919 0.661074 -1.624725
v 0.842919 0.661074 -1.624725
v 0.842919 0.786074 -1.624725
v 1.030420 0.661074 -1.624725
v -1.157074 0.786074 -1.437225
v -1.157074 0.661074 -1.437225
v -1.157074 0.661073 -1.624725
v -1.157074 0.786073 -1.624725
v -1.344574 0.661074 -1.437225
v -1.344574 0.786074 -1.437225
v -1.344574 0.786073 -1.624725
v -1.344574 0.661073 -1.624725
v -1.344574 0.661073 -1.624725
v -1.344574 0.786073 -1.624725
v -1.157074 0.661073 -1.624725
v 2.649442 0.786075 -1.437225
v 2.649442 0.661075 -1.437225
v 2.649442 0.661074 -1.624725
v 2.649442 0.786074 -1.624725
v 2.461942 0.661075 -1.437225
v 2.461942 0.786075 -1.437225
v 2.461942 0.786074 -1.624725
v 2.461942 0.661074 -1.624725
v 2.461942 0.661074 -1.624725
v 2.461942 0.786074 -1.624725
v 2.649442 0.661074 -1.624725
v 1.024446 0.786075 -1.437225
v 1.024446 0.661075 -1.437225
v 1.024446 0.661074 -1.624725
v 1.024446 0.786074 -1.624725
v 0.836946 0.661075 -1.437225
v 0.836946 0.786075 -1.437225
v 0.836946 0.786074 -1.624725
v 0.836946 0.661074 -1.624725
v 0.836946 0.661074 -1.624725
v 0.836946 0.786074 -1.624725
v 1.024446 0.661074 -1.624725
v -1.163061 0.786074 -1.437225
v -1.163061 0.661074 -1.437225
v -1.163061 0.661073 -1.624725
v -1.163061 0.786073 -1.624725
v -1.350561 0.661074 -1.437225
v -1.350561 0.786074 -1.437225
v -1.350561 0.786073 -1.624725
v -1.350561 0.661073 -1.624725
v -1.350561 0.661073 -1.624725
v -1.350561 0.786073 -1.624725
v -1.163061 0.661073 -1.624725
v -2.788061 0.786073 -1.437225
v -2.788061 0.661073 -1.437225
v -2.788061 0.661073 -1.624725
v -2.788061 0.786073 -1.624725
v -2.975561 0.661073 -1.437225
v -2.975561 0.786073 -1.437225
v -2.975561 0.786073 -1.624725
v -2.975561 0.661073 -1.624725
v -2.975561 0.661073 -1.624725
v -2.975561 0.786073 -1.624725
v -2.788061 0.661073 -1.624725
v -2.975561 0.786073 -1.437225
v -1.350561 0.786074 -1.437225
v 0.836946 0.786075 -1.437225
v 2.461942 0.786075 -1.437225
v -1.344574 0.786074 -1.437225
v 0.842919 0.786075 -1.437225
v 2.467919 0.786075 -1.437225
v 3.717806 0.786075 1.000260
v 3.717806 0.661075 1.000259
v 3.780306 0.661075 1.000259
v 3.780306 0.786075 1.000259
v 3.717807 0.786075 0.937759
v 3.780306 0.786075 0.937759
v 3.717806 0.661075 0.937759
v 3.717807 0.786075 0.937759
v 3.780306 0.786075 0.937759
v 3.780306 0.661075 0.937760
v 3.842806 0.692325 1.000259
v 3.842806 0.754825 1.000259
v 3.842806 0.754825 1.000259
v 3.842807 0.754825 0.937759
v 3.842807 0.754825 0.937759
v 3.842806 0.692325 0.937759
v 3.842806 0.692325 0.937759
v 3.842806 0.692325 1.000259
v 3.842806 0.692325 0.937759
v 3.842807 0.754825 0.937759
v 3.842806 0.754825 1.000259
v 3.842806 0.692325 1.000259
v 3.717807 0.786075 0.875259
v 3.717806 0.661075 0.875260
v 3.780306 0.661075 0.875259
v 3.780306 0.786075 0.875260
v 3.717807 0.786075 0.812759
v 3.717807 0.786075 0.875259
v 3.780306 0.786075 0.875260
v 3.780306 0.786075 0.812760
v 3.717806 0.661075 0.812759
v 3.780306 0.661075 0.812760
v 3.842807 0.692325 0.875260
v 3.842807 0.754825 0.875260
v 3.842807 0.754825 0.875260
v 3.842807 0.754825 0.812760
v 3.842807 0.754825 0.812760
v 3.842807 0.692325 0.812759
v 3.842807 0.692325 0.812759
v 3.842807 0.692325 0.875260
v 3.842807 0.754825 0.812760
v 3.842807 0.754825 0.875260
v 3.717806 0.786075 -0.812240
v 3.717806 0.661075 -0.812241
v 3.780306 0.661075 -0.812241
v 3.780306 0.786075 -0.812241
v 3.717807 0.786075 -0.874741
v 3.780306 0.786075 -0.874741
v 3.717806 0.661075 -0.874741
v 3.717807 0.786075 -0.874741
v 3.780306 0.786075 -0.874741
v 3.780306 0.661075 -0.874740
v 3.842806 0.692326 -0.812241
v 3.842806 0.754826 -0.812241
v 3.842806 0.754826 -0.812241
v 3.842807 0.754826 -0.874741
v 3.842807 0.754826 -0.874741
v 3.842806 0.692326 -0.874741
v 3.842806 0.692326 -0.874741
v 3.842806 0.692326 -0.812241
v 3.842806 0.692326 -0.874741
v 3.842807 0.754826 -0.874741
v 3.842806 0.754826 -0.812241
v 3.842806 0.692326 -0.812241
v 3.717807 0.786075 -0.937241
v 3.717806 0.661075 -0.937240
v 3.780306 0.661075 -0.937241
v 3.780306 0.786075 -0.937240
v 3.717807 0.786075 -0.999741
v 3.717807 0.786075 -0.937241
v 3.780306 0.786075 -0.937240
v 3.780306 0.786075 -0.999740
v 3.717806 0.661075 -0.999741
v 3.780306 0.661075 -0.999740
v 3.842807 0.692326 -0.937240
v 3.842807 0.754826 -0.937240
v 3.842807 0.754826 -0.937240
v 3.842807 0.754826 -0.999740
v 3.842807 0.754826 -0.999740
v 3.842807 0.692326 -0.999741
v 3.842807 0.692326 -0.999741
v 3.842807 0.692326 -0.937240
v 3.842807 0.754826 -0.999740
v 3.842807 0.754826 -0.937240
v 3.780420 0.300464 -0.385260
v 3.780420 0.327865 -0.329086
v 3.530420 0.327865 -0.329086
v 3.530420 0.300464 -0.385260
v 3.780420 0.244289 -0.357862
v 3.780420 0.271690 -0.301688
v 3.530420 0.244289 -0.357862
v 3.530420 0.271690 -0.301688
v 3.467920 0.327865 -0.329086
v 3.467920 0.300464 -0.385260
v 3.530419 0.552559 -0.438688
v 3.530419 0.525158 -0.494862
v 3.467919 0.552559 -0.438688
v 3.467919 0.525158 -0.494862
v -4.100643 0.300462 0.385814
v -4.100643 0.327863 0.329640
v -3.850643 0.327863 0.329640
v -3.850643 0.300462 0.385814
v -4.100643 0.244287 0.358416
v -4.100643 0.271688 0.302242
v -3.850643 0.244287 0.358416
v -3.850643 0.271688 0.302242
v -3.788143 0.327863 0.329640
v -3.788143 0.300462 0.385814
v -3.850643 0.552557 0.439242
v -3.850643 0.525156 0.495416
v -3.788143 0.552557 0.439242
v -3.788143 0.525156 0.495416
v 3.899310 0.336367 -0.261536
v 3.899315 0.273868 -0.369789
v 3.959417 0.259025 -0.361220
v 3.959417 0.321524 -0.252967
v 3.976553 0.373568 -0.283017
v 3.916452 0.388412 -0.291585
v 3.899310 0.336367 -0.261536
v 3.959417 0.321524 -0.252967
v 3.993693 0.394371 -0.367194
v 3.933590 0.409214 -0.375764
v 4.027970 0.498475 -0.427297
v 3.967869 0.513318 -0.435868
v 3.967869 0.482069 -0.489995
v 3.967869 0.513318 -0.435868
v 4.027970 0.498475 -0.427297
v 4.027972 0.467226 -0.481424
v 4.027970 0.498475 -0.427297
v 3.993693 0.394371 -0.367194
v 3.933590 0.409214 -0.375764
v 3.967869 0.513318 -0.435868
v 3.916452 0.388412 -0.291585
v 3.899310 0.336367 -0.261536
v 3.864246 0.249668 -0.355817
v 3.864248 0.280916 -0.301690
v 3.926748 0.187164 -0.247567
v 3.926746 0.155915 -0.301695
v 3.810118 0.222604 -0.340192
v 3.872618 0.128851 -0.286071
v 3.810120 0.253853 -0.286065
v 3.872620 0.160100 -0.231943
v 3.780439 0.267905 -0.258093
v 3.780439 0.205407 -0.366347
v 3.967939 0.205407 -0.366347
v 3.967939 0.267904 -0.258094
v 3.780439 0.376155 -0.320593
v 3.967939 0.376156 -0.320591
v 3.780439 0.313660 -0.428844
v 3.967939 0.313660 -0.428844
v 3.780439 0.313660 -0.428844
v 3.967939 0.313660 -0.428844
v 3.967939 0.267904 -0.258094
v 3.967939 0.205407 -0.366347
v 3.780439 0.267905 -0.258093
v 3.780439 0.205407 -0.366347
v -4.219534 0.336365 0.262090
v -4.219538 0.273866 0.370343
v -4.279640 0.259023 0.361774
v -4.279640 0.321522 0.253521
v -4.296776 0.373566 0.283571
v -4.236675 0.388410 0.292139
v -4.219534 0.336365 0.262090
v -4.279640 0.321522 0.253521
v -4.313917 0.394369 0.367748
v -4.253813 0.409212 0.376318
v -4.348194 0.498472 0.427851
v -4.288092 0.513315 0.436422
v -4.288092 0.482066 0.490549
v -4.288092 0.513315 0.436422
v -4.348194 0.498472 0.427851
v -4.348196 0.467223 0.481978
v -4.348194 0.498472 0.427851
v -4.313917 0.394369 0.367748
v -4.253813 0.409212 0.376318
v -4.288092 0.513315 0.436422
v -4.236675 0.388410 0.292139
v -4.219534 0.336365 0.262090
v -4.184469 0.249666 0.356371
v -4.184471 0.280914 0.302244
v -4.246971 0.187162 0.248122
v -4.246969 0.155913 0.302249
v -4.130342 0.222602 0.340746
v -4.192842 0.128849 0.286625
v -4.130344 0.253851 0.286619
v -4.192844 0.160098 0.232497
v -4.100662 0.267903 0.258647
v -4.100662 0.205405 0.366901
v -4.288162 0.205405 0.366901
v -4.288162 0.267902 0.258648
v -4.100662 0.376153 0.321147
v -4.288162 0.376154 0.321145
v -4.100662 0.313658 0.429398
v -4.288162 0.313658 0.429398
v -4.100662 0.313658 0.429398
v -4.288162 0.313658 0.429398
v -4.288162 0.267902 0.258648
v -4.288162 0.205405 0.366901
v -4.100662 0.267903 0.258647
v -4.100662 0.205405 0.366901
vn -0.0000 1.0000 -0.0000
vn -0.0000 -1.0000 -0.0000
vn -0.0000 -0.0000 -1.0000
vn -0.0000 -0.0000 1.0000
vn -1.0000 -0.0000 -0.0000
vn 1.0000 -0.0000 -0.0000
vn -0.0000 -0.5547 -0.8320
vn -0.0000 -0.5547 0.8321
vn -0.0000 -0.5547 -0.8321
vn -0.4472 -0.0000 -0.8944
vn -0.4472 -0.0000 0.8944
vn 0.4472 -0.0000 0.8944
vn 0.7071 -0.0000 0.7071
vn 0.3162 -0.0000 0.9487
vn 0.4472 -0.0000 -0.8944
vn -0.9113 -0.0000 -0.4117
vn -0.8944 -0.0000 0.4472
vn 0.0712 -0.0000 0.9975
vn 0.0712 -0.0000 -0.9975
vn -0.3814 -0.0000 -0.9244
vn -0.9244 -0.0000 0.3814
vn 0.9244 -0.0000 -0.3814
vn -0.9244 -0.0000 0.3813
vn 0.3814 -0.0000 0.9244
vn 0.8944 -0.0000 -0.4472
vn -0.4477 0.0003 0.8942
vn 0.9113 0.0003 0.4117
vn 0.9113 0.0006 0.4117
vn 0.9113 0.0001 0.4117
vn -0.2215 0.8574 0.4645
vn 0.9113 -0.0003 0.4117
vn 0.9113 -0.0001 0.4117
vn 0.9113 -0.0006 0.4117
vn -0.2215 -0.8574 0.4645
vn -0.4117 -0.0000 0.9113
vn 0.7071 0.7071 -0.0000
vn 0.7071 -0.7071 -0.0000
vn 0.0273 0.9993 -0.0255
vn 0.4210 -0.8980 -0.1283
vn 0.3981 -0.9094 -0.1204
vn 0.2179 -0.9742 -0.0582
vn -0.0054 -0.9998 0.0180
vn -0.3459 -0.9289 0.1325
vn -0.6568 -0.7167 0.2346
vn -0.8431 -0.4506 0.2935
vn -0.8895 -0.3380 0.3074
vn -0.9289 -0.1890 0.3184
vn -0.9462 -0.0342 0.3218
vn -0.3214 -0.0154 -0.9468
vn -0.3214 -0.0153 -0.9468
vn -0.3215 -0.0154 -0.9468
vn 0.3215 0.0154 0.9468
vn 0.3215 0.0153 0.9468
vn 0.3214 0.0154 0.9468
vn 0.3214 0.0153 0.9468
vn 0.9462 0.0335 -0.3217
vn 0.9289 0.1891 -0.3184
vn 0.8891 0.3393 -0.3074
vn 0.8474 0.4415 -0.2949
vn 0.6571 0.7164 -0.2346
vn 0.3570 0.9241 -0.1362
vn 0.0055 0.9998 -0.0181
vn -0.2179 0.9742 0.0582
vn -0.4008 0.9081 0.1214
vn -0.4210 0.8979 0.1283
vn 0.8482 0.4398 -0.2951
vn -0.0000 0.4472 -0.8944
vn -0.4470 -0.8945 0.0002
vn -0.7071 -0.0000 -0.7071
vn -0.3162 -0.0000 -0.9487
vn 0.9113 -0.0000 0.4117
vn -0.0712 -0.0000 -0.9975
vn -0.0712 -0.0000 0.9975
vn 0.4477 0.0003 -0.8942
vn -0.9113 0.0003 -0.4117
vn -0.9113 0.0005 -0.4117
vn -0.9113 0.0001 -0.4117
vn 0.2215 0.8574 -0.4645
vn -0.9113 -0.0003 -0.4117
vn -0.9113 -0.0001 -0.4117
vn -0.9113 -0.0005 -0.4117
vn 0.2215 -0.8574 -0.4645
vn 0.4117 -0.0000 -0.9113
vn -0.7071 0.7071 -0.0000
vn -0.7071 -0.7071 -0.0000
vn -0.0000 0.2900 0.9570
vn -0.0000 -0.9570 0.2900
vn -0.0000 -0.2900 -0.9570
vn -0.0000 0.9570 -0.2900
vn 0.8944 0.4280 -0.1297
vn 0.9806 0.1877 -0.0569
vn -0.0273 0.9993 0.0255
vn -0.4210 -0.8980 0.1284
vn -0.3981 -0.9094 0.1204
vn -0.2179 -0.9742 0.0582
vn 0.0054 -0.9998 -0.0180
vn 0.3459 -0.9289 -0.1325
vn 0.6568 -0.7167 -0.2346
vn 0.8431 -0.4506 -0.2935
vn 0.8895 -0.3381 -0.3074
vn 0.9289 -0.1891 -0.3184
vn 0.9462 -0.0342 -0.3218
vn 0.3215 -0.0154 0.9468
vn 0.3214 -0.0153 0.9468
vn 0.3214 -0.0154 0.9468
vn -0.3215 0.0154 -0.9468
vn -0.3214 0.0154 -0.9468
vn -0.3214 0.0153 -0.9468
vn -0.3215 0.0153 -0.9468
vn -0.9462 0.0335 0.3217
vn -0.9289 0.1891 0.3184
vn -0.8891 0.3393 0.3073
vn -0.8474 0.4416 0.2949
vn -0.6570 0.7164 0.2347
vn -0.3569 0.9241 0.1362
vn -0.0054 0.9998 0.0181
vn 0.2179 0.9742 -0.0582
vn 0.4008 0.9081 -0.1214
vn 0.4210 0.8980 -0.1284
vn -0.8482 0.4398 0.2951
vn -0.0000 0.4472 0.8944
vn 0.4470 -0.8945 -0.0002
vn -0.9659 -0.2588 -0.0000
vn -0.2588 -0.9659 -0.0000
vn 0.9659 0.2588 -0.0000
vn 0.2588 0.9659 -0.0000
vn -0.9659 0.2588 -0.0000
vn 0.9659 -0.2588 -0.0000
vn -0.0670 -0.2500 0.9659
vn 0.0670 0.2500 -0.9659
vn -0.1830 0.1830 0.9659
vn 0.1830 -0.1830 -0.9659
vn 0.2588 -0.9659 -0.0000
vn -0.2588 0.9659 -0.0000
vn 0.2500 0.0670 0.9659
vn -0.2500 -0.0670 -0.9659
vn -0.4472 0.8944 -0.0000
vn -0.4472 -0.8944 -0.0000
vn -0.0000 0.9487 0.3162
vn -0.0000 -0.6000 -0.8000
vn -0.0041 -1.0000 -0.0000
vn 0.0041 1.0000 -0.0000
vn 0.0017 1.0000 -0.0000
vn 0.0123 0.9999 -0.0000
vn -0.0017 -1.0000 -0.0000
vn -0.0123 -0.9999 -0.0000
vn 0.7071 -0.0000 -0.7071
vn -0.7071 -0.0000 0.7071
vn -0.0000 -0.1644 -0.9864
vn -0.0000 0.2900 -0.9570
vn -0.0000 -0.9570 -0.2900
vn -0.0000 -0.2900 0.9570
vn -0.0000 0.9570 0.2900
vn -0.8944 0.4280 0.1297
vn -0.9806 0.1877 0.0569
vn -0.0000 -0.9912 -0.1322
vn -0.0000 -0.9912 0.1322
vn 0.6934 -0.7192 -0.0448
vn 0.7335 -0.6744 -0.0843
vn -0.0000 -0.9923 0.1240
vn -0.6934 -0.7192 -0.0448
vn -0.7335 -0.6744 -0.0843
vn 0.3162 -0.9487 -0.0000
vn -0.3162 0.9487 -0.0000
vn -0.0000 0.8944 -0.4472
vn -0.0000 -0.8944 -0.4472
vn -0.3162 -0.9487 -0.0000
vn 0.3162 0.9487 -0.0000
vn -0.0000 0.8944 0.4472
vn -0.0000 -0.8944 0.4472
vn -0.0000 -0.1644 0.9864
vn 0.4472 0.8944 -0.0000
vn 0.4472 -0.8944 -0.0000
vn 0.3150 0.6666 -0.6756
vn -0.0000 0.8988 -0.4384
vn 0.3149 0.9428 -0.1094
vn 0.3149 -0.9428 0.1094
vn 0.3150 -0.6666 0.6756
vn 0.1119 -0.9625 0.2470
vn 0.1119 -0.7872 0.6065
vn -0.0000 -0.4384 -0.8988
vn 0.1653 -0.2841 -0.9444
vn 0.0965 -0.3045 -0.9476
vn 0.3150 0.6756 0.6666
vn -0.0000 0.4384 0.8988
vn 0.1653 0.5694 0.8053
vn 0.3149 0.1094 0.9428
vn 0.3149 -0.1094 -0.9428
vn 0.3150 -0.6756 -0.6666
vn -0.8297 -0.4425 0.3403
vn -0.8297 -0.5406 0.1392
vn -0.5821 -0.7914 0.1867
vn -0.5849 -0.6974 0.4142
vn 0.2255 0.4794 0.8481
vn -0.3149 0.6756 0.6666
vn -0.3149 -0.1094 -0.9428
vn 0.3150 -0.1095 -0.9428
vn 0.8953 0.1450 -0.4212
vn 0.8953 0.4212 0.1450
vn -0.9852 0.1291 0.1129
vn -0.9724 0.0956 -0.2127
vn -0.8953 0.4211 0.1450
vn -0.8953 0.1450 -0.4212
vn -0.3150 0.6666 0.6756
vn -0.0000 0.8988 0.4384
vn -0.3149 0.9428 0.1094
vn -0.3149 -0.9428 -0.1094
vn -0.3150 -0.6666 -0.6756
vn -0.1119 -0.9625 -0.2470
vn -0.1119 -0.7872 -0.6065
vn -0.0000 -0.4384 0.8988
vn -0.1653 -0.2841 0.9444
vn -0.0965 -0.3045 0.9476
vn -0.3150 0.6756 -0.6666
vn -0.0000 0.4384 -0.8988
vn -0.1653 0.5694 -0.8053
vn -0.3149 0.1094 -0.9428
vn -0.3149 -0.1094 0.9428
vn -0.3150 -0.6756 0.6666
vn 0.8297 -0.4425 -0.3403
vn 0.8297 -0.5406 -0.1392
vn 0.5821 -0.7914 -0.1867
vn 0.5849 -0.6974 -0.4142
vn -0.2255 0.4794 -0.8481
vn 0.3149 0.6756 -0.6666
vn 0.3149 -0.1094 0.9428
vn -0.3150 -0.1095 0.9428
vn -0.8953 0.1450 0.4212
vn -0.8953 0.4212 -0.1450
vn 0.9852 0.1291 -0.1129
vn 0.9724 0.0956 0.2127
vn 0.8953 0.4211 -0.1450
vn 0.8953 0.1450 0.4212
vn -0.2742 -0.8328 0.4808
vn -0.0000 0.5000 0.8660
vn 0.1939 0.9424 0.2724
vn 0.2742 0.8328 -0.4808
vn -0.0000 -0.5000 -0.8660
vn 0.9617 -0.2375 0.1371
vn -0.9617 0.2375 -0.1371
vn -0.9616 0.2375 -0.1372
vn 0.8660 0.4330 -0.2500
vn -0.8660 -0.4330 0.2500
vn -0.0000 -0.8660 0.5000
vn -0.0000 0.8660 -0.5000
vn 0.2742 -0.8328 -0.4808
vn -0.0000 0.5000 -0.8660
vn -0.1939 0.9424 -0.2724
vn -0.2742 0.8328 0.4808
vn -0.0000 -0.5000 0.8660
vn -0.9617 -0.2375 -0.1371
vn 0.9617 0.2375 0.1371
vn 0.9616 0.2375 0.1372
vn -0.8660 0.4330 0.2500
vn 0.8660 -0.4330 -0.2500
vn -0.0000 -0.8660 -0.5000
vn -0.0000 0.8660 0.5000
vt 0.761819 0.291016
vt 0.761819 0.250000
vt 0.998047 0.250000
vt 0.998047 0.291016
vt 0.998047 0.312500
vt 0.761819 0.312500
vt 0.761819 0.271484
vt 0.998047 0.271484
vt 0.998047 0.343750
vt 0.761819 0.343750
vt 0.998047 0.375000
vt 0.761819 0.375000
vt 0.998047 0.189453
vt 0.998047 0.208984
vt 0.912109 0.208984
vt 0.912109 0.189453
vt 0.912109 0.111328
vt 0.998047 0.111328
vt 0.998047 0.113281
vt 0.912109 0.113281
vt 0.912109 0.187500
vt 0.998047 0.187500
vt 0.998047 0.115234
vt 0.912109 0.115234
vt 0.912109 0.185547
vt 0.998047 0.185547
vt 0.611328 0.208984
vt 0.525391 0.208984
vt 0.525391 0.189453
vt 0.611328 0.189453
vt 0.763596 0.113281
vt 0.763596 0.111328
vt 0.849121 0.111328
vt 0.849121 0.113281
vt 0.611328 0.187500
vt 0.525391 0.187500
vt 0.763596 0.115234
vt 0.849121 0.115234
vt 0.611328 0.185547
vt 0.525391 0.185547
vt 0.763596 0.164062
vt 0.763730 0.162109
vt 0.998047 0.162109
vt 0.998047 0.164062
vt 0.998047 0.136719
vt 0.998047 0.138672
vt 0.763730 0.138672
vt 0.763596 0.136719
vt 0.763596 0.126953
vt 0.849121 0.126953
vt 0.998047 0.126953
vt 0.912109 0.126953
vt 0.763596 0.173828
vt 0.849121 0.173828
vt 0.912109 0.173828
vt 0.998047 0.173828
vt 0.998047 0.058594
vt 0.998047 0.064453
vt 0.908203 0.064453
vt 0.908203 0.058594
vt 0.998047 0.056641
vt 0.908203 0.056641
vt 0.998047 0.109375
vt 0.908203 0.111328
vt 0.908203 0.109375
vt 0.853027 0.064453
vt 0.763596 0.064453
vt 0.763596 0.058594
vt 0.853027 0.058594
vt 0.763596 0.056641
vt 0.853027 0.056641
vt 0.853027 0.111328
vt 0.763596 0.109375
vt 0.853027 0.109375
vt 0.763596 0.089844
vt 0.763596 0.083984
vt 0.998047 0.083984
vt 0.998047 0.089844
vt 0.763596 0.091797
vt 0.998047 0.091797
vt 0.763596 0.093750
vt 0.998047 0.093750
vt 0.998047 0.101562
vt 0.908203 0.101562
vt 0.763596 0.101562
vt 0.853027 0.101562
vt 0.853027 0.072266
vt 0.763596 0.072266
vt 0.998047 0.072266
vt 0.908203 0.072266
vt 0.908203 0.048828
vt 0.998047 0.048828
vt 0.998047 0.054688
vt 0.908203 0.054688
vt 0.908203 0.001953
vt 0.998047 0.001953
vt 0.998047 0.003906
vt 0.908203 0.003906
vt 0.763596 0.054688
vt 0.763596 0.048828
vt 0.853027 0.048828
vt 0.853027 0.054688
vt 0.763184 0.003906
vt 0.763184 0.001953
vt 0.853027 0.001953
vt 0.853027 0.003906
vt 0.998047 0.029297
vt 0.763596 0.029297
vt 0.763596 0.023438
vt 0.998047 0.023438
vt 0.763596 0.021484
vt 0.998047 0.021484
vt 0.763596 0.019531
vt 0.998047 0.019531
vt 0.998047 0.011719
vt 0.908203 0.011719
vt 0.763596 0.011719
vt 0.853027 0.011719
vt 0.853027 0.041016
vt 0.763596 0.041016
vt 0.998047 0.041016
vt 0.908203 0.041016
vt 0.513670 0.005860
vt 0.513670 0.001950
vt 0.525390 0.001950
vt 0.525390 0.005860
vt 0.470703 0.095703
vt 0.470700 0.001950
vt 0.482420 0.001950
vt 0.482422 0.095703
vt 0.494140 0.001950
vt 0.494141 0.095703
vt 0.513672 0.095703
vt 0.509766 0.095703
vt 0.509770 0.001950
vt 0.519530 0.009770
vt 0.519530 0.013670
vt 0.513670 0.013670
vt 0.513670 0.009770
vt 0.503910 0.001950
vt 0.503906 0.095703
vt 0.498047 0.091797
vt 0.498050 0.005860
vt 0.519530 0.017580
vt 0.513670 0.017580
vt 0.509770 0.005860
vt 0.509766 0.091797
vt 0.494140 0.005860
vt 0.494141 0.091797
vt 0.525391 0.103516
vt 0.513672 0.103516
vt 0.513672 0.099609
vt 0.525391 0.099609
vt 0.482422 0.189453
vt 0.470703 0.189453
vt 0.525391 0.095703
vt 0.494141 0.189453
vt 0.513672 0.189453
vt 0.509766 0.189453
vt 0.513672 0.109375
vt 0.519531 0.109375
vt 0.519531 0.113281
vt 0.513672 0.113281
vt 0.500000 0.185547
vt 0.500000 0.099609
vt 0.517578 0.103516
vt 0.517578 0.109375
vt 0.503906 0.099609
vt 0.503906 0.185547
vt 0.525390 0.009770
vt 0.134770 0.072260
vt 0.134770 0.052730
vt 0.138670 0.054690
vt 0.138670 0.070310
vt 0.140630 0.074220
vt 0.138670 0.074220
vt 0.140630 0.070310
vt 0.144530 0.052730
vt 0.144530 0.072260
vt 0.140630 0.054690
vt 0.138670 0.050780
vt 0.140630 0.050780
vt 0.148440 0.054690
vt 0.148440 0.070310
vt 0.150390 0.074220
vt 0.148440 0.074220
vt 0.150390 0.070310
vt 0.154300 0.052730
vt 0.154300 0.072260
vt 0.150390 0.054690
vt 0.148440 0.050780
vt 0.150390 0.050780
vt 0.140630 0.039060
vt 0.140630 0.037110
vt 0.152350 0.037110
vt 0.152350 0.039060
vt 0.140630 0.041010
vt 0.152350 0.041010
vt 0.140630 0.042970
vt 0.152350 0.042970
vt 0.140630 0.035160
vt 0.152350 0.035160
vt 0.154300 0.037110
vt 0.154300 0.039060
vt 0.138670 0.037110
vt 0.138670 0.039060
vt 0.152350 0.046870
vt 0.140630 0.046870
vt 0.140630 0.044920
vt 0.152350 0.044920
vt 0.152350 0.050780
vt 0.140630 0.048830
vt 0.152350 0.048830
vt 0.154300 0.044920
vt 0.154300 0.046870
vt 0.138670 0.046870
vt 0.138670 0.044920
vt 0.087890 0.035160
vt 0.087890 0.041010
vt 0.083990 0.042970
vt 0.083990 0.035160
vt 0.095700 0.023440
vt 0.095700 0.017580
vt 0.099610 0.017580
vt 0.099610 0.023440
vt 0.099610 0.029300
vt 0.095700 0.031250
vt 0.113280 0.023440
vt 0.113280 0.017580
vt 0.117190 0.017580
vt 0.117190 0.023440
vt 0.082030 0.044920
vt 0.082030 0.035160
vt 0.093750 0.023440
vt 0.093750 0.033200
vt 0.119140 0.017580
vt 0.119140 0.023440
vt 0.125000 0.017580
vt 0.125000 0.023440
vt 0.128910 0.017580
vt 0.128910 0.023440
vt 0.136720 0.017580
vt 0.136720 0.023440
vt 0.134770 0.023440
vt 0.134770 0.017580
vt 0.138670 0.017580
vt 0.138670 0.023440
vt 0.144530 0.017580
vt 0.144530 0.023440
vt 0.087890 0.031250
vt 0.086140 0.030380
vt 0.090050 0.030170
vt 0.076170 0.042970
vt 0.076170 0.046870
vt 0.072270 0.046870
vt 0.074430 0.042090
vt 0.078330 0.041890
vt 0.113280 0.028320
vt 0.113280 0.024410
vt 0.082030 0.023440
vt 0.082030 0.017580
vt 0.101560 0.036130
vt 0.101560 0.040040
vt 0.087890 0.025850
vt 0.076170 0.037570
vt 0.130860 0.054690
vt 0.130860 0.052730
vt 0.134770 0.054690
vt 0.130860 0.070310
vt 0.134770 0.070310
vt 0.130860 0.072260
vt 0.121100 0.070310
vt 0.119140 0.070310
vt 0.119140 0.054690
vt 0.121100 0.054690
vt 0.128910 0.070310
vt 0.128910 0.054690
vt 0.123050 0.054690
vt 0.123050 0.070310
vt 0.134770 0.074220
vt 0.130860 0.074220
vt 0.126950 0.070310
vt 0.126950 0.054690
vt 0.130860 0.050780
vt 0.134770 0.050780
vt 0.072270 0.009760
vt 0.070310 0.009760
vt 0.070310 0.011720
vt 0.072270 0.011720
vt 0.072270 0.013670
vt 0.070310 0.013670
vt 0.068360 0.009760
vt 0.068360 0.011720
vt 0.074220 0.013670
vt 0.074220 0.015620
vt 0.070310 0.015620
vt 0.062500 0.017580
vt 0.062500 0.012230
vt 0.060550 0.013210
vt 0.060550 0.015620
vt 0.068360 0.013670
vt 0.074220 0.017580
vt 0.070310 0.017580
vt 0.076170 0.020050
vt 0.076170 0.025390
vt 0.074220 0.023440
vt 0.074220 0.021020
vt 0.062500 0.009760
vt 0.062500 0.011720
vt 0.062500 0.013670
vt 0.062500 0.015620
vt 0.056640 0.017580
vt 0.056640 0.015620
vt 0.070310 0.025390
vt 0.070310 0.023440
vt 0.074220 0.009760
vt 0.074220 0.011720
vt 0.075450 0.019510
vt 0.078130 0.007810
vt 0.080080 0.007810
vt 0.080080 0.009760
vt 0.078130 0.009760
vt 0.076170 0.015620
vt 0.076170 0.017580
vt 0.080080 0.017580
vt 0.074220 0.007810
vt 0.078130 0.011720
vt 0.061780 0.011690
vt 0.062500 0.007810
vt 0.064450 0.007810
vt 0.064450 0.009760
vt 0.076170 0.013670
vt 0.076170 0.023440
vt 0.080080 0.023440
vt 0.068360 0.007810
vt 0.080080 0.058590
vt 0.080080 0.072260
vt 0.076170 0.072260
vt 0.076170 0.060550
vt 0.093750 0.044920
vt 0.093750 0.046870
vt 0.089850 0.046870
vt 0.103520 0.072260
vt 0.103520 0.058590
vt 0.107420 0.060550
vt 0.107420 0.072260
vt 0.089850 0.080080
vt 0.093750 0.080080
vt 0.093750 0.083980
vt 0.089850 0.083980
vt 0.072270 0.072260
vt 0.072270 0.060550
vt 0.085940 0.058590
vt 0.087890 0.072260
vt 0.089850 0.072260
vt 0.093750 0.072260
vt 0.095700 0.072260
vt 0.097660 0.058590
vt 0.089850 0.050780
vt 0.093750 0.050780
vt 0.093750 0.056640
vt 0.089850 0.056640
vt 0.089850 0.062500
vt 0.089850 0.070310
vt 0.093750 0.070310
vt 0.093750 0.062500
vt 0.140630 0.009770
vt 0.140630 0.007810
vt 0.142580 0.007810
vt 0.142580 0.009770
vt 0.142580 0.003910
vt 0.144530 0.003910
vt 0.144530 0.001950
vt 0.142580 0.001950
vt 0.146480 0.003910
vt 0.146480 0.001950
vt 0.148440 0.003910
vt 0.148440 0.001950
vt 0.150390 0.003910
vt 0.150390 0.001950
vt 0.152340 0.003910
vt 0.152340 0.001950
vt 0.154300 0.003910
vt 0.154300 0.001950
vt 0.156250 0.003910
vt 0.156250 0.001950
vt 0.158200 0.003910
vt 0.158200 0.001950
vt 0.160160 0.003910
vt 0.160160 0.001950
vt 0.162110 0.003910
vt 0.162110 0.001950
vt 0.162110 0.009770
vt 0.160160 0.009770
vt 0.160160 0.007810
vt 0.162110 0.007810
vt 0.158200 0.009770
vt 0.158200 0.007810
vt 0.156250 0.009770
vt 0.156250 0.007810
vt 0.154300 0.009770
vt 0.154300 0.007810
vt 0.152340 0.009770
vt 0.152340 0.007810
vt 0.150390 0.009770
vt 0.150390 0.007810
vt 0.148440 0.009770
vt 0.148440 0.007810
vt 0.146480 0.009770
vt 0.146480 0.007810
vt 0.144530 0.009770
vt 0.144530 0.007810
vt 0.144530 0.005860
vt 0.142580 0.005860
vt 0.146480 0.005860
vt 0.148440 0.005860
vt 0.150390 0.005860
vt 0.152340 0.005860
vt 0.154300 0.005860
vt 0.156250 0.005860
vt 0.158200 0.005860
vt 0.160160 0.005860
vt 0.162110 0.005860
vt 0.140630 0.005860
vt 0.087890 0.007810
vt 0.089850 0.007810
vt 0.089850 0.009760
vt 0.087890 0.009760
vt 0.089850 0.011720
vt 0.087890 0.011720
vt 0.082030 0.007810
vt 0.082030 0.009760
vt 0.080080 0.013670
vt 0.085940 0.013670
vt 0.082030 0.013670
vt 0.085940 0.009760
vt 0.089850 0.015620
vt 0.082030 0.005860
vt 0.087890 0.005860
vt 0.093750 0.085940
vt 0.109380 0.060550
vt 0.109380 0.072260
vt 0.162110 0.035160
vt 0.166020 0.035160
vt 0.166020 0.039060
vt 0.162110 0.039060
vt 0.158200 0.035160
vt 0.158200 0.039060
vt 0.162110 0.042970
vt 0.158200 0.042970
vt 0.154300 0.035160
vt 0.158200 0.031250
vt 0.162110 0.031250
vt 0.162110 0.046870
vt 0.158200 0.046870
vt 0.175780 0.021480
vt 0.175780 0.019530
vt 0.177740 0.019530
vt 0.177740 0.021480
vt 0.181640 0.023440
vt 0.177740 0.023440
vt 0.181640 0.021480
vt 0.177740 0.017580
vt 0.181640 0.017580
vt 0.181640 0.019530
vt 0.185550 0.023440
vt 0.185550 0.017580
vt 0.185550 0.019530
vt 0.185550 0.021480
vt 0.162110 0.050780
vt 0.166020 0.050780
vt 0.166020 0.054690
vt 0.162110 0.054690
vt 0.158200 0.050780
vt 0.158200 0.054690
vt 0.162110 0.058590
vt 0.158200 0.058590
vt 0.154300 0.050780
vt 0.154300 0.054690
vt 0.162110 0.062500
vt 0.158200 0.062500
vt 0.160160 0.021480
vt 0.160160 0.019530
vt 0.162110 0.019530
vt 0.162110 0.021480
vt 0.166020 0.023440
vt 0.162110 0.023440
vt 0.166020 0.021480
vt 0.162110 0.017580
vt 0.166020 0.017580
vt 0.166020 0.019530
vt 0.166020 0.025390
vt 0.175780 0.023440
vt 0.175780 0.025390
vt 0.175780 0.017580
vt 0.162110 0.025390
vt 0.050780 0.077150
vt 0.050780 0.071300
vt 0.052730 0.070320
vt 0.052730 0.078130
vt 0.056640 0.071300
vt 0.056640 0.077150
vt 0.054690 0.078130
vt 0.054690 0.070320
vt 0.050780 0.038090
vt 0.050780 0.032240
vt 0.052730 0.031250
vt 0.052730 0.039070
vt 0.056640 0.032240
vt 0.056640 0.038090
vt 0.054680 0.039070
vt 0.054680 0.031250
vt 0.050780 0.045900
vt 0.050780 0.039750
vt 0.052730 0.046880
vt 0.056640 0.039750
vt 0.056640 0.045900
vt 0.054680 0.046880
vt 0.050780 0.053720
vt 0.050780 0.047560
vt 0.052730 0.054690
vt 0.056640 0.047560
vt 0.056640 0.053720
vt 0.054690 0.054690
vt 0.050780 0.061530
vt 0.050780 0.055370
vt 0.052730 0.062500
vt 0.056640 0.055370
vt 0.056640 0.061530
vt 0.054690 0.062500
vt 0.050780 0.069340
vt 0.050780 0.063190
vt 0.056640 0.063190
vt 0.056640 0.069340
vt 0.058590 0.066410
vt 0.058590 0.072270
vt 0.056640 0.072270
vt 0.056640 0.066410
vt 0.058590 0.078130
vt 0.056640 0.078130
vt 0.056640 0.042970
vt 0.058590 0.042970
vt 0.058590 0.048830
vt 0.056640 0.048830
vt 0.058590 0.054690
vt 0.056640 0.054690
vt 0.058590 0.060550
vt 0.056640 0.060550
vt 0.064450 0.080080
vt 0.058590 0.080080
vt 0.064450 0.078130
vt 0.058590 0.082040
vt 0.064450 0.082040
vt 0.064450 0.083990
vt 0.058590 0.083990
vt 0.064450 0.085940
vt 0.058590 0.085940
vt 0.052730 0.080080
vt 0.052730 0.082040
vt 0.052730 0.083990
vt 0.052730 0.085940
vt 0.070310 0.080080
vt 0.070310 0.078130
vt 0.070310 0.082040
vt 0.070310 0.083990
vt 0.070310 0.085940
vt 0.062500 0.070320
vt 0.066410 0.070320
vt 0.066410 0.074220
vt 0.062500 0.074220
vt 0.066410 0.066410
vt 0.070310 0.066410
vt 0.070310 0.070320
vt 0.062500 0.066410
vt 0.062500 0.062500
vt 0.066410 0.062500
vt 0.058590 0.070320
vt 0.066410 0.078130
vt 0.062500 0.078130
vt 0.068360 0.062500
vt 0.066406 0.041016
vt 0.068359 0.041016
vt 0.060550 0.062500
vt 0.060547 0.041016
vt 0.062500 0.041016
vt 0.064450 0.062500
vt 0.064453 0.041016
vt 0.058590 0.017580
vt 0.062500 0.023440
vt 0.058590 0.023440
vt 0.052730 0.025390
vt 0.052730 0.023440
vt 0.058590 0.025390
vt 0.062500 0.031250
vt 0.058590 0.031250
vt 0.062500 0.025390
vt 0.068360 0.023440
vt 0.068360 0.025390
vt 0.095700 0.080080
vt 0.265630 0.080080
vt 0.265630 0.082030
vt 0.095700 0.082030
vt 0.265630 0.083980
vt 0.095700 0.083980
vt 0.095700 0.076170
vt 0.265630 0.076170
vt 0.265630 0.078130
vt 0.095700 0.078130
vt 0.224610 0.066410
vt 0.222890 0.067380
vt 0.222890 0.069340
vt 0.224610 0.070310
vt 0.222660 0.070310
vt 0.222660 0.072270
vt 0.224610 0.072270
vt 0.222890 0.073240
vt 0.222890 0.075200
vt 0.224610 0.076170
vt 0.224610 0.064450
vt 0.222660 0.064450
vt 0.222660 0.066410
vt 0.228520 0.066410
vt 0.228520 0.070310
vt 0.228520 0.072270
vt 0.228520 0.076170
vt 0.228520 0.064450
vt 0.230470 0.072270
vt 0.230470 0.076170
vt 0.253910 0.064450
vt 0.253910 0.074220
vt 0.255860 0.074220
vt 0.255860 0.064450
vt 0.257810 0.074220
vt 0.257810 0.064450
vt 0.248050 0.064450
vt 0.248050 0.074220
vt 0.250000 0.074220
vt 0.250000 0.064450
vt 0.257810 0.062500
vt 0.255860 0.062500
vt 0.287110 0.089840
vt 0.292970 0.093750
vt 0.298830 0.093750
vt 0.287110 0.099610
vt 0.298830 0.095700
vt 0.292970 0.095700
vt 0.287110 0.101560
vt 0.298830 0.101560
vt 0.298830 0.099610
vt 0.287110 0.093750
vt 0.287110 0.095700
vt 0.287110 0.080080
vt 0.292970 0.083980
vt 0.298830 0.083980
vt 0.298830 0.085940
vt 0.292970 0.085940
vt 0.287110 0.103520
vt 0.298830 0.103520
vt 0.287110 0.083980
vt 0.287110 0.085940
vt 0.025390 0.052730
vt 0.025390 0.042970
vt 0.033200 0.042970
vt 0.033200 0.052730
vt 0.025390 0.062500
vt 0.033200 0.062500
vt 0.025390 0.033200
vt 0.033200 0.033200
vt 0.039060 0.027340
vt 0.048830 0.027340
vt 0.048830 0.037110
vt 0.039060 0.037110
vt 0.039060 0.019530
vt 0.042970 0.019530
vt 0.025390 0.001950
vt 0.033200 0.001950
vt 0.033200 0.009770
vt 0.025390 0.009770
vt 0.019530 0.027340
vt 0.009770 0.027340
vt 0.015630 0.019530
vt 0.019530 0.019530
vt 0.025390 0.013670
vt 0.033200 0.013670
vt 0.033200 0.019530
vt 0.025390 0.019530
vt 0.025390 0.027340
vt 0.033200 0.027340
vt 0.021480 0.203130
vt 0.021480 0.201170
vt 0.033200 0.201170
vt 0.033200 0.203130
vt 0.021480 0.205080
vt 0.033200 0.205080
vt 0.037110 0.216800
vt 0.035160 0.216800
vt 0.035160 0.205080
vt 0.037110 0.205080
vt 0.050780 0.203130
vt 0.050780 0.205080
vt 0.039060 0.205080
vt 0.039060 0.203130
vt 0.037110 0.203130
vt 0.035160 0.203130
vt 0.035160 0.044920
vt 0.037110 0.044920
vt 0.039060 0.044920
vt 0.041020 0.203130
vt 0.041020 0.044920
vt 0.033200 0.044920
vt 0.019530 0.205080
vt 0.052730 0.205080
vt 0.019530 0.201170
vt 0.019530 0.203130
vt 0.251953 0.130859
vt 0.251953 0.128906
vt 0.253906 0.128906
vt 0.253906 0.130859
vt 0.242188 0.130859
vt 0.242188 0.128906
vt 0.244141 0.128906
vt 0.244141 0.130859
vt 0.226562 0.125000
vt 0.226562 0.126953
vt 0.212891 0.126953
vt 0.212891 0.125000
vt 0.224609 0.128906
vt 0.214844 0.128906
vt 0.224609 0.119141
vt 0.226562 0.121094
vt 0.212891 0.121094
vt 0.214844 0.119141
vt 0.212891 0.123047
vt 0.226562 0.123047
vt 0.287109 0.121094
vt 0.275391 0.121094
vt 0.275391 0.119141
vt 0.287109 0.117188
vt 0.263672 0.128906
vt 0.251953 0.126953
vt 0.263672 0.126953
vt 0.263672 0.123047
vt 0.275391 0.123047
vt 0.275391 0.126953
vt 0.263672 0.125000
vt 0.224609 0.130859
vt 0.214844 0.130859
vt 0.255859 0.128906
vt 0.255859 0.130859
vt 0.240234 0.130859
vt 0.240234 0.128906
vt 0.287109 0.123047
vt 0.287109 0.126953
vt 0.275391 0.125000
vt 0.263672 0.121094
vt 0.263672 0.119141
vt 0.275391 0.117188
vt 0.275391 0.128906
vt 0.287109 0.128906
vt 0.566406 0.214844
vt 0.576172 0.214844
vt 0.576172 0.216797
vt 0.566406 0.216797
vt 0.599609 0.214844
vt 0.609375 0.214844
vt 0.609375 0.216797
vt 0.599609 0.216797
vt 0.597656 0.248047
vt 0.578125 0.248047
vt 0.578125 0.218750
vt 0.597656 0.218750
vt 0.601562 0.248047
vt 0.597656 0.216797
vt 0.574219 0.248047
vt 0.578125 0.216797
vt 0.564453 0.216797
vt 0.564453 0.248047
vt 0.611328 0.216797
vt 0.611328 0.248047
vt 0.396484 0.246094
vt 0.396484 0.248047
vt 0.386719 0.248047
vt 0.386719 0.246094
vt 0.429688 0.246094
vt 0.429688 0.248047
vt 0.419922 0.248047
vt 0.419922 0.246094
vt 0.398438 0.244141
vt 0.398438 0.214844
vt 0.417969 0.214844
vt 0.417969 0.244141
vt 0.421875 0.214844
vt 0.417969 0.246094
vt 0.398438 0.246094
vt 0.394531 0.214844
vt 0.384766 0.246094
vt 0.384766 0.214844
vt 0.431641 0.214844
vt 0.431641 0.246094
vt 0.632812 0.214844
vt 0.642578 0.214844
vt 0.642578 0.216797
vt 0.632812 0.216797
vt 0.666016 0.214844
vt 0.675781 0.214844
vt 0.675781 0.216797
vt 0.666016 0.216797
vt 0.664062 0.248047
vt 0.644531 0.248047
vt 0.644531 0.218750
vt 0.664062 0.218750
vt 0.667969 0.248047
vt 0.664062 0.216797
vt 0.640625 0.248047
vt 0.644531 0.216797
vt 0.630859 0.216797
vt 0.630859 0.248047
vt 0.677734 0.216797
vt 0.677734 0.248047
vt 0.330078 0.246094
vt 0.330078 0.248047
vt 0.320312 0.248047
vt 0.320312 0.246094
vt 0.363281 0.246094
vt 0.363281 0.248047
vt 0.353516 0.248047
vt 0.353516 0.246094
vt 0.332031 0.244141
vt 0.332031 0.214844
vt 0.351562 0.214844
vt 0.351562 0.244141
vt 0.355469 0.214844
vt 0.351562 0.246094
vt 0.332031 0.246094
vt 0.328125 0.214844
vt 0.318359 0.246094
vt 0.318359 0.214844
vt 0.365234 0.214844
vt 0.365234 0.246094
vt 0.521484 0.216797
vt 0.523438 0.216797
vt 0.521484 0.248047
vt 0.556641 0.216797
vt 0.556641 0.248047
vt 0.554688 0.216797
vt 0.535156 0.216797
vt 0.523438 0.214844
vt 0.535156 0.214844
vt 0.531250 0.248047
vt 0.554688 0.214844
vt 0.542969 0.216797
vt 0.542969 0.214844
vt 0.546875 0.248047
vt 0.882812 0.246094
vt 0.882812 0.214844
vt 0.890625 0.214844
vt 0.890625 0.246094
vt 0.890625 0.248047
vt 0.882812 0.248047
vt 0.871094 0.246094
vt 0.869141 0.246094
vt 0.869141 0.214844
vt 0.904297 0.214844
vt 0.904297 0.246094
vt 0.902344 0.246094
vt 0.871094 0.248047
vt 0.878906 0.214844
vt 0.902344 0.248047
vt 0.894531 0.214844
vt 0.740234 0.216797
vt 0.742188 0.216797
vt 0.740234 0.248047
vt 0.775391 0.216797
vt 0.775391 0.248047
vt 0.773438 0.216797
vt 0.753906 0.216797
vt 0.742188 0.214844
vt 0.753906 0.214844
vt 0.750000 0.248047
vt 0.773438 0.214844
vt 0.761719 0.216797
vt 0.761719 0.214844
vt 0.765625 0.248047
vt 0.925781 0.246094
vt 0.925781 0.214844
vt 0.933594 0.214844
vt 0.933594 0.246094
vt 0.933594 0.248047
vt 0.925781 0.248047
vt 0.914062 0.246094
vt 0.912109 0.246094
vt 0.912109 0.214844
vt 0.947266 0.214844
vt 0.947266 0.246094
vt 0.945312 0.246094
vt 0.914062 0.248047
vt 0.921875 0.214844
vt 0.945312 0.248047
vt 0.937500 0.214844
vt 0.451172 0.166016
vt 0.462891 0.166016
vt 0.462891 0.169922
vt 0.451172 0.169922
vt 0.445312 0.166016
vt 0.447266 0.166016
vt 0.447266 0.169922
vt 0.445312 0.169922
vt 0.431641 0.171875
vt 0.443359 0.171875
vt 0.443359 0.175781
vt 0.431641 0.175781
vt 0.443359 0.177734
vt 0.431641 0.177734
vt 0.431641 0.166016
vt 0.443359 0.166016
vt 0.443359 0.169922
vt 0.431641 0.169922
vt 0.445312 0.175781
vt 0.445312 0.177734
vt 0.445312 0.171875
vt 0.449219 0.171875
vt 0.449219 0.175781
vt 0.462891 0.171875
vt 0.462891 0.175781
vt 0.451172 0.177734
vt 0.462891 0.177734
vt 0.447266 0.177734
vt 0.464844 0.166016
vt 0.468750 0.177734
vt 0.429688 0.179688
vt 0.425781 0.179688
vt 0.425781 0.175781
vt 0.429688 0.175781
vt 0.431641 0.179688
vt 0.423828 0.179688
vt 0.419922 0.179688
vt 0.419922 0.175781
vt 0.423828 0.175781
vt 0.426758 0.173828
vt 0.428711 0.173828
vt 0.429688 0.173828
vt 0.431641 0.173828
vt 0.420898 0.173828
vt 0.422852 0.173828
vt 0.423828 0.173828
vt 0.425781 0.173828
vt 0.429688 0.171875
vt 0.419922 0.166016
vt 0.423828 0.166016
vt 0.423828 0.169922
vt 0.419922 0.169922
vt 0.429688 0.166016
vt 0.429688 0.169922
vt 0.425781 0.166016
vt 0.425781 0.169922
vt 0.422852 0.171875
vt 0.420898 0.171875
vt 0.428711 0.171875
vt 0.426758 0.171875
vt 0.425781 0.171875
vt 0.423828 0.171875
vt 0.462891 0.181641
vt 0.451172 0.181641
vt 0.447266 0.181641
vt 0.445312 0.181641
vt 0.431641 0.183594
vt 0.443359 0.183594
vt 0.443359 0.187500
vt 0.431641 0.187500
vt 0.443359 0.189453
vt 0.431641 0.189453
vt 0.443359 0.181641
vt 0.431641 0.181641
vt 0.445312 0.187500
vt 0.445312 0.189453
vt 0.445312 0.183594
vt 0.449219 0.183594
vt 0.449219 0.187500
vt 0.462891 0.183594
vt 0.462891 0.187500
vt 0.451172 0.189453
vt 0.462891 0.189453
vt 0.447266 0.189453
vt 0.464844 0.177734
vt 0.468750 0.189453
vt 0.462891 0.146484
vt 0.462891 0.142578
vt 0.451172 0.142578
vt 0.451172 0.146484
vt 0.447266 0.146484
vt 0.447266 0.142578
vt 0.445312 0.142578
vt 0.445312 0.146484
vt 0.443359 0.152343
vt 0.443359 0.148437
vt 0.431641 0.148437
vt 0.431641 0.152343
vt 0.443359 0.154296
vt 0.431641 0.154296
vt 0.443359 0.146484
vt 0.443359 0.142578
vt 0.431641 0.142578
vt 0.431641 0.146484
vt 0.445312 0.154296
vt 0.445312 0.152343
vt 0.445312 0.148437
vt 0.449219 0.152343
vt 0.449219 0.148437
vt 0.462891 0.148437
vt 0.462891 0.152343
vt 0.451172 0.154296
vt 0.462891 0.154296
vt 0.447266 0.154296
vt 0.468750 0.154296
vt 0.464844 0.142578
vt 0.462891 0.158203
vt 0.451172 0.158203
vt 0.447266 0.158203
vt 0.445312 0.158203
vt 0.443359 0.164062
vt 0.443359 0.160156
vt 0.431641 0.160156
vt 0.431641 0.164062
vt 0.443359 0.166015
vt 0.431641 0.166015
vt 0.443359 0.158203
vt 0.431641 0.158203
vt 0.445312 0.166015
vt 0.445312 0.164062
vt 0.445312 0.160156
vt 0.449219 0.164062
vt 0.449219 0.160156
vt 0.462891 0.160156
vt 0.462891 0.164062
vt 0.451172 0.166015
vt 0.462891 0.166015
vt 0.447266 0.166015
vt 0.468750 0.166015
vt 0.464844 0.154296
vt 0.451172 0.119141
vt 0.462891 0.119141
vt 0.462891 0.123047
vt 0.451172 0.123047
vt 0.445312 0.119141
vt 0.447266 0.119141
vt 0.447266 0.123047
vt 0.445312 0.123047
vt 0.431641 0.125000
vt 0.443359 0.125000
vt 0.443359 0.128906
vt 0.431641 0.128906
vt 0.443359 0.130859
vt 0.431641 0.130859
vt 0.431641 0.119141
vt 0.443359 0.119141
vt 0.443359 0.123047
vt 0.431641 0.123047
vt 0.445312 0.128906
vt 0.445312 0.130859
vt 0.445312 0.125000
vt 0.449219 0.125000
vt 0.449219 0.128906
vt 0.462891 0.125000
vt 0.462891 0.128906
vt 0.451172 0.130859
vt 0.462891 0.130859
vt 0.447266 0.130859
vt 0.464844 0.119141
vt 0.468750 0.130859
vt 0.462891 0.134766
vt 0.451172 0.134766
vt 0.447266 0.134766
vt 0.445312 0.134766
vt 0.431641 0.136719
vt 0.443359 0.136719
vt 0.443359 0.140625
vt 0.431641 0.140625
vt 0.443359 0.134766
vt 0.431641 0.134766
vt 0.445312 0.140625
vt 0.445312 0.136719
vt 0.449219 0.136719
vt 0.449219 0.140625
vt 0.462891 0.136719
vt 0.462891 0.140625
vt 0.464844 0.130859
vt 0.468750 0.142578
vt 0.462890 0.099609
vt 0.462890 0.095703
vt 0.451171 0.095703
vt 0.451171 0.099609
vt 0.447265 0.099609
vt 0.447265 0.095703
vt 0.445311 0.095703
vt 0.445311 0.099609
vt 0.443358 0.105468
vt 0.443358 0.101562
vt 0.431640 0.101562
vt 0.431640 0.105468
vt 0.443358 0.107421
vt 0.431640 0.107421
vt 0.443358 0.099609
vt 0.443358 0.095703
vt 0.431640 0.095703
vt 0.431640 0.099609
vt 0.445311 0.107421
vt 0.445311 0.105468
vt 0.445311 0.101562
vt 0.449218 0.105468
vt 0.449218 0.101562
vt 0.462890 0.101562
vt 0.462890 0.105468
vt 0.451171 0.107421
vt 0.462890 0.107421
vt 0.447265 0.107421
vt 0.468749 0.107421
vt 0.464843 0.095703
vt 0.462890 0.111328
vt 0.451171 0.111328
vt 0.447265 0.111328
vt 0.445311 0.111328
vt 0.443358 0.117187
vt 0.443358 0.113281
vt 0.431640 0.113281
vt 0.431640 0.117187
vt 0.443358 0.119140
vt 0.431640 0.119140
vt 0.443358 0.111328
vt 0.431640 0.111328
vt 0.445311 0.119140
vt 0.445311 0.117187
vt 0.445311 0.113281
vt 0.449218 0.117187
vt 0.449218 0.113281
vt 0.462890 0.113281
vt 0.462890 0.117187
vt 0.451171 0.119140
vt 0.462890 0.119140
vt 0.447265 0.119140
vt 0.468749 0.119140
vt 0.464843 0.107421
vt 0.416016 0.083984
vt 0.421875 0.083984
vt 0.421875 0.087891
vt 0.416016 0.087891
vt 0.416016 0.074219
vt 0.421875 0.074219
vt 0.421875 0.078125
vt 0.416016 0.078125
vt 0.416016 0.093750
vt 0.412109 0.093750
vt 0.412109 0.087891
vt 0.462891 0.083984
vt 0.468750 0.083984
vt 0.468750 0.087891
vt 0.462891 0.087891
vt 0.462891 0.074219
vt 0.468750 0.074219
vt 0.468750 0.078125
vt 0.462891 0.078125
vt 0.462891 0.093750
vt 0.458984 0.093750
vt 0.458984 0.087891
vt 0.431641 0.083984
vt 0.437500 0.083984
vt 0.437500 0.087891
vt 0.431641 0.087891
vt 0.431641 0.074219
vt 0.437500 0.074219
vt 0.437500 0.078125
vt 0.431641 0.078125
vt 0.431641 0.093750
vt 0.427734 0.093750
vt 0.427734 0.087891
vt 0.427734 0.083984
vt 0.421875 0.080078
vt 0.427734 0.080078
vt 0.421875 0.093750
vt 0.421875 0.089844
vt 0.427734 0.089844
vt 0.427734 0.074219
vt 0.431641 0.080078
vt 0.412109 0.083984
vt 0.406250 0.083984
vt 0.406250 0.080078
vt 0.412109 0.080078
vt 0.406250 0.093750
vt 0.406250 0.089844
vt 0.412109 0.089844
vt 0.412109 0.074219
vt 0.416016 0.080078
vt 0.447266 0.083984
vt 0.453125 0.083984
vt 0.453125 0.087891
vt 0.447266 0.087891
vt 0.447266 0.074219
vt 0.453125 0.074219
vt 0.453125 0.078125
vt 0.447266 0.078125
vt 0.447266 0.093750
vt 0.443359 0.093750
vt 0.443359 0.087891
vt 0.443359 0.083984
vt 0.437500 0.080078
vt 0.443359 0.080078
vt 0.437500 0.093750
vt 0.437500 0.089844
vt 0.443359 0.089844
vt 0.443359 0.074219
vt 0.447266 0.080078
vt 0.414062 0.175781
vt 0.414062 0.179688
vt 0.417969 0.179688
vt 0.417969 0.175781
vt 0.408203 0.175781
vt 0.408203 0.179688
vt 0.412109 0.179688
vt 0.412109 0.175781
vt 0.415039 0.173828
vt 0.416992 0.173828
vt 0.417969 0.173828
vt 0.419922 0.173828
vt 0.409179 0.173828
vt 0.411133 0.173828
vt 0.412109 0.173828
vt 0.414062 0.173828
vt 0.419922 0.171875
vt 0.417969 0.171875
vt 0.412109 0.169922
vt 0.412109 0.166016
vt 0.408203 0.166016
vt 0.408203 0.169922
vt 0.417969 0.166016
vt 0.417969 0.169922
vt 0.414062 0.166016
vt 0.414062 0.169922
vt 0.411133 0.171875
vt 0.409179 0.171875
vt 0.416992 0.171875
vt 0.415039 0.171875
vt 0.414062 0.171875
vt 0.412109 0.171875
vt 0.406250 0.179688
vt 0.402343 0.179688
vt 0.402343 0.175781
vt 0.406250 0.175781
vt 0.400390 0.179688
vt 0.396484 0.179688
vt 0.396484 0.175781
vt 0.400390 0.175781
vt 0.403320 0.173828
vt 0.405273 0.173828
vt 0.406250 0.173828
vt 0.408203 0.173828
vt 0.397460 0.173828
vt 0.399414 0.173828
vt 0.400390 0.173828
vt 0.402343 0.173828
vt 0.406250 0.171875
vt 0.408203 0.171875
vt 0.396484 0.166016
vt 0.400390 0.166016
vt 0.400390 0.169922
vt 0.396484 0.169922
vt 0.406250 0.166016
vt 0.406250 0.169922
vt 0.402343 0.166016
vt 0.402343 0.169922
vt 0.399414 0.171875
vt 0.397460 0.171875
vt 0.405273 0.171875
vt 0.403320 0.171875
vt 0.402343 0.171875
vt 0.400390 0.171875
vt 0.390624 0.175780
vt 0.390624 0.179687
vt 0.394531 0.179687
vt 0.394531 0.175780
vt 0.396484 0.179687
vt 0.396484 0.175780
vt 0.384765 0.175780
vt 0.384765 0.179687
vt 0.388671 0.179687
vt 0.388671 0.175780
vt 0.391601 0.173827
vt 0.393554 0.173827
vt 0.394531 0.173827
vt 0.396484 0.173827
vt 0.385741 0.173827
vt 0.387695 0.173827
vt 0.388671 0.173827
vt 0.390624 0.173827
vt 0.396484 0.171874
vt 0.394531 0.171874
vt 0.388671 0.169921
vt 0.388671 0.166015
vt 0.384765 0.166015
vt 0.384765 0.169921
vt 0.396484 0.169921
vt 0.396484 0.166015
vt 0.394531 0.166015
vt 0.394531 0.169921
vt 0.390624 0.166015
vt 0.390624 0.169921
vt 0.387695 0.171874
vt 0.385741 0.171874
vt 0.393554 0.171874
vt 0.391601 0.171874
vt 0.390624 0.171874
vt 0.388671 0.171874
vt 0.359375 0.179687
vt 0.355468 0.179687
vt 0.355468 0.175780
vt 0.359375 0.175780
vt 0.361328 0.179687
vt 0.361328 0.175780
vt 0.353515 0.179687
vt 0.349609 0.179687
vt 0.349609 0.175780
vt 0.353515 0.175780
vt 0.356445 0.173827
vt 0.358398 0.173827
vt 0.359375 0.173827
vt 0.361328 0.173827
vt 0.350585 0.173827
vt 0.352539 0.173827
vt 0.353515 0.173827
vt 0.355468 0.173827
vt 0.359375 0.171874
vt 0.361328 0.171874
vt 0.349609 0.166015
vt 0.353515 0.166015
vt 0.353515 0.169921
vt 0.349609 0.169921
vt 0.359375 0.166015
vt 0.361328 0.166015
vt 0.361328 0.169921
vt 0.359375 0.169921
vt 0.355468 0.166015
vt 0.355468 0.169921
vt 0.352539 0.171874
vt 0.350585 0.171874
vt 0.358398 0.171874
vt 0.356445 0.171874
vt 0.355468 0.171874
vt 0.353515 0.171874
vt 0.343749 0.175780
vt 0.343749 0.179687
vt 0.347656 0.179687
vt 0.347656 0.175780
vt 0.337890 0.175780
vt 0.337890 0.179687
vt 0.341796 0.179687
vt 0.341796 0.175780
vt 0.344726 0.173827
vt 0.346679 0.173827
vt 0.347656 0.173827
vt 0.349609 0.173827
vt 0.338866 0.173827
vt 0.340820 0.173827
vt 0.341796 0.173827
vt 0.343749 0.173827
vt 0.349609 0.171874
vt 0.347656 0.171874
vt 0.341796 0.169921
vt 0.341796 0.166015
vt 0.337890 0.166015
vt 0.337890 0.169921
vt 0.347656 0.166015
vt 0.347656 0.169921
vt 0.343749 0.166015
vt 0.343749 0.169921
vt 0.340820 0.171874
vt 0.338866 0.171874
vt 0.346679 0.171874
vt 0.344726 0.171874
vt 0.343749 0.171874
vt 0.341796 0.171874
vt 0.382813 0.179688
vt 0.378906 0.179688
vt 0.378906 0.175781
vt 0.382813 0.175781
vt 0.384766 0.179688
vt 0.384766 0.175781
vt 0.376953 0.179688
vt 0.373047 0.179688
vt 0.373047 0.175781
vt 0.376953 0.175781
vt 0.379883 0.173828
vt 0.381836 0.173828
vt 0.382813 0.173828
vt 0.384766 0.173828
vt 0.374023 0.173828
vt 0.375977 0.173828
vt 0.376953 0.173828
vt 0.378906 0.173828
vt 0.382813 0.171875
vt 0.384766 0.171875
vt 0.373047 0.166016
vt 0.376953 0.166016
vt 0.376953 0.169922
vt 0.373047 0.169922
vt 0.382813 0.166016
vt 0.384766 0.166016
vt 0.384766 0.169922
vt 0.382813 0.169922
vt 0.378906 0.166016
vt 0.378906 0.169922
vt 0.375977 0.171875
vt 0.374023 0.171875
vt 0.381836 0.171875
vt 0.379883 0.171875
vt 0.378906 0.171875
vt 0.376953 0.171875
vt 0.367186 0.175780
vt 0.367186 0.179687
vt 0.371094 0.179687
vt 0.371094 0.175780
vt 0.373046 0.179687
vt 0.373046 0.175780
vt 0.361327 0.175780
vt 0.361327 0.179687
vt 0.365234 0.179687
vt 0.365234 0.175780
vt 0.368163 0.173827
vt 0.370117 0.173827
vt 0.371094 0.173827
vt 0.373046 0.173827
vt 0.362303 0.173827
vt 0.364258 0.173827
vt 0.365234 0.173827
vt 0.367186 0.173827
vt 0.373046 0.171874
vt 0.371094 0.171874
vt 0.365234 0.169921
vt 0.365234 0.166015
vt 0.361327 0.166015
vt 0.361327 0.169921
vt 0.373046 0.169921
vt 0.373046 0.166015
vt 0.371094 0.166015
vt 0.371094 0.169921
vt 0.367186 0.166015
vt 0.367186 0.169921
vt 0.364258 0.171874
vt 0.362303 0.171874
vt 0.370117 0.171874
vt 0.368163 0.171874
vt 0.367186 0.171874
vt 0.365234 0.171874
vt 0.406250 0.164062
vt 0.402343 0.164062
vt 0.402343 0.160155
vt 0.406250 0.160155
vt 0.408203 0.164062
vt 0.408203 0.160155
vt 0.400390 0.164062
vt 0.396484 0.164062
vt 0.396484 0.160155
vt 0.400390 0.160155
vt 0.403320 0.158202
vt 0.405273 0.158202
vt 0.406250 0.158202
vt 0.408203 0.158202
vt 0.397460 0.158202
vt 0.399414 0.158202
vt 0.400390 0.158202
vt 0.402343 0.158202
vt 0.406250 0.156249
vt 0.408203 0.156249
vt 0.396484 0.150390
vt 0.400390 0.150390
vt 0.400390 0.154296
vt 0.396484 0.154296
vt 0.406250 0.150390
vt 0.408203 0.150390
vt 0.408203 0.154296
vt 0.406250 0.154296
vt 0.402343 0.150390
vt 0.402343 0.154296
vt 0.399414 0.156249
vt 0.397460 0.156249
vt 0.405273 0.156249
vt 0.403320 0.156249
vt 0.402343 0.156249
vt 0.400390 0.156249
vt 0.390624 0.160155
vt 0.390624 0.164062
vt 0.394531 0.164062
vt 0.394531 0.160155
vt 0.384765 0.160155
vt 0.384765 0.164062
vt 0.388671 0.164062
vt 0.388671 0.160155
vt 0.391601 0.158202
vt 0.393554 0.158202
vt 0.394531 0.158202
vt 0.396484 0.158202
vt 0.385741 0.158202
vt 0.387695 0.158202
vt 0.388671 0.158202
vt 0.390624 0.158202
vt 0.396484 0.156249
vt 0.394531 0.156249
vt 0.388671 0.154296
vt 0.388671 0.150390
vt 0.384765 0.150390
vt 0.384765 0.154296
vt 0.394531 0.150390
vt 0.394531 0.154296
vt 0.390624 0.150390
vt 0.390624 0.154296
vt 0.387695 0.156249
vt 0.385741 0.156249
vt 0.393554 0.156249
vt 0.391601 0.156249
vt 0.390624 0.156249
vt 0.388671 0.156249
vt 0.359375 0.164062
vt 0.355468 0.164062
vt 0.355468 0.160155
vt 0.359375 0.160155
vt 0.361328 0.164062
vt 0.361328 0.160155
vt 0.353515 0.164062
vt 0.349609 0.164062
vt 0.349609 0.160155
vt 0.353515 0.160155
vt 0.356445 0.158202
vt 0.358398 0.158202
vt 0.359375 0.158202
vt 0.361328 0.158202
vt 0.350585 0.158202
vt 0.352539 0.158202
vt 0.353515 0.158202
vt 0.355468 0.158202
vt 0.359375 0.156249
vt 0.361328 0.156249
vt 0.349609 0.150390
vt 0.353515 0.150390
vt 0.353515 0.154296
vt 0.349609 0.154296
vt 0.359375 0.150390
vt 0.361328 0.150390
vt 0.361328 0.154296
vt 0.359375 0.154296
vt 0.355468 0.150390
vt 0.355468 0.154296
vt 0.352539 0.156249
vt 0.350585 0.156249
vt 0.358398 0.156249
vt 0.356445 0.156249
vt 0.355468 0.156249
vt 0.353515 0.156249
vt 0.343749 0.160155
vt 0.343749 0.164062
vt 0.347656 0.164062
vt 0.347656 0.160155
vt 0.337890 0.160155
vt 0.337890 0.164062
vt 0.341796 0.164062
vt 0.341796 0.160155
vt 0.344726 0.158202
vt 0.346679 0.158202
vt 0.347656 0.158202
vt 0.349609 0.158202
vt 0.338866 0.158202
vt 0.340820 0.158202
vt 0.341796 0.158202
vt 0.343749 0.158202
vt 0.349609 0.156249
vt 0.347656 0.156249
vt 0.341796 0.154296
vt 0.341796 0.150390
vt 0.337890 0.150390
vt 0.337890 0.154296
vt 0.347656 0.150390
vt 0.347656 0.154296
vt 0.343749 0.150390
vt 0.343749 0.154296
vt 0.340820 0.156249
vt 0.338866 0.156249
vt 0.346679 0.156249
vt 0.344726 0.156249
vt 0.343749 0.156249
vt 0.341796 0.156249
vt 0.382813 0.164063
vt 0.378906 0.164063
vt 0.378906 0.160156
vt 0.382813 0.160156
vt 0.384766 0.164063
vt 0.384766 0.160156
vt 0.376953 0.164063
vt 0.373047 0.164063
vt 0.373047 0.160156
vt 0.376953 0.160156
vt 0.379883 0.158203
vt 0.381836 0.158203
vt 0.382813 0.158203
vt 0.384766 0.158203
vt 0.374023 0.158203
vt 0.375977 0.158203
vt 0.376953 0.158203
vt 0.378906 0.158203
vt 0.382813 0.156250
vt 0.384766 0.156250
vt 0.373047 0.150391
vt 0.376953 0.150391
vt 0.376953 0.154297
vt 0.373047 0.154297
vt 0.382813 0.150391
vt 0.384766 0.150391
vt 0.384766 0.154297
vt 0.382813 0.154297
vt 0.378906 0.150391
vt 0.378906 0.154297
vt 0.375977 0.156250
vt 0.374023 0.156250
vt 0.381836 0.156250
vt 0.379883 0.156250
vt 0.378906 0.156250
vt 0.376953 0.156250
vt 0.367186 0.160155
vt 0.367186 0.164062
vt 0.371094 0.164062
vt 0.371094 0.160155
vt 0.373046 0.164062
vt 0.373046 0.160155
vt 0.361327 0.160155
vt 0.361327 0.164062
vt 0.365234 0.164062
vt 0.365234 0.160155
vt 0.368163 0.158202
vt 0.370117 0.158202
vt 0.371094 0.158202
vt 0.373046 0.158202
vt 0.362303 0.158202
vt 0.364258 0.158202
vt 0.365234 0.158202
vt 0.367186 0.158202
vt 0.373046 0.156249
vt 0.371094 0.156249
vt 0.365234 0.154296
vt 0.365234 0.150390
vt 0.361327 0.150390
vt 0.361327 0.154296
vt 0.373046 0.154296
vt 0.373046 0.150390
vt 0.371094 0.150390
vt 0.371094 0.154296
vt 0.367186 0.150390
vt 0.367186 0.154296
vt 0.364258 0.156249
vt 0.362303 0.156249
vt 0.370117 0.156249
vt 0.368163 0.156249
vt 0.367186 0.156249
vt 0.365234 0.156249
vt 0.406250 0.148437
vt 0.402343 0.148437
vt 0.402343 0.144530
vt 0.406250 0.144530
vt 0.408203 0.148437
vt 0.408203 0.144530
vt 0.400390 0.148437
vt 0.396484 0.148437
vt 0.396484 0.144530
vt 0.400390 0.144530
vt 0.403320 0.142577
vt 0.405273 0.142577
vt 0.406250 0.142577
vt 0.408203 0.142577
vt 0.397460 0.142577
vt 0.399414 0.142577
vt 0.400390 0.142577
vt 0.402343 0.142577
vt 0.406250 0.140624
vt 0.408203 0.140624
vt 0.396484 0.134765
vt 0.400390 0.134765
vt 0.400390 0.138671
vt 0.396484 0.138671
vt 0.406250 0.134765
vt 0.408203 0.134765
vt 0.408203 0.138671
vt 0.406250 0.138671
vt 0.402343 0.134765
vt 0.402343 0.138671
vt 0.399414 0.140624
vt 0.397460 0.140624
vt 0.405273 0.140624
vt 0.403320 0.140624
vt 0.402343 0.140624
vt 0.400390 0.140624
vt 0.390624 0.144530
vt 0.390624 0.148437
vt 0.394531 0.148437
vt 0.394531 0.144530
vt 0.384765 0.144530
vt 0.384765 0.148437
vt 0.388671 0.148437
vt 0.388671 0.144530
vt 0.391601 0.142577
vt 0.393554 0.142577
vt 0.394531 0.142577
vt 0.396484 0.142577
vt 0.385741 0.142577
vt 0.387695 0.142577
vt 0.388671 0.142577
vt 0.390624 0.142577
vt 0.396484 0.140624
vt 0.394531 0.140624
vt 0.388671 0.138671
vt 0.388671 0.134765
vt 0.384765 0.134765
vt 0.384765 0.138671
vt 0.394531 0.134765
vt 0.394531 0.138671
vt 0.390624 0.134765
vt 0.390624 0.138671
vt 0.387695 0.140624
vt 0.385741 0.140624
vt 0.393554 0.140624
vt 0.391601 0.140624
vt 0.390624 0.140624
vt 0.388671 0.140624
vt 0.429688 0.148438
vt 0.425781 0.148438
vt 0.425781 0.144531
vt 0.429688 0.144531
vt 0.431641 0.148438
vt 0.431641 0.144531
vt 0.423828 0.148438
vt 0.419922 0.148438
vt 0.419922 0.144531
vt 0.423828 0.144531
vt 0.426758 0.142578
vt 0.428711 0.142578
vt 0.429688 0.142578
vt 0.420898 0.142578
vt 0.422852 0.142578
vt 0.423828 0.142578
vt 0.425781 0.142578
vt 0.429688 0.140625
vt 0.419922 0.134766
vt 0.423828 0.134766
vt 0.423828 0.138672
vt 0.419922 0.138672
vt 0.429688 0.134766
vt 0.431641 0.138672
vt 0.429688 0.138672
vt 0.425781 0.134766
vt 0.425781 0.138672
vt 0.422852 0.140625
vt 0.420898 0.140625
vt 0.428711 0.140625
vt 0.426758 0.140625
vt 0.425781 0.140625
vt 0.423828 0.140625
vt 0.414061 0.144530
vt 0.414061 0.148437
vt 0.417969 0.148437
vt 0.417969 0.144530
vt 0.419921 0.148437
vt 0.419921 0.144530
vt 0.408202 0.144530
vt 0.408202 0.148437
vt 0.412109 0.148437
vt 0.412109 0.144530
vt 0.415038 0.142577
vt 0.416992 0.142577
vt 0.417969 0.142577
vt 0.419921 0.142577
vt 0.409178 0.142577
vt 0.411133 0.142577
vt 0.412109 0.142577
vt 0.414061 0.142577
vt 0.419921 0.140624
vt 0.417969 0.140624
vt 0.412109 0.138671
vt 0.412109 0.134765
vt 0.408202 0.134765
vt 0.408202 0.138671
vt 0.419921 0.138671
vt 0.419921 0.134765
vt 0.417969 0.134765
vt 0.417969 0.138671
vt 0.414061 0.134765
vt 0.414061 0.138671
vt 0.411133 0.140624
vt 0.409178 0.140624
vt 0.416992 0.140624
vt 0.415038 0.140624
vt 0.414061 0.140624
vt 0.412109 0.140624
vt 0.359375 0.148437
vt 0.355468 0.148437
vt 0.355468 0.144530
vt 0.359375 0.144530
vt 0.361328 0.148437
vt 0.361328 0.144530
vt 0.353515 0.148437
vt 0.349609 0.148437
vt 0.349609 0.144530
vt 0.353515 0.144530
vt 0.356445 0.142577
vt 0.358398 0.142577
vt 0.359375 0.142577
vt 0.361328 0.142577
vt 0.350585 0.142577
vt 0.352539 0.142577
vt 0.353515 0.142577
vt 0.355468 0.142577
vt 0.359375 0.140624
vt 0.361328 0.140624
vt 0.349609 0.134765
vt 0.353515 0.134765
vt 0.353515 0.138671
vt 0.349609 0.138671
vt 0.359375 0.134765
vt 0.361328 0.134765
vt 0.361328 0.138671
vt 0.359375 0.138671
vt 0.355468 0.134765
vt 0.355468 0.138671
vt 0.352539 0.140624
vt 0.350585 0.140624
vt 0.358398 0.140624
vt 0.356445 0.140624
vt 0.355468 0.140624
vt 0.353515 0.140624
vt 0.343749 0.144530
vt 0.343749 0.148437
vt 0.347656 0.148437
vt 0.347656 0.144530
vt 0.337890 0.144530
vt 0.337890 0.148437
vt 0.341796 0.148437
vt 0.341796 0.144530
vt 0.344726 0.142577
vt 0.346679 0.142577
vt 0.347656 0.142577
vt 0.349609 0.142577
vt 0.338866 0.142577
vt 0.340820 0.142577
vt 0.341796 0.142577
vt 0.343749 0.142577
vt 0.349609 0.140624
vt 0.347656 0.140624
vt 0.341796 0.138671
vt 0.341796 0.134765
vt 0.337890 0.134765
vt 0.337890 0.138671
vt 0.347656 0.134765
vt 0.347656 0.138671
vt 0.343749 0.134765
vt 0.343749 0.138671
vt 0.340820 0.140624
vt 0.338866 0.140624
vt 0.346679 0.140624
vt 0.344726 0.140624
vt 0.343749 0.140624
vt 0.341796 0.140624
vt 0.251953 0.123047
vt 0.251953 0.121094
vt 0.251953 0.125000
vt 0.240234 0.119141
vt 0.251953 0.117188
vt 0.240234 0.121094
vt 0.240234 0.123047
vt 0.240234 0.125000
vt 0.263672 0.117188
vt 0.251953 0.119141
vt 0.240234 0.126953
vt 0.250000 0.130859
vt 0.250000 0.128906
vt 0.228516 0.128906
vt 0.238281 0.128906
vt 0.238281 0.130859
vt 0.228516 0.130859
vt 0.248047 0.128906
vt 0.248047 0.130859
vt 0.228516 0.119141
vt 0.238281 0.119141
vt 0.246094 0.130859
vt 0.246094 0.128906
vt 0.453125 0.093750
vt 0.406250 0.074219
vt 0.468750 0.093750
vt 0.425781 0.126952
vt 0.425781 0.130859
vt 0.429688 0.130859
vt 0.429688 0.126952
vt 0.431641 0.126952
vt 0.419922 0.126952
vt 0.419922 0.130859
vt 0.423828 0.130859
vt 0.423828 0.126952
vt 0.426758 0.124999
vt 0.428711 0.124999
vt 0.429688 0.124999
vt 0.431641 0.124999
vt 0.420898 0.124999
vt 0.422852 0.124999
vt 0.423828 0.124999
vt 0.425781 0.124999
vt 0.431641 0.123046
vt 0.429688 0.123046
vt 0.423828 0.121093
vt 0.423828 0.117187
vt 0.419922 0.117187
vt 0.419922 0.121093
vt 0.431641 0.121093
vt 0.431641 0.117187
vt 0.429688 0.117187
vt 0.429688 0.121093
vt 0.425781 0.117187
vt 0.425781 0.121093
vt 0.422852 0.123046
vt 0.420898 0.123046
vt 0.428711 0.123046
vt 0.426758 0.123046
vt 0.425781 0.123046
vt 0.423828 0.123046
vt 0.414062 0.126952
vt 0.414062 0.130859
vt 0.417969 0.130859
vt 0.417969 0.126952
vt 0.408203 0.126952
vt 0.408203 0.130859
vt 0.412109 0.130859
vt 0.412109 0.126952
vt 0.415039 0.125000
vt 0.416992 0.125000
vt 0.417969 0.125000
vt 0.419922 0.125000
vt 0.409179 0.125000
vt 0.411133 0.125000
vt 0.412109 0.125000
vt 0.414062 0.125000
vt 0.419922 0.123047
vt 0.417969 0.123047
vt 0.412109 0.121093
vt 0.412109 0.117188
vt 0.408203 0.117188
vt 0.408203 0.121093
vt 0.419922 0.117188
vt 0.417969 0.117188
vt 0.417969 0.121093
vt 0.414062 0.117188
vt 0.414062 0.121093
vt 0.411133 0.123047
vt 0.409179 0.123047
vt 0.416992 0.123047
vt 0.415039 0.123047
vt 0.414062 0.123047
vt 0.412109 0.123047
vt 0.357422 0.087891
vt 0.357422 0.083984
vt 0.351563 0.083984
vt 0.351563 0.087891
vt 0.357422 0.078125
vt 0.357422 0.074219
vt 0.351563 0.074219
vt 0.351563 0.078125
vt 0.347656 0.093750
vt 0.351563 0.093750
vt 0.347656 0.087891
vt 0.404297 0.087891
vt 0.404297 0.083984
vt 0.398438 0.083984
vt 0.398438 0.087891
vt 0.404297 0.078125
vt 0.404297 0.074219
vt 0.398438 0.074219
vt 0.398438 0.078125
vt 0.394531 0.093750
vt 0.398438 0.093750
vt 0.394531 0.087891
vt 0.373047 0.087891
vt 0.373047 0.083984
vt 0.367188 0.083984
vt 0.367188 0.087891
vt 0.373047 0.078125
vt 0.373047 0.074219
vt 0.367188 0.074219
vt 0.367188 0.078125
vt 0.363281 0.093750
vt 0.367188 0.093750
vt 0.363281 0.087891
vt 0.357422 0.080078
vt 0.363281 0.083984
vt 0.363281 0.080078
vt 0.357422 0.089844
vt 0.357422 0.093750
vt 0.363281 0.089844
vt 0.363281 0.074219
vt 0.367188 0.080078
vt 0.341797 0.080078
vt 0.341797 0.083984
vt 0.347656 0.083984
vt 0.347656 0.080078
vt 0.341797 0.089844
vt 0.341797 0.093750
vt 0.347656 0.089844
vt 0.347656 0.074219
vt 0.351563 0.080078
vt 0.388672 0.087891
vt 0.388672 0.083984
vt 0.382813 0.083984
vt 0.382813 0.087891
vt 0.388672 0.078125
vt 0.388672 0.074219
vt 0.382813 0.074219
vt 0.382813 0.078125
vt 0.378906 0.093750
vt 0.382813 0.093750
vt 0.378906 0.087891
vt 0.373047 0.080078
vt 0.378906 0.083984
vt 0.378906 0.080078
vt 0.373047 0.089844
vt 0.373047 0.093750
vt 0.378906 0.089844
vt 0.378906 0.074219
vt 0.382813 0.080078
vt 0.388672 0.093750
vt 0.341797 0.074219
vt 0.404297 0.093750
vt 0.406250 0.130859
vt 0.402343 0.130859
vt 0.402343 0.126952
vt 0.406250 0.126952
vt 0.400390 0.130859
vt 0.396484 0.130859
vt 0.396484 0.126952
vt 0.400390 0.126952
vt 0.403320 0.125000
vt 0.405273 0.125000
vt 0.406250 0.125000
vt 0.408203 0.125000
vt 0.397460 0.125000
vt 0.399414 0.125000
vt 0.400390 0.125000
vt 0.402343 0.125000
vt 0.406250 0.123047
vt 0.408203 0.123047
vt 0.396484 0.117188
vt 0.400390 0.117188
vt 0.400390 0.121093
vt 0.396484 0.121093
vt 0.406250 0.117188
vt 0.406250 0.121093
vt 0.402343 0.117188
vt 0.402343 0.121093
vt 0.399414 0.123047
vt 0.397460 0.123047
vt 0.405273 0.123047
vt 0.403320 0.123047
vt 0.402343 0.123047
vt 0.400390 0.123047
vt 0.394531 0.130860
vt 0.390624 0.130860
vt 0.390624 0.126953
vt 0.394531 0.126953
vt 0.396484 0.130860
vt 0.396484 0.126953
vt 0.388671 0.130860
vt 0.384765 0.130860
vt 0.384765 0.126953
vt 0.388671 0.126953
vt 0.391601 0.125000
vt 0.393554 0.125000
vt 0.394531 0.125000
vt 0.396484 0.125000
vt 0.385741 0.125000
vt 0.387695 0.125000
vt 0.388671 0.125000
vt 0.390624 0.125000
vt 0.394531 0.123047
vt 0.396484 0.123047
vt 0.384765 0.117188
vt 0.388671 0.117188
vt 0.388671 0.121094
vt 0.384765 0.121094
vt 0.394531 0.117188
vt 0.396484 0.121094
vt 0.394531 0.121094
vt 0.390624 0.117188
vt 0.390624 0.121094
vt 0.387695 0.123047
vt 0.385741 0.123047
vt 0.393554 0.123047
vt 0.391601 0.123047
vt 0.390624 0.123047
vt 0.388671 0.123047
vt 0.039062 0.044922
vt 0.039062 0.052734
vt 0.037109 0.052734
vt 0.037109 0.044922
vt 0.033203 0.044922
vt 0.035156 0.044922
vt 0.035156 0.052734
vt 0.033203 0.052734
vt 0.039062 0.046875
vt 0.041016 0.046875
vt 0.041016 0.044922
vt 0.041016 0.052734
vt 0.035156 0.046875
vt 0.033203 0.046875
vt 0.037109 0.046875
vt 0.037109 0.054688
vt 0.035156 0.054688
vt 0.041016 0.054688
vt 0.039062 0.054688
vt 0.033203 0.054688
vt 0.171875 0.593750
vt 0.171875 0.625000
vt 0.156250 0.625000
vt 0.156250 0.593750
vt 0.125000 0.640625
vt 0.109375 0.640625
vt 0.109375 0.625000
vt 0.125000 0.625000
vt 0.125000 0.656250
vt 0.109375 0.656250
vt 0.125000 0.687500
vt 0.109375 0.687500
vt 0.171875 0.687500
vt 0.171875 0.703125
vt 0.156250 0.703125
vt 0.156250 0.687500
vt 0.140625 0.687500
vt 0.140625 0.656250
vt 0.187500 0.656250
vt 0.187500 0.687500
vt 0.203125 0.640625
vt 0.203125 0.625000
vt 0.140625 0.562500
vt 0.156250 0.562500
vt 0.140625 0.593750
vt 0.187500 0.562500
vt 0.203125 0.562500
vt 0.203125 0.593750
vt 0.187500 0.593750
vt 0.171875 0.562500
vt 0.062500 0.656250
vt 0.062500 0.625000
vt 0.109375 0.593750
vt 0.062500 0.593750
vt 0.109375 0.562500
vt 0.062500 0.562500
vt 0.062500 0.687500
vt 0.031250 0.593750
vt 0.031250 0.562500
s 1
usemtl mat1
f 705/799/473 706/800/473 707/801/473 710/802/473
f 708/803/473 709/804/473 705/805/473 710/806/473
f 711/803/474 712/807/474 713/808/474 714/804/474
f 715/809/474 716/810/474 717/808/474 718/807/474
f 719/811/474 720/812/474 721/813/474 722/814/474
f 723/815/475 724/816/475 725/817/475 726/818/475
f 719/811/476 722/814/476 727/819/476 728/820/476
f 726/818/473 725/817/473 729/821/473 730/822/473
f 728/820/473 727/819/473 731/823/473 732/824/473
f 733/825/474 734/826/474 735/827/474 736/828/474
f 737/829/475 738/830/475 739/831/475 740/832/475
f 741/833/476 736/828/476 735/827/476 742/834/476
f 743/835/473 737/829/473 740/832/473 744/836/473
f 745/837/473 741/833/473 742/834/473 746/838/473
f 755/839/474 751/840/474 752/841/474 756/842/474
f 757/843/474 753/844/474 754/845/474 758/846/474
f 758/846/475 759/847/475 760/848/475
f 761/849/475 757/843/475 762/850/475
f 758/846/475 760/848/475 762/850/475 757/843/475
f 763/851/476 755/839/476 764/852/476
f 765/853/476 756/842/476 766/854/476
f 765/853/476 764/852/476 755/839/476 756/842/476
f 767/855/474 768/856/474 769/857/474 770/858/474
f 771/859/476 767/855/476 770/858/476 772/860/476
f 773/861/473 774/816/473 775/862/473 776/863/473
f 777/864/474 778/865/474 779/866/474 780/867/474
f 780/867/476 779/866/476 781/868/476 782/869/476
f 783/870/473 784/830/473 785/871/473 786/872/473
f 787/873/473 788/874/473 789/875/473 790/876/473
f 791/877/476 787/873/476 790/876/476 792/878/476
f 793/879/474 791/877/474 792/878/474 794/880/474
f 794/880/476 795/881/476 796/882/476
f 797/883/476 793/879/476 798/884/476
f 796/882/476 798/884/476 793/879/476 794/880/476
f 799/885/475 788/874/475 800/886/475
f 802/887/475 789/875/475 801/888/475
f 788/874/475 799/885/475 801/888/475 789/875/475
f 803/889/474 804/890/474 805/891/474 806/892/474
f 806/892/475 805/891/475 807/859/475 808/860/475
f 809/893/473 810/894/473 811/895/473 812/896/473
f 813/897/474 814/898/474 815/899/474 816/900/474
f 817/868/475 813/897/475 816/900/475 818/869/475
f 819/901/473 820/902/473 821/903/473 822/904/473
f 823/905/473 824/906/473 825/907/473 826/908/473
f 826/908/475 825/907/475 827/909/475 828/910/475
f 828/910/474 827/909/474 829/911/474 830/912/474
f 831/913/475 830/912/475 832/914/475
f 829/911/475 833/915/475 834/916/475
f 829/911/475 834/916/475 832/914/475 830/912/475
f 824/906/476 835/917/476 836/918/476
f 823/905/476 838/919/476 837/920/476
f 837/920/476 835/917/476 824/906/476 823/905/476
f 839/921/475 840/922/475 841/923/475 842/924/475
f 843/925/477 844/926/477 845/927/477 846/928/477
f 847/929/478 848/930/478 849/928/478 850/927/478
f 851/931/473 852/932/473 853/933/473 854/922/473
f 855/934/479 856/935/479 857/936/479 858/937/479
f 859/938/477 860/939/477 861/940/477 862/941/477
f 863/935/480 864/942/480 865/943/480 866/936/480
f 867/939/478 868/938/478 869/944/478 870/945/478
f 871/946/474 862/941/474 861/940/474 872/947/474
f 873/948/475 874/949/475 875/950/475 876/951/475
f 877/925/478 878/928/478 879/952/478 880/953/478
f 881/951/476 882/950/476 883/931/476 884/954/476
f 885/955/477 886/952/477 887/928/477 888/930/477
f 889/931/473 890/956/473 891/957/473 892/932/473
f 893/958/481 894/959/481 895/960/481 896/961/481
f 897/962/478 898/955/478 899/930/478 900/963/478
f 901/958/480 902/949/480 903/964/480 904/965/480
f 905/966/477 906/932/477 907/957/477 908/967/477
f 897/962/474 900/963/474 905/966/474 908/967/474
f 909/937/476 910/921/476 911/924/476 912/968/476
f 913/969/474 914/970/474 915/971/474 916/972/474
f 917/973/482 918/974/482 916/972/482 919/975/482
f 920/976/473 921/977/473 919/975/473 922/978/473
f 923/979/483 924/980/483 922/978/483 915/971/483
f 922/978/477 919/975/477 916/972/477 915/971/477
f 925/977/474 926/976/474 927/981/474 928/982/474
f 929/983/482 930/984/482 928/982/482 931/985/482
f 932/986/473 933/987/473 931/985/473 934/988/473
f 935/989/483 936/990/483 934/988/483 927/981/483
f 934/988/477 931/985/477 928/982/477 927/981/477
f 937/991/477 938/992/477 939/993/477 940/994/477
f 941/995/475 937/991/475 940/994/475 942/996/475
f 943/997/478 941/995/478 942/996/478 944/998/478
f 938/992/476 945/999/476 946/1000/476 939/993/476
f 947/1001/473 948/1002/473 940/994/473 939/993/473
f 949/1003/474 938/992/474 937/991/474 950/1004/474
f 951/1005/477 952/1006/477 953/1007/477 954/1008/477
f 954/1008/476 953/1007/476 955/997/476 956/998/476
f 957/1009/478 958/980/478 959/1010/478 960/1011/478
f 960/1011/475 959/1010/475 952/1006/475 951/1005/475
f 954/1008/473 961/1012/473 962/1013/473 951/1005/473
f 953/1007/474 952/1006/474 963/1014/474 964/1015/474
f 965/1016/474 966/1017/474 967/1018/474 968/1019/474
f 969/1020/475 970/1021/475 971/1022/475 972/1023/475
f 973/1024/473 974/1023/473 975/1020/473 976/1025/473
f 977/1026/484 978/1027/484 979/1028/484 980/1029/484
f 968/1019/474 967/1018/474 981/1030/474 982/1031/474
f 976/1025/473 975/1020/473 983/1032/473 984/1033/473
f 980/1029/485 979/1028/485 985/1034/485 986/1035/485
f 986/1035/486 985/1034/486 987/1036/486 988/1037/486
f 988/1037/476 987/1036/476 989/1038/476 990/1039/476
f 991/1040/487 992/1041/487 993/1042/487 994/1043/487
f 989/1038/488 994/1043/488 993/1042/488 990/1039/488
f 991/1040/482 995/1044/482 996/1045/482 992/1041/482
f 995/1044/489 997/1046/489 998/1047/489 996/1045/489
f 999/1019/473 1000/1016/473 1001/1048/473 1002/1049/473
f 1000/1016/473 984/1033/473 1003/1050/473 1001/1048/473
f 984/1033/473 983/1032/473 1003/1050/473
f 1004/1051/474 1005/1052/474 1006/1053/474 1007/1054/474
f 1008/1055/474 981/1030/474 1005/1052/474 1004/1051/474
f 1008/1055/474 982/1031/474 981/1030/474
f 978/1027/490 977/1026/490 1009/1023/490 1010/1022/490
f 974/1023/473 973/1024/473 1011/1056/473 1012/1057/473
f 970/1021/491 969/1020/491 1013/1058/491 1014/1059/491
f 966/1017/474 965/1016/474 1015/1060/474 1016/1061/474
f 983/1032/473 1017/1062/473 1003/1050/473
f 1008/1055/474 1018/1063/474 982/1031/474
f 1019/1064/474 1020/1065/474 1021/970/474 1022/1066/474
f 1023/1067/492 1019/1064/492 1022/1066/492 1024/1068/492
f 1025/1069/473 1023/1067/473 1024/1068/473 1026/969/473
f 1027/1070/493 1028/1071/493 1029/1072/493 1030/1073/493
f 1023/1067/494 1031/1074/494 1032/1075/494 1019/1064/494
f 1027/1070/493 1030/1073/493 1033/1076/495 1034/1077/495
f 1025/1069/473 1026/969/473 1035/1078/473 1036/1079/473
f 1032/1075/494 1031/1074/494 1037/1080/494 1038/1081/494
f 1021/970/474 1020/1065/474 1039/1082/474 1040/1083/474
f 1038/1081/496 1037/1080/496 1034/1077/496 1033/1076/496
f 1041/1084/487 1042/1085/487 1043/1086/487 1044/1087/487
f 1045/1086/487 1046/1087/487 1047/1088/487 1048/1089/487
f 1042/1085/482 1049/1090/482 1050/1091/482 1043/1086/482
f 1051/1089/484 1052/1092/484 1053/1093/484 1054/1094/484
f 1055/1095/474 1056/1096/474 1057/1097/474 1058/1098/474
f 1059/1091/482 1045/1086/482 1048/1089/482 1060/1099/482
f 1061/1100/484 1062/1101/484 1063/1094/484 1064/1093/484
f 1065/1102/473 1066/1103/473 1067/1104/473 1068/1105/473
f 1049/1090/489 1069/1106/489 1070/1107/489 1050/1091/489
f 1071/1108/497 1051/1089/497 1054/1094/497 1072/1109/497
f 1073/1110/474 1055/1095/474 1058/1098/474 1074/1111/474
f 1075/1107/489 1059/1091/489 1060/1099/489 1076/1108/489
f 1062/1101/497 1077/1095/497 1078/1109/497 1063/1094/497
f 1066/1103/473 1079/1112/473 1080/1113/473 1067/1104/473
f 1081/1114/488 1041/1084/488 1044/1087/488 1082/1115/488
f 1083/1092/488 1047/1088/488 1046/1087/488 1084/1115/488
f 1065/1102/473 1068/1105/473 1085/1116/473
f 1086/1117/473 1087/1118/473 1088/1119/473 1089/1120/473
f 1064/1093/498 1090/1121/498 1091/1122/498 1061/1100/498
f 1091/1122/499 1090/1121/500 1092/1123/501
f 1086/1117/502 1089/1120/502 1093/1114/502 1094/1124/502
f 1083/1092/488 1084/1115/488 1095/1125/488
f 1096/1120/488 1081/1114/488 1082/1115/488
f 1056/1096/474 1097/1126/474 1057/1097/474
f 1098/1127/474 1099/1128/474 1100/1129/474 1101/1106/474
f 1053/1093/483 1052/1092/483 1102/1130/483 1103/1121/483
f 1104/1131/503 1105/1132/504 1106/1103/505
f 1107/1133/506 1108/1090/506 1109/1129/506 1110/1128/506
f 1107/1133/507 1094/1124/507 1093/1114/507 1108/1090/507
f 1105/1132/504 1104/1131/503 1091/1122/499 1092/1123/501
f 1111/1134/476 1112/1135/476 1113/1136/476 1114/1137/476
f 1115/1138/474 1116/1139/474 1117/1140/474
f 1118/1141/475 1119/1142/475 1120/1143/475 1121/1144/475
f 1122/1145/473 1123/1146/473 1124/1147/473 1125/1148/473
f 1126/1149/489 1127/1150/489 1114/1137/489 1113/1136/489
f 1112/1135/476 1111/1134/476 1128/1151/476 1129/1152/476
f 1123/1146/473 1122/1145/473 1130/1153/473 1131/1154/473
f 1119/1142/475 1118/1141/475 1132/1155/475 1133/1156/475
f 1134/1157/474 1135/1158/474 1136/1159/474 1137/1160/474
f 1129/1152/476 1128/1151/476 1138/1161/476 1139/1162/476
f 1131/1154/508 1130/1153/508 1139/1162/508 1140/1163/508
f 1133/1156/475 1132/1155/475 1140/1163/475 1141/1164/475
f 1137/1160/509 1136/1159/509 1141/1164/509 1138/1161/509
f 1141/1164/478 1140/1163/478 1139/1162/478 1138/1161/478
f 1142/1165/510 1143/1166/510 1144/1167/510 1145/1168/510
f 1146/1169/511 1147/1170/511 1148/1171/511 1149/1172/511
f 1147/1170/512 1150/1173/512 1151/1174/512 1148/1171/512
f 1150/1173/513 1152/1175/513 1153/1176/513 1151/1174/513
f 1152/1175/514 1154/1177/514 1155/1178/514 1153/1176/514
f 1154/1177/515 1156/1179/515 1157/1180/515 1155/1178/515
f 1156/1179/516 1158/1181/516 1159/1182/516 1157/1180/516
f 1158/1181/517 1160/1183/517 1161/1184/517 1159/1182/517
f 1160/1183/518 1162/1185/518 1163/1186/518 1161/1184/518
f 1162/1185/519 1164/1187/519 1165/1188/519 1163/1186/519
f 1164/1187/520 1166/1189/520 1167/1190/520 1165/1188/520
f 1168/1191/521 1169/1192/522 1170/1193/522 1171/1194/521
f 1169/1192/522 1172/1195/522 1173/1196/522 1170/1193/522
f 1172/1195/522 1174/1197/522 1175/1198/522 1173/1196/522
f 1174/1197/522 1176/1199/521 1177/1200/521 1175/1198/522
f 1176/1199/521 1178/1201/523 1179/1202/523 1177/1200/521
f 1178/1201/523 1180/1203/523 1181/1204/523 1179/1202/523
f 1180/1203/523 1182/1205/523 1183/1206/523 1181/1204/523
f 1182/1205/523 1184/1207/523 1185/1208/523 1183/1206/523
f 1184/1207/523 1186/1209/523 1187/1210/523 1185/1208/523
f 1186/1209/523 1188/1168/523 1189/1167/523 1187/1210/523
f 1190/1167/524 1191/1210/524 1192/1211/524 1193/1212/524
f 1191/1210/524 1194/1208/524 1195/1213/524 1192/1211/524
f 1194/1208/524 1196/1206/524 1197/1214/524 1195/1213/524
f 1196/1206/524 1198/1204/524 1199/1215/524 1197/1214/524
f 1198/1204/524 1200/1202/525 1201/1216/525 1199/1215/524
f 1200/1202/525 1202/1200/525 1203/1217/525 1201/1216/525
f 1202/1200/525 1204/1198/526 1205/1218/526 1203/1217/525
f 1204/1198/526 1206/1196/527 1207/1219/527 1205/1218/526
f 1206/1196/527 1208/1193/525 1209/1220/525 1207/1219/527
f 1208/1193/525 1210/1194/524 1211/1221/524 1209/1220/525
f 1212/1221/528 1213/1220/528 1214/1187/528 1215/1189/528
f 1213/1220/529 1216/1219/529 1217/1185/529 1214/1187/529
f 1216/1219/530 1218/1218/530 1219/1183/530 1217/1185/530
f 1218/1218/531 1220/1217/531 1221/1181/531 1219/1183/531
f 1220/1217/532 1222/1216/532 1223/1179/532 1221/1181/532
f 1222/1216/533 1224/1215/533 1225/1177/533 1223/1179/533
f 1224/1215/534 1226/1214/534 1227/1175/534 1225/1177/534
f 1226/1214/535 1228/1213/535 1229/1173/535 1227/1175/535
f 1228/1213/536 1230/1211/536 1231/1170/536 1229/1173/536
f 1230/1211/537 1232/1212/537 1233/1169/537 1231/1170/537
f 1234/1166/538 1190/1167/538 1193/1212/538 1235/1222/538
f 1236/1223/477 1237/1224/477 1238/1225/477 1239/1226/477
f 1239/1226/473 1238/1225/473 1240/1227/473 1241/1228/473
f 1242/1118/478 1243/1229/478 1244/1230/478 1245/1119/478
f 1246/1231/478 1245/1119/478 1244/1230/478
f 1247/1232/539 1248/1233/539 1244/1230/539 1249/1234/539
f 1240/1227/477 1250/1235/477 1241/1228/477
f 1251/1236/474 1252/1237/474 1236/1223/474 1243/1229/474
f 1236/1223/475 1249/1234/475 1244/1230/475 1243/1229/475
f 1239/1226/475 1249/1234/475 1236/1223/475
f 1125/1148/473 1124/1147/473 1253/1238/473
f 1121/1144/475 1120/1143/475 1254/1239/475 1255/1240/475
f 1135/1158/540 1134/1157/540 1117/1140/540 1116/1139/540
f 1256/969/474 1257/970/474 1258/971/474 1259/972/474
f 1260/973/484 1261/974/484 1259/972/484 1262/975/484
f 1263/976/473 1264/977/473 1262/975/473 1265/978/473
f 1266/979/487 1267/980/487 1265/978/487 1258/971/487
f 1265/978/478 1262/975/478 1259/972/478 1258/971/478
f 1268/977/474 1269/976/474 1270/981/474 1271/982/474
f 1272/983/484 1273/984/484 1271/982/484 1274/985/484
f 1275/986/473 1276/987/473 1274/985/473 1277/988/473
f 1278/989/487 1279/990/487 1277/988/487 1270/981/487
f 1277/988/478 1274/985/478 1271/982/478 1270/981/478
f 1280/991/478 1281/992/478 1282/993/478 1283/994/478
f 1284/995/476 1280/991/476 1283/994/476 1285/996/476
f 1286/997/477 1284/995/477 1285/996/477 1287/998/477
f 1281/992/475 1288/999/475 1289/1000/475 1282/993/475
f 1290/1001/473 1291/1002/473 1283/994/473 1282/993/473
f 1292/1003/474 1281/992/474 1280/991/474 1293/1004/474
f 1294/1005/478 1295/1006/478 1296/1007/478 1297/1008/478
f 1297/1008/475 1296/1007/475 1298/997/475 1299/998/475
f 1300/1009/477 1301/980/477 1302/1010/477 1303/1011/477
f 1303/1011/476 1302/1010/476 1295/1006/476 1294/1005/476
f 1297/1008/473 1304/1012/473 1305/1013/473 1294/1005/473
f 1296/1007/474 1295/1006/474 1306/1014/474 1307/1015/474
f 1308/1016/474 1309/1017/474 1310/1018/474 1311/1019/474
f 1312/1020/476 1313/1021/476 1314/1022/476 1315/1023/476
f 1316/1024/473 1317/1023/473 1318/1020/473 1319/1025/473
f 1320/1026/482 1321/1027/482 1322/1028/482 1323/1029/482
f 1311/1019/474 1310/1018/474 1324/1030/474 1325/1031/474
f 1319/1025/473 1318/1020/473 1326/1032/473 1327/1033/473
f 1323/1029/541 1322/1028/541 1328/1034/541 1329/1035/541
f 1329/1035/542 1328/1034/542 1330/1036/542 1331/1037/542
f 1331/1037/475 1330/1036/475 1332/1038/475 1333/1039/475
f 1334/1040/483 1335/1041/483 1336/1042/483 1337/1043/483
f 1332/1038/543 1337/1043/543 1336/1042/543 1333/1039/543
f 1334/1040/484 1338/1044/484 1339/1045/484 1335/1041/484
f 1338/1044/497 1340/1046/497 1341/1047/497 1339/1045/497
f 1342/1019/473 1343/1016/473 1344/1048/473 1345/1049/473
f 1343/1016/473 1327/1033/473 1346/1050/473 1344/1048/473
f 1327/1033/473 1326/1032/473 1346/1050/473
f 1347/1051/474 1348/1052/474 1349/1053/474 1350/1054/474
f 1351/1055/474 1324/1030/474 1348/1052/474 1347/1051/474
f 1351/1055/474 1325/1031/474 1324/1030/474
f 1321/1027/544 1320/1026/544 1352/1023/544 1353/1022/544
f 1317/1023/473 1316/1024/473 1354/1056/473 1355/1057/473
f 1313/1021/545 1312/1020/545 1356/1058/545 1357/1059/545
f 1309/1017/474 1308/1016/474 1358/1060/474 1359/1061/474
f 1326/1032/473 1360/1062/473 1346/1050/473
f 1351/1055/474 1361/1063/474 1325/1031/474
f 1362/1064/474 1363/1065/474 1364/970/474 1365/1066/474
f 1366/1067/496 1362/1064/496 1365/1066/496 1367/1068/496
f 1368/1069/473 1366/1067/473 1367/1068/473 1369/969/473
f 1370/1070/494 1371/1071/494 1372/1072/494 1373/1073/494
f 1366/1067/493 1374/1074/493 1375/1075/493 1362/1064/493
f 1370/1070/494 1373/1073/494 1376/1076/494 1377/1077/494
f 1368/1069/473 1369/969/473 1378/1078/473 1379/1079/473
f 1375/1075/493 1374/1074/493 1380/1080/495 1381/1081/495
f 1364/970/474 1363/1065/474 1382/1082/474 1383/1083/474
f 1381/1081/492 1380/1080/492 1377/1077/492 1376/1076/492
f 1384/1084/483 1385/1085/483 1386/1086/483 1387/1087/483
f 1388/1086/483 1389/1087/483 1390/1088/483 1391/1089/483
f 1385/1085/484 1392/1090/484 1393/1091/484 1386/1086/484
f 1394/1089/482 1395/1092/482 1396/1093/482 1397/1094/482
f 1398/1095/474 1399/1096/474 1400/1097/474 1401/1098/474
f 1402/1091/484 1388/1086/484 1391/1089/484 1403/1099/484
f 1404/1100/482 1405/1101/482 1406/1094/482 1407/1093/482
f 1408/1102/473 1409/1103/473 1410/1104/473 1411/1105/473
f 1392/1090/497 1412/1106/497 1413/1107/497 1393/1091/497
f 1414/1108/489 1394/1089/489 1397/1094/489 1415/1109/489
f 1416/1110/474 1398/1095/474 1401/1098/474 1417/1111/474
f 1418/1107/497 1402/1091/497 1403/1099/497 1419/1108/497
f 1405/1101/489 1420/1095/489 1421/1109/489 1406/1094/489
f 1409/1103/473 1422/1112/473 1423/1113/473 1410/1104/473
f 1424/1114/543 1384/1084/543 1387/1087/543 1425/1115/543
f 1426/1092/543 1390/1088/543 1389/1087/543 1427/1115/543
f 1408/1102/473 1411/1105/473 1428/1116/473
f 1429/1117/473 1430/1118/473 1431/1119/473 1432/1120/473
f 1407/1093/546 1433/1121/546 1434/1122/546 1404/1100/546
f 1434/1122/547 1433/1121/548 1435/1123/549
f 1429/1117/550 1432/1120/550 1436/1114/550 1437/1124/550
f 1426/1092/543 1427/1115/543 1438/1125/543
f 1439/1120/543 1424/1114/543 1425/1115/543
f 1399/1096/474 1440/1126/474 1400/1097/474
f 1441/1127/474 1442/1128/474 1443/1129/474 1444/1106/474
f 1396/1093/487 1395/1092/487 1445/1130/487 1446/1121/487
f 1447/1131/551 1448/1132/552 1449/1103/553
f 1450/1133/554 1451/1090/554 1452/1129/554 1453/1128/554
f 1450/1133/555 1437/1124/555 1436/1114/555 1451/1090/555
f 1448/1132/552 1447/1131/551 1434/1122/547 1435/1123/549
f 1454/1134/475 1455/1135/475 1456/1136/475 1457/1137/475
f 1458/1138/474 1459/1139/474 1460/1140/474
f 1461/1141/476 1462/1142/476 1463/1143/476 1464/1144/476
f 1465/1145/473 1466/1146/473 1467/1147/473 1468/1148/473
f 1469/1149/497 1470/1150/497 1457/1137/497 1456/1136/497
f 1455/1135/475 1454/1134/475 1471/1151/475 1472/1152/475
f 1466/1146/473 1465/1145/473 1473/1153/473 1474/1154/473
f 1462/1142/476 1461/1141/476 1475/1155/476 1476/1156/476
f 1477/1157/474 1478/1158/474 1479/1159/474 1480/1160/474
f 1472/1152/475 1471/1151/475 1481/1161/475 1482/1162/475
f 1474/1154/556 1473/1153/556 1482/1162/556 1483/1163/556
f 1476/1156/476 1475/1155/476 1483/1163/476 1484/1164/476
f 1480/1160/557 1479/1159/557 1484/1164/557 1481/1161/557
f 1484/1164/477 1483/1163/477 1482/1162/477 1481/1161/477
f 1485/1241/558 1486/1242/558 1487/1243/558 1488/1244/558
f 1489/1245/478 1485/1241/478 1488/1244/478 1490/1246/478
f 1490/1246/559 1488/1244/559 1491/1247/559 1492/1248/559
f 1493/1249/560 1489/1245/560 1490/1246/560 1494/1002/560
f 1495/1250/561 1496/1251/561 1485/1241/561 1489/1245/561
f 1497/1252/477 1498/1253/477 1492/1248/477 1491/1247/477
f 1499/1254/559 1500/1255/559 1501/1256/559 1502/1257/559
f 1503/1258/558 1504/1259/558 1502/1257/558 1505/1260/558
f 1506/1261/560 1507/1262/560 1508/1263/560 1501/1256/560
f 1508/1263/478 1505/1260/478 1502/1257/478 1501/1256/478
f 1505/1260/558 1509/1264/558 1503/1258/558
f 1507/1262/560 1510/1265/560 1508/1263/560
f 1511/1266/562 1512/1267/562 1505/1260/562 1508/1263/562
f 1513/1268/558 1514/1269/558 1515/1270/558 1516/1271/558
f 1517/1272/478 1513/1268/478 1516/1271/478 1518/1273/478
f 1518/1273/559 1516/1271/559 1519/1274/559 1520/1275/559
f 1521/1276/560 1517/1272/560 1518/1273/560 1522/1277/560
f 1523/1253/561 1524/1252/561 1513/1268/561 1517/1272/561
f 1525/1278/477 1526/1279/477 1520/1275/477 1519/1274/477
f 1527/1280/559 1528/1281/559 1529/1282/559 1530/1283/559
f 1531/1284/558 1532/1285/558 1530/1283/558 1533/1286/558
f 1534/1287/560 1535/1288/560 1536/1289/560 1529/1282/560
f 1536/1289/478 1533/1286/478 1530/1283/478 1529/1282/478
f 1537/1290/477 1531/1284/477 1538/1291/477 1539/1292/477
f 1535/1288/560 1540/1293/560 1536/1289/560
f 1541/1255/563 1542/1254/563 1533/1286/563 1536/1289/563
f 1538/1291/558 1531/1284/558 1533/1286/558
f 1543/1165/564 1544/1166/564 1545/1167/564 1546/1168/564
f 1547/1169/565 1548/1170/565 1549/1171/565 1550/1172/565
f 1548/1170/566 1551/1173/566 1552/1174/566 1549/1171/566
f 1551/1173/567 1553/1175/567 1554/1176/567 1552/1174/567
f 1553/1175/568 1555/1177/568 1556/1178/568 1554/1176/568
f 1555/1177/569 1557/1179/569 1558/1180/569 1556/1178/569
f 1557/1179/570 1559/1181/570 1560/1182/570 1558/1180/570
f 1559/1181/571 1561/1183/571 1562/1184/571 1560/1182/571
f 1561/1183/572 1563/1185/572 1564/1186/572 1562/1184/572
f 1563/1185/573 1565/1187/573 1566/1188/573 1564/1186/573
f 1565/1187/574 1567/1189/574 1568/1190/574 1566/1188/574
f 1569/1191/575 1570/1192/576 1571/1193/576 1572/1194/575
f 1570/1192/576 1573/1195/576 1574/1196/576 1571/1193/576
f 1573/1195/576 1575/1197/576 1576/1198/576 1574/1196/576
f 1575/1197/576 1577/1199/577 1578/1200/577 1576/1198/576
f 1577/1199/577 1579/1201/577 1580/1202/577 1578/1200/577
f 1579/1201/577 1581/1203/575 1582/1204/575 1580/1202/577
f 1581/1203/575 1583/1205/575 1584/1206/575 1582/1204/575
f 1583/1205/575 1585/1207/575 1586/1208/575 1584/1206/575
f 1585/1207/575 1587/1209/575 1588/1210/575 1586/1208/575
f 1587/1209/575 1589/1168/575 1590/1167/575 1588/1210/575
f 1591/1167/578 1592/1210/578 1593/1211/578 1594/1212/578
f 1592/1210/578 1595/1208/578 1596/1213/578 1593/1211/578
f 1595/1208/578 1597/1206/578 1598/1214/578 1596/1213/578
f 1597/1206/578 1599/1204/579 1600/1215/579 1598/1214/578
f 1599/1204/579 1601/1202/580 1602/1216/580 1600/1215/579
f 1601/1202/580 1603/1200/580 1604/1217/580 1602/1216/580
f 1603/1200/580 1605/1198/579 1606/1218/579 1604/1217/580
f 1605/1198/579 1607/1196/580 1608/1219/580 1606/1218/579
f 1607/1196/580 1609/1193/581 1610/1220/581 1608/1219/580
f 1609/1193/581 1611/1194/581 1612/1221/581 1610/1220/581
f 1613/1221/582 1614/1220/582 1615/1187/582 1616/1189/582
f 1614/1220/583 1617/1219/583 1618/1185/583 1615/1187/583
f 1617/1219/584 1619/1218/584 1620/1183/584 1618/1185/584
f 1619/1218/585 1621/1217/585 1622/1181/585 1620/1183/585
f 1621/1217/586 1623/1216/586 1624/1179/586 1622/1181/586
f 1623/1216/587 1625/1215/587 1626/1177/587 1624/1179/587
f 1625/1215/588 1627/1214/588 1628/1175/588 1626/1177/588
f 1627/1214/589 1629/1213/589 1630/1173/589 1628/1175/589
f 1629/1213/590 1631/1211/590 1632/1170/590 1630/1173/590
f 1631/1211/591 1633/1212/591 1634/1169/591 1632/1170/591
f 1635/1166/592 1591/1167/592 1594/1212/592 1636/1222/592
f 1637/1223/478 1638/1224/478 1639/1225/478 1640/1226/478
f 1640/1226/473 1639/1225/473 1641/1227/473 1642/1228/473
f 1643/1118/477 1644/1229/477 1645/1230/477 1646/1119/477
f 1647/1231/477 1646/1119/477 1645/1230/477
f 1648/1232/593 1649/1233/593 1645/1230/593 1650/1234/593
f 1641/1227/478 1651/1235/478 1642/1228/478
f 1652/1236/474 1653/1237/474 1637/1223/474 1644/1229/474
f 1637/1223/476 1650/1234/476 1645/1230/476 1644/1229/476
f 1640/1226/476 1650/1234/476 1637/1223/476
f 1537/1290/477 1654/1294/477 1532/1285/477 1531/1284/477
f 1468/1148/473 1467/1147/473 1655/1238/473
f 1464/1144/476 1463/1143/476 1656/1239/476 1657/1240/476
f 1478/1158/594 1477/1157/594 1460/1140/594 1459/1139/594
f 1658/1295/476 1659/1296/476 1660/1297/476 1661/1298/476
f 1662/1299/475 1663/1300/475 1664/1301/475 1665/1302/475
f 1665/1302/556 1664/1301/556 1661/1298/556 1660/1297/556
f 1666/1303/476 1667/1304/476 1668/1305/476 1669/1306/476
f 1670/1307/475 1671/1308/475 1672/1309/475 1673/1310/475
f 1673/1310/595 1672/1309/595 1669/1306/595 1668/1305/595
f 1674/1311/476 1675/1312/476 1669/1306/476 1676/1313/476
f 1677/1314/475 1678/1315/475 1679/1316/475 1672/1309/475
f 1672/1309/596 1679/1316/596 1676/1313/596 1669/1306/596
f 1680/1317/476 1681/1318/476 1676/1313/476 1682/1319/476
f 1683/1320/475 1684/1321/475 1685/1322/475 1679/1316/475
f 1679/1316/509 1685/1322/509 1682/1319/509 1676/1313/509
f 1686/1323/476 1687/1324/476 1682/1319/476 1688/1325/476
f 1689/1326/475 1690/1327/475 1691/1328/475 1685/1322/475
f 1685/1322/597 1691/1328/597 1688/1325/597 1682/1319/597
f 1692/1329/476 1693/1330/476 1688/1325/476 1660/1297/476
f 1694/1331/475 1695/1332/475 1665/1302/475 1691/1328/475
f 1691/1328/598 1665/1302/598 1660/1297/598 1688/1325/598
f 1696/1333/596 1697/1334/596 1698/1335/596 1699/1336/596
f 1698/1335/509 1697/1334/509 1700/1337/509 1701/1338/509
f 1702/1339/597 1703/1340/597 1704/1341/597 1705/1342/597
f 1706/1343/598 1707/1344/598 1705/1342/598 1704/1341/598
f 1707/1344/556 1706/1343/556 1708/1345/556 1709/1346/556
f 1709/1346/595 1708/1345/595 1696/1333/595 1699/1336/595
f 1710/1347/599 1711/1348/599 1712/1337/599 1713/1349/599
f 1714/1350/600 1715/1351/600 1716/1352/600 1717/1353/600
f 1716/1352/601 1718/1354/601 1719/1355/601 1717/1353/601
f 1714/1350/602 1711/1348/602 1710/1347/602 1715/1351/602
f 1720/1348/508 1721/1356/508 1722/1298/508 1723/1337/508
f 1724/1357/557 1725/1350/557 1726/1353/557 1727/1358/557
f 1726/1353/603 1728/1355/603 1729/1359/603 1727/1358/603
f 1724/1357/604 1721/1356/604 1720/1348/604 1725/1350/604
f 1730/1360/605 1731/1347/605 1732/1349/605 1733/1361/605
f 1734/1351/606 1735/1362/606 1736/1363/606 1737/1352/606
f 1736/1363/607 1738/1364/607 1739/1354/607 1737/1352/607
f 1734/1351/608 1731/1347/608 1730/1360/608 1735/1362/608
f 1740/1365/606 1741/1366/606 1742/1367/606 1743/1368/606
f 1741/1366/595 1744/1369/595 1745/1370/595 1746/1371/595
f 1744/1369/605 1747/1372/605 1748/1373/605 1749/1374/605
f 1747/1372/597 1740/1365/597 1750/1375/597 1751/1333/597
f 1743/1368/476 1742/1367/476 1752/1376/476 1753/1377/476
f 1747/1372/475 1744/1369/475 1741/1366/475 1740/1365/475
f 1754/1378/474 1755/1374/474 1756/1379/474 1757/1380/474
f 1758/1373/477 1759/1381/477 1760/1382/477 1761/1383/477
f 1762/1384/473 1758/1373/473 1761/1383/473 1763/1385/473
f 1755/1374/478 1762/1384/478 1763/1385/478 1756/1379/478
f 1764/1386/476 1765/1095/476 1766/1387/476 1767/1388/476
f 1768/1389/478 1769/1390/478 1767/1388/478 1770/1391/478
f 1771/1392/475 1772/1393/475 1770/1391/475 1773/1394/475
f 1774/1395/477 1775/1396/477 1773/1394/477 1766/1387/477
f 1773/1394/474 1770/1391/474 1767/1388/474 1766/1387/474
f 1776/1397/475 1777/1398/475 1778/1399/475 1779/1400/475
f 1779/1400/473 1778/1399/473 1780/1401/473 1781/1402/473
f 1782/1403/476 1783/1404/476 1784/1405/476 1785/1406/476
f 1785/1406/474 1784/1405/474 1777/1398/474 1776/1397/474
f 1786/1407/475 1787/1408/475 1788/1409/475 1789/1410/475
f 1789/1410/609 1790/1411/609 1791/1412/609 1792/1413/609
f 1792/1413/476 1793/1414/476 1794/1415/476 1795/1416/476
f 1796/1417/610 1797/1418/610 1798/1419/610 1786/1407/610
f 1799/1420/475 1786/1407/475 1789/1410/475 1800/1421/475
f 1800/1421/473 1789/1410/473 1792/1413/473 1801/1422/473
f 1801/1422/476 1792/1413/476 1795/1416/476 1802/1423/476
f 1803/1424/474 1796/1417/474 1786/1407/474 1799/1420/474
f 1804/1425/478 1801/1422/478 1802/1423/478 1805/1426/478
f 1806/1427/478 1807/1428/478 1808/1429/478 1809/1430/478
f 1809/1430/473 1808/1429/473 1810/1431/473 1811/1432/473
f 1812/1433/477 1813/1434/477 1814/1435/477 1815/1436/477
f 1809/1430/476 1811/1432/476 1816/1437/476 1817/1438/476
f 1818/1439/477 1819/1440/477 1820/1441/477
f 1821/1442/478 1822/1443/478 1823/1444/478
f 1821/1442/611 1824/1445/611 1825/1446/611 1826/1447/611
f 1818/1439/477 1827/1448/477 1819/1440/477
f 1828/1449/478 1821/1442/478 1823/1444/478
f 1827/1448/474 1828/1449/474 1823/1444/474 1819/1440/474
f 1829/1450/477 1830/1451/477 1831/1452/477
f 1832/1439/478 1833/1453/478 1834/1454/478
f 1835/1445/611 1836/1455/611 1837/1456/611 1838/1446/611
f 1829/1450/477 1839/1457/477 1830/1451/477
f 1840/1458/478 1832/1439/478 1834/1454/478
f 1839/1457/474 1840/1458/474 1834/1454/474 1830/1451/474
f 1841/1459/473 1842/1460/473 1843/1461/473 1844/1462/473
f 1845/1463/475 1841/1459/475 1844/1462/475 1846/1464/475
f 1842/1460/476 1847/1465/476 1848/1466/476 1843/1461/476
f 1849/1467/478 1850/1468/478 1851/1469/478 1852/1470/478
f 1850/1468/478 1849/1467/478 1853/1471/478 1854/1472/478
f 1855/1473/612 1856/1474/612 1857/1475/612 1858/1476/612
f 1859/1477/477 1860/1478/477 1861/1479/477 1862/1480/477
f 1863/1481/474 1858/1476/474 1857/1475/474 1864/1482/474
f 1863/1481/474 1864/1482/474 1865/1483/474 1866/1484/474
f 1859/1477/477 1862/1480/477 1866/1484/477 1867/1485/477
f 1848/1466/473 1847/1465/473 1867/1485/473 1868/1486/473
f 1853/1471/478 1849/1467/478 1868/1486/478 1865/1483/478
f 1868/1486/476 1867/1485/476 1866/1484/476 1865/1483/476
f 1869/1487/478 1870/1488/478 1871/1489/478 1872/1490/478
f 1873/1491/474 1869/1487/474 1872/1490/613 1874/1492/474
f 1875/1493/477 1876/1494/477 1877/1495/477 1878/1496/477
f 1879/1497/473 1880/1498/473 1881/1499/473 1882/1500/614
f 1883/1501/476 1884/1502/476 1885/1503/476 1886/1504/476
f 1882/1500/614 1883/1501/615 1886/1504/616 1887/1505/616
f 1888/1506/475 1882/1500/475 1887/1505/475 1889/1507/475
f 1884/1502/617 1872/1490/613 1890/1508/618 1885/1503/618
f 1869/1487/474 1873/1491/474 1891/1509/474
f 1892/1510/473 1880/1498/473 1879/1497/473
f 1893/1511/619 1870/1488/619 1869/1487/619 1894/1512/619
f 1874/1492/474 1872/1490/613 1884/1502/617
f 1883/1501/615 1882/1500/614 1881/1499/473
f 1878/1496/620 1877/1495/620 1884/1502/620 1883/1501/620
f 1895/1513/477 1896/1514/477 1897/1515/477 1898/1516/477
f 1899/1517/478 1900/1518/478 1901/1519/478 1902/1520/478
f 1903/1521/473 1904/1522/473 1905/1523/473 1906/1524/473
f 1904/1522/473 1907/1525/473 1908/1526/473 1905/1523/473
f 1909/1527/474 1910/1528/474 1911/1529/474 1912/1530/474
f 1906/1524/475 1913/1531/475 1914/1532/475 1903/1521/475
f 1915/1533/478 1916/1534/478 1917/1535/478 1918/1536/478
f 1919/1537/621 1920/1514/621 1921/1538/621 1922/1539/621
f 1923/1540/477 1924/1541/477 1925/1542/477 1926/1543/477
f 1907/1525/476 1927/1544/476 1928/1545/476 1908/1526/476
f 1929/1546/620 1930/1547/620 1898/1516/620 1897/1515/620
f 1900/1518/485 1899/1517/485 1931/1548/485 1932/1549/485
f 1911/1529/474 1910/1528/474 1914/1532/474 1913/1531/474
f 1915/1533/476 1933/1550/476 1934/1541/476 1916/1534/476
f 1933/1550/477 1935/1551/477 1936/1552/477 1934/1541/477
f 1937/1553/478 1938/1554/478 1939/1555/478 1940/1534/478
f 1923/1540/476 1937/1553/476 1940/1534/476 1924/1541/476
f 1941/1556/621 1942/1542/621 1943/1551/621 1944/1557/621
f 1945/1241/622 1946/1242/622 1947/1243/622 1948/1244/622
f 1949/1245/477 1945/1241/477 1948/1244/477 1950/1246/477
f 1950/1246/623 1948/1244/623 1951/1247/623 1952/1248/623
f 1953/1249/624 1949/1245/624 1950/1246/624 1954/1002/624
f 1955/1250/625 1956/1251/625 1945/1241/625 1949/1245/625
f 1957/1252/478 1958/1253/478 1952/1248/478 1951/1247/478
f 1959/1254/623 1960/1255/623 1961/1256/623 1962/1257/623
f 1963/1258/622 1964/1259/622 1962/1257/622 1965/1260/622
f 1966/1261/624 1967/1262/624 1968/1263/624 1961/1256/624
f 1968/1263/477 1965/1260/477 1962/1257/477 1961/1256/477
f 1965/1260/622 1969/1264/622 1963/1258/622
f 1967/1262/624 1970/1265/624 1968/1263/624
f 1971/1266/626 1972/1267/626 1965/1260/626 1968/1263/626
f 1973/1268/622 1974/1269/622 1975/1270/622 1976/1271/622
f 1977/1272/477 1973/1268/477 1976/1271/477 1978/1273/477
f 1978/1273/623 1976/1271/623 1979/1274/623 1980/1275/623
f 1981/1276/624 1977/1272/624 1978/1273/624 1982/1277/624
f 1983/1253/625 1984/1252/625 1973/1268/625 1977/1272/625
f 1985/1278/478 1986/1279/478 1980/1275/478 1979/1274/478
f 1987/1280/623 1988/1281/623 1989/1282/623 1990/1283/623
f 1991/1284/622 1992/1285/622 1990/1283/622 1993/1286/622
f 1994/1287/624 1995/1288/624 1996/1289/624 1989/1282/624
f 1996/1289/477 1993/1286/477 1990/1283/477 1989/1282/477
f 1997/1290/478 1991/1284/478 1998/1291/478 1999/1292/478
f 1995/1288/624 2000/1293/624 1996/1289/624
f 2001/1255/627 2002/1254/627 1993/1286/627 1996/1289/627
f 1998/1291/622 1991/1284/622 1993/1286/622
f 1997/1290/478 2003/1294/478 1992/1285/478 1991/1284/478
f 2004/1558/478 2005/1559/478 2006/1560/478 2007/1561/478
f 2008/1562/477 2009/1563/477 2010/1564/477 2011/1565/477
f 2012/1566/628 2013/1567/628 2014/1568/628 2015/1569/628
f 2011/1565/477 2016/1570/477 2015/1569/477 2017/1571/477
f 2018/1572/478 2006/1560/478 2019/1573/478 2014/1568/478
f 2019/1573/474 2017/1571/474 2015/1569/474 2014/1568/474
f 2020/1574/478 2007/1561/478 2021/1575/478
f 2006/1560/478 2018/1572/478 2021/1575/478 2007/1561/478
f 2022/1576/477 2023/1577/477 2010/1564/477
f 2010/1564/477 2023/1577/477 2016/1570/477 2011/1565/477
f 2024/1578/478 2025/1579/478 2026/1580/478 2027/1581/478
f 2028/1582/477 2029/1583/477 2030/1584/477 2031/1585/477
f 2032/1586/629 2033/1587/629 2034/1588/629 2035/1589/629
f 2035/1589/477 2036/1590/477 2031/1585/477 2037/1591/477
f 2038/1592/478 2024/1578/478 2039/1593/478 2032/1586/478
f 2035/1589/474 2037/1591/474 2038/1592/474 2032/1586/474
f 2027/1581/478 2040/1594/478 2041/1595/478
f 2041/1595/478 2039/1593/478 2024/1578/478 2027/1581/478
f 2042/1596/477 2043/1597/477 2028/1582/477
f 2036/1590/477 2042/1596/477 2028/1582/477 2031/1585/477
f 2044/1598/478 2045/1599/478 2046/1600/478 2047/1601/478
f 2048/1602/477 2049/1603/477 2050/1604/477 2051/1605/477
f 2052/1606/628 2053/1607/628 2054/1608/628 2055/1609/628
f 2051/1605/477 2056/1610/477 2055/1609/477 2057/1611/477
f 2058/1612/478 2046/1600/478 2059/1613/478 2054/1608/478
f 2059/1613/474 2057/1611/474 2055/1609/474 2054/1608/474
f 2060/1614/478 2047/1601/478 2061/1615/478
f 2046/1600/478 2058/1612/478 2061/1615/478 2047/1601/478
f 2062/1616/477 2063/1617/477 2050/1604/477
f 2050/1604/477 2063/1617/477 2056/1610/477 2051/1605/477
f 2064/1618/478 2065/1619/478 2066/1620/478 2067/1621/478
f 2068/1622/477 2069/1623/477 2070/1624/477 2071/1625/477
f 2072/1626/629 2073/1627/629 2074/1628/629 2075/1629/629
f 2075/1629/477 2076/1630/477 2071/1625/477 2077/1631/477
f 2078/1632/478 2064/1618/478 2079/1633/478 2072/1626/478
f 2075/1629/474 2077/1631/474 2078/1632/474 2072/1626/474
f 2067/1621/478 2080/1634/478 2081/1635/478
f 2081/1635/478 2079/1633/478 2064/1618/478 2067/1621/478
f 2082/1636/477 2083/1637/477 2068/1622/477
f 2076/1630/477 2082/1636/477 2068/1622/477 2071/1625/477
f 2092/1638/478 2093/1639/478 2094/1640/478
f 2095/1641/477 2096/1642/477 2097/1643/477
f 2088/1644/630 2093/1639/478 2098/1645/478 2090/1646/509
f 2088/1644/630 2099/1647/631 2094/1640/478 2093/1639/478
f 2100/1648/620 2097/1643/477 2089/1649/477 2091/1650/620
f 2097/1643/477 2096/1642/477 2101/1651/477 2089/1649/477
f 2102/1652/632 2103/1653/632 2104/1654/632 2105/1655/632
f 2105/1655/474 2106/1656/474 2107/1657/474 2102/1652/474
f 2108/1658/478 2109/1659/478 2110/1660/478
f 2111/1661/477 2112/1662/477 2113/1663/477
f 2114/1664/478 2108/1658/478 2102/1652/478 2107/1657/478
f 2110/1660/478 2115/1665/478 2102/1652/478 2108/1658/478
f 2105/1655/477 2113/1663/477 2116/1666/477 2106/1656/477
f 2117/1667/477 2111/1661/477 2113/1663/477 2105/1655/477
f 2122/1668/478 2123/1669/478 2124/1670/478
f 2125/1671/477 2126/1672/477 2127/1673/477
f 2118/1674/478 2123/1669/478 2128/1675/485 2120/1676/485
f 2118/1674/478 2129/1677/478 2124/1670/478 2123/1669/478
f 2130/1678/477 2127/1673/477 2119/1679/633 2121/1680/557
f 2127/1673/477 2126/1672/477 2131/1681/634 2119/1679/633
f 2132/1682/632 2133/1683/632 2134/1684/632 2135/1685/632
f 2135/1685/474 2136/1686/474 2137/1687/474 2132/1682/474
f 2138/1688/478 2139/1689/478 2140/1690/478
f 2141/1691/477 2142/1692/477 2143/1693/477
f 2144/1694/478 2138/1688/478 2132/1682/478 2137/1687/478
f 2140/1690/478 2145/1695/478 2132/1682/478 2138/1688/478
f 2135/1685/477 2143/1693/477 2146/1696/477 2136/1686/477
f 2147/1697/477 2141/1691/477 2143/1693/477 2135/1685/477
f 2148/1698/474 2149/1699/474 2150/1700/474 2151/1701/474
f 2152/1702/477 2153/1703/477 2154/1704/477 2155/1705/477
f 2156/1706/635 2157/1707/635 2158/1708/635 2159/1709/635
f 2159/1709/476 2158/1708/476 2160/1710/476 2161/1711/476
f 2162/1712/636 2163/1713/636 2164/1714/636 2165/1715/636
f 2165/1715/475 2164/1714/475 2157/1707/475 2156/1706/475
f 2166/1716/476 2167/1717/476 2158/1708/476
f 2168/1718/509 2166/1716/509 2158/1708/509 2157/1707/509
f 2168/1718/478 2169/1719/478 2170/1720/478 2166/1716/478
f 2155/1705/475 2168/1718/475 2157/1707/475
f 2154/1704/475 2169/1719/475 2168/1718/475 2155/1705/475
f 2171/1721/475 2169/1719/475 2151/1701/475 2150/1700/475
f 2172/1722/473 2170/1720/473 2169/1719/473 2171/1721/473
f 2173/1723/476 2170/1720/476 2172/1722/476 2174/1724/476
f 2175/1725/476 2167/1717/476 2166/1716/476 2170/1720/476
f 2176/1726/475 2177/1727/475 2178/1724/475 2179/1699/475
f 2180/1728/478 2181/1729/478 2182/1730/478 2183/1731/478
f 2184/1732/473 2180/1728/473 2183/1731/473 2185/1709/473
f 2186/1733/477 2187/1734/477 2188/1735/477 2189/1736/477
f 2181/1729/474 2186/1733/474 2189/1736/474 2182/1730/474
f 2183/1731/478 2182/1730/478 2190/1737/478 2191/1738/478
f 2185/1709/637 2183/1731/637 2192/1739/637 2193/1740/637
f 2189/1736/477 2188/1735/477 2194/1741/477 2195/1742/477
f 2182/1730/638 2189/1736/638 2196/1743/638 2197/1744/638
f 2198/1745/475 2199/1706/475 2200/1740/475 2201/1739/475
f 2202/1746/478 2203/1747/478 2204/1748/478 2205/1749/478
f 2206/1750/473 2207/1712/473 2208/1715/473 2209/1751/473
f 2210/1752/477 2206/1750/477 2209/1751/477 2211/1753/477
f 2203/1747/474 2210/1752/474 2211/1753/474 2204/1748/474
f 2205/1749/478 2204/1748/478 2212/1754/478 2213/1755/478
f 2209/1751/637 2208/1715/637 2214/1706/637 2215/1745/637
f 2211/1753/477 2209/1751/477 2216/1756/477 2217/1757/477
f 2204/1748/638 2211/1753/638 2218/1758/638 2219/1759/638
f 2218/1758/475 2220/1744/475 2221/1743/475 2219/1759/475
f 2222/1723/474 2223/1724/474 2224/1760/474 2225/1761/474
f 2226/1717/477 2227/1725/477 2228/1762/477 2229/1763/477
f 2230/1764/635 2231/1765/635 2232/1766/635 2233/1767/635
f 2233/1767/476 2232/1766/476 2234/1768/476 2235/1769/476
f 2236/1711/636 2237/1710/636 2238/1770/636 2239/1771/636
f 2239/1771/475 2238/1770/475 2231/1765/475 2230/1764/475
f 2240/1772/476 2241/1773/476 2232/1766/476
f 2242/1774/509 2240/1772/509 2232/1766/509 2231/1765/509
f 2242/1774/478 2243/1775/478 2244/1776/478 2240/1772/478
f 2229/1763/475 2242/1774/475 2231/1765/475
f 2228/1762/475 2243/1775/475 2242/1774/475 2229/1763/475
f 2245/1777/475 2243/1775/475 2225/1761/475 2224/1760/475
f 2246/1778/473 2244/1776/473 2243/1775/473 2245/1777/473
f 2247/1779/476 2244/1776/476 2246/1778/476 2248/1780/476
f 2249/1781/476 2241/1773/476 2240/1772/476 2244/1776/476
f 2250/1782/475 2251/1783/475 2252/1780/475 2253/1724/475
f 2254/1784/474 2255/1785/474 2256/1786/474 2257/1787/474
f 2258/1788/477 2259/1789/477 2260/1790/477 2261/1791/477
f 2262/1792/635 2263/1793/635 2264/1794/635 2265/1795/635
f 2266/1796/475 2262/1792/475 2265/1795/475 2267/1797/475
f 2268/1798/636 2269/1799/636 2270/1800/636 2271/1801/636
f 2263/1793/476 2268/1798/476 2271/1801/476 2264/1794/476
f 2272/1802/475 2273/1803/475 2262/1792/475
f 2262/1792/509 2273/1803/509 2274/1804/509 2263/1793/509
f 2275/1805/478 2276/1806/478 2274/1804/478 2273/1803/478
f 2274/1804/476 2261/1791/476 2263/1793/476
f 2274/1804/476 2276/1806/476 2258/1788/476 2261/1791/476
f 2257/1787/476 2276/1806/476 2277/1807/476 2254/1784/476
f 2276/1806/473 2275/1805/473 2278/1808/473 2277/1807/473
f 2278/1808/475 2275/1805/475 2279/1809/475 2280/1810/475
f 2273/1803/475 2272/1802/475 2281/1811/475 2275/1805/475
f 2282/1810/476 2283/1812/476 2284/1813/476 2285/1785/476
f 2286/1814/474 2287/1810/474 2288/1809/474 2289/1815/474
f 2290/1816/477 2291/1811/477 2292/1802/477 2293/1817/477
f 2294/1818/635 2295/1819/635 2296/1820/635 2297/1821/635
f 2298/1822/475 2294/1818/475 2297/1821/475 2299/1823/475
f 2300/1824/636 2301/1796/636 2302/1797/636 2303/1825/636
f 2295/1819/476 2300/1824/476 2303/1825/476 2296/1820/476
f 2304/1826/475 2305/1827/475 2294/1818/475
f 2294/1818/509 2305/1827/509 2306/1828/509 2295/1819/509
f 2307/1829/478 2308/1830/478 2306/1828/478 2305/1827/478
f 2306/1828/476 2293/1817/476 2295/1819/476
f 2306/1828/476 2308/1830/476 2290/1816/476 2293/1817/476
f 2289/1815/476 2308/1830/476 2309/1831/476 2286/1814/476
f 2308/1830/473 2307/1829/473 2310/1832/473 2309/1831/473
f 2310/1832/475 2307/1829/475 2311/1833/475 2312/1834/475
f 2305/1827/475 2304/1826/475 2313/1835/475 2307/1829/475
f 2314/1834/476 2315/1836/476 2316/1837/476 2317/1810/476
f 2318/1838/474 2319/1839/474 2320/1840/474 2321/1841/474
f 2322/1842/478 2323/1843/478 2324/1844/478 2325/1845/478
f 2326/1846/639 2327/1847/639 2328/1848/639 2329/1849/639
f 2329/1849/475 2328/1848/475 2330/1850/475 2331/1851/475
f 2332/1852/640 2333/1853/640 2334/1854/640 2335/1855/640
f 2335/1855/476 2334/1854/476 2327/1847/476 2326/1846/476
f 2336/1856/475 2337/1857/475 2328/1848/475
f 2338/1858/557 2336/1856/557 2328/1848/557 2327/1847/557
f 2338/1858/477 2339/1859/477 2340/1860/477 2336/1856/477
f 2325/1845/476 2338/1858/476 2327/1847/476
f 2324/1844/476 2339/1859/476 2338/1858/476 2325/1845/476
f 2341/1861/476 2339/1859/476 2321/1841/476 2320/1840/476
f 2342/1862/473 2340/1860/473 2339/1859/473 2341/1861/473
f 2343/1863/475 2340/1860/475 2342/1862/475 2344/1864/475
f 2345/1865/475 2337/1857/475 2336/1856/475 2340/1860/475
f 2346/1866/476 2347/1867/476 2348/1864/476 2349/1839/476
f 2350/1863/474 2351/1864/474 2352/1868/474 2353/1869/474
f 2354/1857/478 2355/1865/478 2356/1870/478 2357/1871/478
f 2358/1872/639 2359/1873/639 2360/1874/639 2361/1875/639
f 2361/1875/475 2360/1874/475 2362/1799/475 2363/1800/475
f 2364/1851/640 2365/1850/640 2366/1876/640 2367/1877/640
f 2367/1877/476 2366/1876/476 2359/1873/476 2358/1872/476
f 2368/1878/475 2369/1790/475 2360/1874/475
f 2370/1879/557 2368/1878/557 2360/1874/557 2359/1873/557
f 2370/1879/477 2371/1880/477 2372/1881/477 2368/1878/477
f 2357/1871/476 2370/1879/476 2359/1873/476
f 2356/1870/476 2371/1880/476 2370/1879/476 2357/1871/476
f 2373/1882/476 2371/1880/476 2353/1869/476 2352/1868/476
f 2374/1883/473 2372/1881/473 2371/1880/473 2373/1882/473
f 2375/1786/475 2372/1881/475 2374/1883/475 2376/1785/475
f 2377/1789/475 2369/1790/475 2368/1878/475 2372/1881/475
f 2378/1884/476 2379/1885/476 2380/1785/476 2381/1864/476
f 2382/1886/474 2383/1887/474 2384/1888/474 2385/1889/474
f 2386/1890/478 2387/1891/478 2388/1892/478 2389/1893/478
f 2390/1894/639 2391/1895/639 2392/1896/639 2393/1897/639
f 2394/1898/476 2390/1894/476 2393/1897/476 2395/1899/476
f 2396/1900/640 2397/1901/640 2398/1902/640 2399/1903/640
f 2391/1895/475 2396/1900/475 2399/1903/475 2392/1896/475
f 2400/1904/476 2401/1905/476 2390/1894/476
f 2390/1894/557 2401/1905/557 2402/1906/557 2391/1895/557
f 2403/1907/477 2404/1908/477 2402/1906/477 2401/1905/477
f 2402/1906/475 2389/1893/475 2391/1895/475
f 2402/1906/475 2404/1908/475 2386/1890/475 2389/1893/475
f 2385/1889/475 2404/1908/475 2405/1909/475 2382/1886/475
f 2404/1908/473 2403/1907/473 2406/1910/473 2405/1909/473
f 2406/1910/476 2403/1907/476 2407/1911/476 2408/1912/476
f 2401/1905/476 2400/1904/476 2409/1913/476 2403/1907/476
f 2410/1912/475 2411/1914/475 2412/1915/475 2413/1887/475
f 2414/1916/474 2415/1912/474 2416/1911/474 2417/1917/474
f 2418/1918/478 2419/1913/478 2420/1904/478 2421/1919/478
f 2422/1920/639 2423/1921/639 2424/1922/639 2425/1923/639
f 2426/1924/476 2422/1920/476 2425/1923/476 2427/1925/476
f 2428/1926/640 2429/1898/640 2430/1899/640 2431/1927/640
f 2423/1921/475 2428/1926/475 2431/1927/475 2424/1922/475
f 2432/1928/476 2433/1929/476 2422/1920/476
f 2422/1920/557 2433/1929/557 2434/1930/557 2423/1921/557
f 2435/1931/477 2436/1932/477 2434/1930/477 2433/1929/477
f 2434/1930/475 2421/1919/475 2423/1921/475
f 2434/1930/475 2436/1932/475 2418/1918/475 2421/1919/475
f 2417/1917/475 2436/1932/475 2437/1933/475 2414/1916/475
f 2436/1932/473 2435/1931/473 2438/1934/473 2437/1933/473
f 2438/1934/476 2435/1931/476 2439/1935/476 2440/1936/476
f 2433/1929/476 2432/1928/476 2441/1937/476 2435/1931/476
f 2442/1936/475 2443/1938/475 2444/1939/475 2445/1912/475
f 2446/1940/478 2447/1941/478 2448/1942/478 2449/1943/478
f 2450/1944/477 2451/1945/477 2452/1946/477 2453/1947/477
f 2449/1943/476 2454/1948/476 2455/1949/476 2456/1950/476
f 2457/1951/478 2458/1952/478 2459/1953/478 2460/1954/478
f 2461/1955/477 2462/1956/477 2463/1957/477 2464/1958/477
f 2460/1954/476 2465/1959/476 2466/1960/476 2467/1961/476
f 2468/1962/478 2469/1963/478 2470/1964/478 2471/1965/478
f 2472/1966/477 2473/1967/477 2474/1968/477 2475/1969/477
f 2471/1965/476 2476/1970/476 2477/1971/476 2478/1972/476
f 2479/1973/478 2480/1941/478 2481/1974/478 2482/1975/478
f 2483/1971/477 2484/1976/477 2485/1977/477 2486/1978/477
f 2482/1975/476 2487/1979/476 2488/1966/476 2489/1980/476
f 2490/1981/478 2491/1982/478 2492/1983/478 2493/1984/478
f 2494/1949/477 2495/1985/477 2496/1986/477 2497/1987/477
f 2493/1984/476 2498/1988/476 2499/1944/476 2500/1989/476
f 2501/1990/478 2502/1991/478 2503/1992/478 2504/1993/478
f 2505/1994/477 2506/1995/477 2507/1996/477 2508/1997/477
f 2504/1993/476 2509/1998/476 2510/1999/476 2511/2000/476
f 2512/2001/478 2513/1963/478 2514/2002/478 2515/2003/478
f 2516/1999/477 2517/2004/477 2518/2005/477 2519/2006/477
f 2515/2003/476 2520/2007/476 2521/1994/476 2522/2008/476
f 2523/2009/478 2524/2010/478 2525/2011/478 2526/2012/478
f 2526/2012/473 2525/2011/473 2527/1734/473 2528/1735/473
f 2529/2013/477 2530/2014/477 2531/2015/477 2532/2016/477
f 2532/2016/474 2531/2015/474 2524/2010/474 2523/2009/474
f 2533/2017/478 2523/2009/478 2526/2012/478 2534/2018/478
f 2535/2019/641 2526/2012/641 2528/1735/641 2536/2020/641
f 2537/2021/477 2529/2013/477 2532/2016/477 2538/2022/477
f 2539/2023/642 2532/2016/642 2523/2009/642 2540/2024/642
f 2541/2020/476 2542/2025/476 2543/2026/476 2544/2019/476
f 2545/2027/478 2546/2028/478 2547/2029/478 2548/2030/478
f 2549/1749/473 2550/1746/473 2551/2031/473 2552/2032/473
f 2552/2032/477 2551/2031/477 2553/2033/477 2554/2034/477
f 2554/2034/474 2553/2033/474 2546/2028/474 2545/2027/474
f 2555/2035/478 2545/2027/478 2548/2030/478 2556/2036/478
f 2557/2025/641 2549/1749/641 2552/2032/641 2558/2026/641
f 2559/2037/477 2552/2032/477 2554/2034/477 2560/2038/477
f 2561/2039/642 2554/2034/642 2545/2027/642 2562/2040/642
f 2563/2023/476 2564/2024/476 2561/2039/476 2562/2040/476
f 2565/2041/478 2566/2042/478 2567/2043/478 2568/2044/478
f 2569/2014/473 2565/2041/473 2568/2044/473 2570/2013/473
f 2571/2045/477 2572/2046/477 2573/2047/477 2574/2048/477
f 2566/2042/474 2571/2045/474 2574/2048/474 2567/2043/474
f 2568/2044/478 2567/2043/478 2575/2049/478 2576/2050/478
f 2570/2013/637 2568/2044/637 2577/2051/637 2578/2052/637
f 2574/2048/477 2573/2047/477 2579/2053/477 2580/2054/477
f 2567/2043/638 2574/2048/638 2581/2055/638 2582/2056/638
f 2583/2057/475 2584/2058/475 2585/2052/475 2586/2051/475
f 2587/2059/478 2588/2060/478 2589/2061/478 2590/2062/478
f 2591/2063/473 2592/2029/473 2593/2030/473 2594/2064/473
f 2595/2065/477 2591/2063/477 2594/2064/477 2596/2066/477
f 2588/2060/474 2595/2065/474 2596/2066/474 2589/2061/474
f 2590/2062/478 2589/2061/478 2597/2067/478 2598/2068/478
f 2594/2064/637 2593/2030/637 2599/2058/637 2600/2057/637
f 2596/2066/477 2594/2064/477 2601/2069/477 2602/2070/477
f 2589/2061/638 2596/2066/638 2603/2071/638 2604/2072/638
f 2603/2071/475 2605/2056/475 2606/2055/475 2604/2072/475
f 2607/2073/478 2608/2074/478 2609/2075/478 2610/2076/478
f 2610/2076/473 2609/2075/473 2611/2077/473 2612/2078/473
f 2613/2079/477 2614/2080/477 2615/2081/477 2616/2082/477
f 2616/2082/474 2615/2081/474 2608/2074/474 2607/2073/474
f 2617/2083/478 2607/2073/478 2610/2076/478 2618/2084/478
f 2619/2085/641 2610/2076/641 2612/2078/641 2620/2086/641
f 2621/2087/477 2613/2079/477 2616/2082/477 2622/2088/477
f 2623/2089/642 2616/2082/642 2607/2073/642 2624/2090/642
f 2625/2086/476 2626/2091/476 2627/2092/476 2628/2085/476
f 2629/2093/478 2630/2094/478 2631/2095/478 2632/2096/478
f 2633/2097/473 2634/2098/473 2635/2099/473 2636/2100/473
f 2636/2100/477 2635/2099/477 2637/2101/477 2638/2102/477
f 2638/2102/474 2637/2101/474 2630/2094/474 2629/2093/474
f 2639/2103/478 2629/2093/478 2632/2096/478 2640/2104/478
f 2641/2091/641 2633/2097/641 2636/2100/641 2642/2092/641
f 2643/2105/477 2636/2100/477 2638/2102/477 2644/2106/477
f 2645/2107/642 2638/2102/642 2629/2093/642 2646/2108/642
f 2647/2089/476 2648/2090/476 2645/2107/476 2646/2108/476
f 2649/2109/478 2650/2110/478 2651/2111/478 2652/2112/478
f 2653/2113/473 2649/2109/473 2652/2112/473 2654/2114/473
f 2655/2115/477 2656/2116/477 2657/2117/477 2658/2118/477
f 2650/2110/474 2655/2115/474 2658/2118/474 2651/2111/474
f 2652/2112/478 2651/2111/478 2659/2119/478 2660/2120/478
f 2654/2114/637 2652/2112/637 2661/2121/637 2662/2122/637
f 2658/2118/477 2657/2117/477 2663/2123/477 2664/2124/477
f 2651/2111/638 2658/2118/638 2665/2125/638 2666/2126/638
f 2667/2127/475 2668/2128/475 2669/2122/475 2670/2121/475
f 2671/2129/478 2672/2130/478 2673/2131/478 2674/2132/478
f 2675/2133/473 2676/2134/473 2677/2135/473 2678/2136/473
f 2679/2137/477 2675/2133/477 2678/2136/477 2680/2138/477
f 2672/2130/474 2679/2137/474 2680/2138/474 2673/2131/474
f 2674/2132/478 2673/2131/478 2681/2139/478 2682/2140/478
f 2678/2136/637 2677/2135/637 2683/2128/637 2684/2127/637
f 2680/2138/477 2678/2136/477 2685/2141/477 2686/2142/477
f 2673/2131/638 2680/2138/638 2687/2143/638 2688/2144/638
f 2687/2143/475 2689/2126/475 2690/2125/475 2688/2144/475
f 2691/2145/478 2692/2146/478 2693/2147/478 2694/2148/478
f 2694/2148/473 2693/2147/473 2695/2116/473 2696/2117/473
f 2697/2149/477 2698/2150/477 2699/2151/477 2700/2152/477
f 2700/2152/474 2699/2151/474 2692/2146/474 2691/2145/474
f 2701/2153/478 2691/2145/478 2694/2148/478 2702/2154/478
f 2703/2155/641 2694/2148/641 2696/2117/641 2704/2156/641
f 2705/2157/477 2697/2149/477 2700/2152/477 2706/2158/477
f 2707/2159/642 2700/2152/642 2691/2145/642 2708/2160/642
f 2709/2156/476 2710/2161/476 2711/2162/476 2712/2155/476
f 2713/2163/478 2714/2164/478 2715/2165/478 2716/2166/478
f 2717/2132/473 2718/2129/473 2719/2167/473 2720/2168/473
f 2720/2168/477 2719/2167/477 2721/2169/477 2722/2170/477
f 2722/2170/474 2721/2169/474 2714/2164/474 2713/2163/474
f 2723/2171/478 2713/2163/478 2716/2166/478 2724/2172/478
f 2725/2161/641 2717/2132/641 2720/2168/641 2726/2162/641
f 2727/2173/477 2720/2168/477 2722/2170/477 2728/2174/477
f 2729/2175/642 2722/2170/642 2713/2163/642 2730/2176/642
f 2731/2159/476 2732/2160/476 2729/2175/476 2730/2176/476
f 2733/2177/478 2734/2178/478 2735/2179/478 2736/2180/478
f 2737/2181/473 2733/2177/473 2736/2180/473 2738/2182/473
f 2739/2183/477 2740/2184/477 2741/2185/477 2742/2186/477
f 2734/2178/474 2739/2183/474 2742/2186/474 2735/2179/474
f 2736/2180/478 2735/2179/478 2743/2187/478 2744/2188/478
f 2738/2182/637 2736/2180/637 2745/2189/637 2746/2190/637
f 2742/2186/477 2741/2185/477 2747/2191/477 2748/2192/477
f 2735/2179/638 2742/2186/638 2749/2193/638 2750/2194/638
f 2751/2195/475 2752/2196/475 2753/2190/475 2754/2189/475
f 2755/2197/478 2756/2198/478 2757/2199/478 2758/2200/478
f 2759/2201/473 2760/2202/473 2761/2203/473 2762/2204/473
f 2763/2205/477 2759/2201/477 2762/2204/477 2764/2206/477
f 2756/2198/474 2763/2205/474 2764/2206/474 2757/2199/474
f 2758/2200/478 2757/2199/478 2765/2207/478 2766/2208/478
f 2762/2204/637 2761/2203/637 2767/2196/637 2768/2195/637
f 2764/2206/477 2762/2204/477 2769/2209/477 2770/2210/477
f 2757/2199/638 2764/2206/638 2771/2211/638 2772/2212/638
f 2771/2211/475 2773/2194/475 2774/2193/475 2772/2212/475
f 2775/2213/478 2776/2214/478 2777/2215/478 2778/2216/478
f 2778/2216/473 2777/2215/473 2779/2217/473 2780/2218/473
f 2781/2219/477 2782/2220/477 2783/2221/477 2784/2222/477
f 2784/2222/474 2783/2221/474 2776/2214/474 2775/2213/474
f 2785/2223/478 2775/2213/478 2778/2216/478 2786/2224/478
f 2787/2225/641 2778/2216/641 2780/2218/641 2788/2226/641
f 2789/2227/477 2781/2219/477 2784/2222/477 2790/2228/477
f 2791/2229/642 2784/2222/642 2775/2213/642 2792/2230/642
f 2793/2226/476 2794/2231/476 2795/2232/476 2796/2225/476
f 2797/2233/478 2798/2234/478 2799/2235/478 2800/2236/478
f 2801/2237/473 2802/2238/473 2803/2239/473 2804/2240/473
f 2804/2240/477 2803/2239/477 2805/2241/477 2806/2242/477
f 2806/2242/474 2805/2241/474 2798/2234/474 2797/2233/474
f 2807/2243/478 2797/2233/478 2800/2236/478 2808/2244/478
f 2809/2231/641 2801/2237/641 2804/2240/641 2810/2232/641
f 2811/2245/477 2804/2240/477 2806/2242/477 2812/2246/477
f 2813/2247/642 2806/2242/642 2797/2233/642 2814/2248/642
f 2815/2229/476 2816/2230/476 2813/2247/476 2814/2248/476
f 2817/2249/478 2818/2250/478 2819/2251/478 2820/2252/478
f 2821/2253/473 2817/2249/473 2820/2252/473 2822/2254/473
f 2823/2255/477 2824/2256/477 2825/2257/477 2826/2258/477
f 2818/2250/474 2823/2255/474 2826/2258/474 2819/2251/474
f 2820/2252/478 2819/2251/478 2827/2259/478 2828/2260/478
f 2822/2254/637 2820/2252/637 2829/2261/637 2830/2262/637
f 2826/2258/477 2825/2257/477 2831/2263/477 2832/2264/477
f 2819/2251/638 2826/2258/638 2833/2265/638 2834/2266/638
f 2835/2267/475 2836/2268/475 2837/2262/475 2838/2261/475
f 2839/2269/478 2840/2270/478 2841/2271/478 2842/2272/478
f 2843/2273/473 2844/2274/473 2845/2275/473 2846/2276/473
f 2847/2277/477 2843/2273/477 2846/2276/477 2848/2278/477
f 2840/2270/474 2847/2277/474 2848/2278/474 2841/2271/474
f 2842/2272/478 2841/2271/478 2849/2279/478 2850/2280/478
f 2846/2276/637 2845/2275/637 2851/2268/637 2852/2267/637
f 2848/2278/477 2846/2276/477 2853/2281/477 2854/2282/477
f 2841/2271/638 2848/2278/638 2855/2283/638 2856/2284/638
f 2855/2283/475 2857/2266/475 2858/2265/475 2856/2284/475
f 2859/2285/478 2860/2286/478 2861/2287/478 2862/2288/478
f 2862/2288/473 2861/2287/473 2863/2256/473 2864/2257/473
f 2865/2289/477 2866/2290/477 2867/2291/477 2868/2292/477
f 2868/2292/474 2867/2291/474 2860/2286/474 2859/2285/474
f 2869/2293/478 2859/2285/478 2862/2288/478 2870/2294/478
f 2871/2295/641 2862/2288/641 2864/2257/641 2872/2296/641
f 2873/2297/477 2865/2289/477 2868/2292/477 2874/2298/477
f 2875/2299/642 2868/2292/642 2859/2285/642 2876/2300/642
f 2877/2296/476 2878/2301/476 2879/2302/476 2880/2295/476
f 2881/2303/478 2882/2304/478 2883/2305/478 2884/2306/478
f 2885/2272/473 2886/2269/473 2887/2307/473 2888/2308/473
f 2888/2308/477 2887/2307/477 2889/2309/477 2890/2310/477
f 2890/2310/474 2889/2309/474 2882/2304/474 2881/2303/474
f 2891/2311/478 2881/2303/478 2884/2306/478 2892/2312/478
f 2893/2301/641 2885/2272/641 2888/2308/641 2894/2302/641
f 2895/2313/477 2888/2308/477 2890/2310/477 2896/2314/477
f 2897/2315/642 2890/2310/642 2881/2303/642 2898/2316/642
f 2899/2299/476 2900/2300/476 2897/2315/476 2898/2316/476
f 2901/2317/478 2902/2318/478 2903/2319/478 2904/2320/478
f 2905/2321/473 2901/2317/473 2904/2320/473 2906/2322/473
f 2907/2323/477 2908/2324/477 2909/2325/477 2910/2326/477
f 2902/2318/474 2907/2323/474 2910/2326/474 2903/2319/474
f 2904/2320/478 2903/2319/478 2911/2327/478 2912/2328/478
f 2906/2322/637 2904/2320/637 2913/2329/637 2914/2330/637
f 2910/2326/477 2909/2325/477 2915/2331/477 2916/2332/477
f 2903/2319/638 2910/2326/638 2917/2333/638 2918/2334/638
f 2919/2335/475 2920/2336/475 2921/2330/475 2922/2329/475
f 2923/2337/478 2924/2338/478 2925/2339/478 2926/2340/478
f 2927/2341/473 2928/2342/473 2929/2343/473 2930/2344/473
f 2931/2345/477 2927/2341/477 2930/2344/477 2932/2346/477
f 2924/2338/474 2931/2345/474 2932/2346/474 2925/2339/474
f 2926/2340/478 2925/2339/478 2933/2347/478 2934/2348/478
f 2930/2344/637 2929/2343/637 2935/2336/637 2936/2335/637
f 2932/2346/477 2930/2344/477 2937/2349/477 2938/2350/477
f 2925/2339/638 2932/2346/638 2939/2351/638 2940/2352/638
f 2939/2351/475 2941/2334/475 2942/2333/475 2940/2352/475
f 2943/2353/478 2944/2354/478 2945/2355/478 2946/2356/478
f 2946/2356/473 2945/2355/473 2947/2324/473 2948/2325/473
f 2949/2357/477 2950/2358/477 2951/2359/477 2952/2360/477
f 2952/2360/474 2951/2359/474 2944/2354/474 2943/2353/474
f 2953/2361/478 2943/2353/478 2946/2356/478 2954/2362/478
f 2955/2363/641 2946/2356/641 2948/2325/641 2956/2364/641
f 2957/2365/477 2949/2357/477 2952/2360/477 2958/2366/477
f 2959/2367/642 2952/2360/642 2943/2353/642 2960/2368/642
f 2961/2364/476 2962/2369/476 2963/2370/476 2964/2363/476
f 2965/2371/478 2966/2372/478 2967/2373/478 2968/2374/478
f 2969/2340/473 2970/2337/473 2971/2375/473 2972/2376/473
f 2972/2376/477 2971/2375/477 2973/2377/477 2974/2378/477
f 2974/2378/474 2973/2377/474 2966/2372/474 2965/2371/474
f 2975/2379/478 2965/2371/478 2968/2374/478 2976/2380/478
f 2977/2369/641 2969/2340/641 2972/2376/641 2978/2370/641
f 2979/2381/477 2972/2376/477 2974/2378/477 2980/2382/477
f 2981/2383/642 2974/2378/642 2965/2371/642 2982/2384/642
f 2983/2367/476 2984/2368/476 2981/2383/476 2982/2384/476
f 2985/2385/478 2986/2386/478 2987/2387/478 2988/2388/478
f 2989/2389/473 2985/2385/473 2988/2388/473 2990/2390/473
f 2991/2391/477 2992/2392/477 2993/2393/477 2994/2394/477
f 2986/2386/474 2991/2391/474 2994/2394/474 2987/2387/474
f 2988/2388/478 2987/2387/478 2995/2395/478 2996/2396/478
f 2990/2390/637 2988/2388/637 2997/2397/637 2998/2398/637
f 2994/2394/477 2993/2393/477 2999/2399/477 3000/2400/477
f 2987/2387/638 2994/2394/638 3001/2401/638 3002/2402/638
f 3003/2403/475 3004/2404/475 3005/2398/475 3006/2397/475
f 3007/2405/478 3008/2406/478 3009/2407/478 3010/2408/478
f 3011/2409/473 3012/2410/473 3013/2411/473 3014/2412/473
f 3015/2413/477 3011/2409/477 3014/2412/477 3016/2414/477
f 3008/2406/474 3015/2413/474 3016/2414/474 3009/2407/474
f 3010/2408/478 3009/2407/478 3017/2415/478 3018/2416/478
f 3014/2412/637 3013/2411/637 3019/2404/637 3020/2403/637
f 3016/2414/477 3014/2412/477 3021/2417/477 3022/2418/477
f 3009/2407/638 3016/2414/638 3023/2419/638 3024/2420/638
f 3023/2419/475 3025/2402/475 3026/2401/475 3024/2420/475
f 3027/2421/478 3028/2422/478 3029/2423/478 3030/2424/478
f 3030/2424/473 3029/2423/473 3031/2425/473 3032/2426/473
f 3033/2427/477 3034/2428/477 3035/2429/477 3036/2430/477
f 3036/2430/474 3035/2429/474 3028/2422/474 3027/2421/474
f 3037/2431/478 3027/2421/478 3030/2424/478 3038/2432/478
f 3039/2433/641 3030/2424/641 3032/2426/641 3040/2434/641
f 3041/2435/477 3033/2427/477 3036/2430/477 3042/2436/477
f 3043/2437/642 3036/2430/642 3027/2421/642 3044/2438/642
f 3045/2434/476 3046/2439/476 3047/2440/476 3048/2433/476
f 3049/2441/478 3050/2442/478 3051/2443/478 3052/2444/478
f 3053/2445/473 3054/2446/473 3055/2447/473 3056/2448/473
f 3056/2448/477 3055/2447/477 3057/2449/477 3058/2450/477
f 3058/2450/474 3057/2449/474 3050/2442/474 3049/2441/474
f 3059/2451/478 3049/2441/478 3052/2444/478 3060/2452/478
f 3061/2439/641 3053/2445/641 3056/2448/641 3062/2440/641
f 3063/2453/477 3056/2448/477 3058/2450/477 3064/2454/477
f 3065/2455/642 3058/2450/642 3049/2441/642 3066/2456/642
f 3067/2437/476 3068/2438/476 3065/2455/476 3066/2456/476
f 3069/2457/478 3070/2458/478 3071/2459/478 3072/2460/478
f 3073/2461/473 3069/2457/473 3072/2460/473 3074/2462/473
f 3075/2463/477 3076/2464/477 3077/2465/477 3078/2466/477
f 3070/2458/474 3075/2463/474 3078/2466/474 3071/2459/474
f 3072/2460/478 3071/2459/478 3079/2467/478 3080/2468/478
f 3074/2462/637 3072/2460/637 3081/2469/637 3082/2470/637
f 3078/2466/477 3077/2465/477 3083/2471/477 3084/2472/477
f 3071/2459/638 3078/2466/638 3085/2473/638 3086/2474/638
f 3087/2475/475 3088/2476/475 3089/2470/475 3090/2469/475
f 3091/2477/478 3092/2478/478 3093/2479/478 3094/2480/478
f 3095/2481/473 3096/2482/473 3097/2483/473 3098/2484/473
f 3099/2485/477 3095/2481/477 3098/2484/477 3100/2486/477
f 3092/2478/474 3099/2485/474 3100/2486/474 3093/2479/474
f 3094/2480/478 3093/2479/478 3101/2487/478 3102/2488/478
f 3098/2484/637 3097/2483/637 3103/2476/637 3104/2475/637
f 3100/2486/477 3098/2484/477 3105/2489/477 3106/2490/477
f 3093/2479/638 3100/2486/638 3107/2491/638 3108/2492/638
f 3107/2491/475 3109/2474/475 3110/2473/475 3108/2492/475
f 3111/2493/478 3112/2494/478 3113/2495/478 3114/2496/478
f 3114/2496/473 3113/2495/473 3115/2464/473 3116/2465/473
f 3117/2497/477 3118/2498/477 3119/2499/477 3120/2500/477
f 3120/2500/474 3119/2499/474 3112/2494/474 3111/2493/474
f 3121/2501/478 3111/2493/478 3114/2496/478 3122/2502/478
f 3123/2503/641 3114/2496/641 3116/2465/641 3124/2504/641
f 3125/2505/477 3117/2497/477 3120/2500/477 3126/2506/477
f 3127/2507/642 3120/2500/642 3111/2493/642 3128/2508/642
f 3129/2504/476 3130/2509/476 3131/2510/476 3132/2503/476
f 3133/2511/478 3134/2512/478 3135/2513/478 3136/2514/478
f 3137/2480/473 3138/2477/473 3139/2515/473 3140/2516/473
f 3140/2516/477 3139/2515/477 3141/2517/477 3142/2518/477
f 3142/2518/474 3141/2517/474 3134/2512/474 3133/2511/474
f 3143/2519/478 3133/2511/478 3136/2514/478 3144/2520/478
f 3145/2509/641 3137/2480/641 3140/2516/641 3146/2510/641
f 3147/2521/477 3140/2516/477 3142/2518/477 3148/2522/477
f 3149/2523/642 3142/2518/642 3133/2511/642 3150/2524/642
f 3151/2507/476 3152/2508/476 3149/2523/476 3150/2524/476
f 3153/2525/478 3154/2526/478 3155/2527/478 3156/2528/478
f 3157/2529/473 3153/2525/473 3156/2528/473 3158/2530/473
f 3159/2531/477 3160/2532/477 3161/2533/477 3162/2534/477
f 3154/2526/474 3159/2531/474 3162/2534/474 3155/2527/474
f 3156/2528/478 3155/2527/478 3163/2535/478 3164/2536/478
f 3158/2530/637 3156/2528/637 3165/2537/637 3166/1800/637
f 3162/2534/477 3161/2533/477 3167/2538/477 3168/2539/477
f 3155/2527/638 3162/2534/638 3169/2540/638 3170/2541/638
f 3171/2542/475 3172/1875/475 3173/1800/475 3174/2537/475
f 3175/2543/478 3176/2544/478 3177/2545/478 3178/2546/478
f 3179/2547/473 3180/1877/473 3181/2548/473 3182/2549/473
f 3183/2550/477 3179/2547/477 3182/2549/477 3184/2551/477
f 3176/2544/474 3183/2550/474 3184/2551/474 3177/2545/474
f 3178/2546/478 3177/2545/478 3185/2552/478 3186/2553/478
f 3182/2549/637 3181/2548/637 3187/1875/637 3188/2542/637
f 3184/2551/477 3182/2549/477 3189/2554/477 3190/2555/477
f 3177/2545/638 3184/2551/638 3191/2556/638 3192/2557/638
f 3191/2556/475 3193/2541/475 3194/2540/475 3192/2557/475
f 3195/2558/478 3196/2559/478 3197/2560/478 3198/2561/478
f 3198/2561/473 3197/2560/473 3199/2562/473 3200/2563/473
f 3201/2564/477 3202/2565/477 3203/2566/477 3204/2567/477
f 3204/2567/474 3203/2566/474 3196/2559/474 3195/2558/474
f 3205/2568/478 3195/2558/478 3198/2561/478 3206/2569/478
f 3207/2570/641 3198/2561/641 3200/2563/641 3208/2571/641
f 3209/2572/477 3201/2564/477 3204/2567/477 3210/2573/477
f 3211/2574/642 3204/2567/642 3195/2558/642 3212/2575/642
f 3213/2571/476 3214/2576/476 3215/2577/476 3216/2570/476
f 3217/2578/478 3218/2579/478 3219/2580/478 3220/2581/478
f 3221/2582/473 3222/2583/473 3223/2584/473 3224/2585/473
f 3224/2585/477 3223/2584/477 3225/2586/477 3226/2587/477
f 3226/2587/474 3225/2586/474 3218/2579/474 3217/2578/474
f 3227/2588/478 3217/2578/478 3220/2581/478 3228/2589/478
f 3229/2576/641 3221/2582/641 3224/2585/641 3230/2577/641
f 3231/2590/477 3224/2585/477 3226/2587/477 3232/2591/477
f 3233/2592/642 3226/2587/642 3217/2578/642 3234/2593/642
f 3235/2574/476 3236/2575/476 3233/2592/476 3234/2593/476
f 3237/2594/478 3238/2595/478 3239/2596/478 3240/2597/478
f 3241/2598/473 3237/2594/473 3240/2597/473 3242/2599/473
f 3243/2600/477 3244/2601/477 3245/2602/477 3246/2603/477
f 3238/2595/474 3243/2600/474 3246/2603/474 3239/2596/474
f 3240/2597/478 3239/2596/478 3247/2604/478 3248/2605/478
f 3242/2599/637 3240/2597/637 3249/2606/637 3250/2607/637
f 3246/2603/477 3245/2602/477 3251/2608/477 3252/2609/477
f 3239/2596/638 3246/2603/638 3253/2610/638 3254/2611/638
f 3255/2612/475 3256/2613/475 3257/2607/475 3258/2606/475
f 3259/2614/478 3260/2615/478 3261/2616/478 3262/2617/478
f 3263/2618/473 3264/2619/473 3265/2620/473 3266/2621/473
f 3267/2622/477 3263/2618/477 3266/2621/477 3268/2623/477
f 3260/2615/474 3267/2622/474 3268/2623/474 3261/2616/474
f 3262/2617/478 3261/2616/478 3269/2624/478 3270/2625/478
f 3266/2621/637 3265/2620/637 3271/2613/637 3272/2612/637
f 3268/2623/477 3266/2621/477 3273/2626/477 3274/2627/477
f 3261/2616/638 3268/2623/638 3275/2628/638 3276/2629/638
f 3275/2628/475 3277/2611/475 3278/2610/475 3276/2629/475
f 3279/2630/478 3280/2631/478 3281/2632/478 3282/2633/478
f 3282/2633/473 3281/2632/473 3283/2601/473 3284/2602/473
f 3285/2634/477 3286/2635/477 3287/2636/477 3288/2637/477
f 3288/2637/474 3287/2636/474 3280/2631/474 3279/2630/474
f 3289/2638/478 3279/2630/478 3282/2633/478 3290/2639/478
f 3291/2640/641 3282/2633/641 3284/2602/641 3292/2641/641
f 3293/2642/477 3285/2634/477 3288/2637/477 3294/2643/477
f 3295/2644/642 3288/2637/642 3279/2630/642 3296/2645/642
f 3297/2641/476 3298/2646/476 3299/2647/476 3300/2640/476
f 3301/2648/478 3302/2649/478 3303/2650/478 3304/2651/478
f 3305/2617/473 3306/2614/473 3307/2652/473 3308/2653/473
f 3308/2653/477 3307/2652/477 3309/2654/477 3310/2655/477
f 3310/2655/474 3309/2654/474 3302/2649/474 3301/2648/474
f 3311/2656/478 3301/2648/478 3304/2651/478 3312/2657/478
f 3313/2646/641 3305/2617/641 3308/2653/641 3314/2647/641
f 3315/2658/477 3308/2653/477 3310/2655/477 3316/2659/477
f 3317/2660/642 3310/2655/642 3301/2648/642 3318/2661/642
f 3319/2644/476 3320/2645/476 3317/2660/476 3318/2661/476
f 3321/1540/475 3322/2662/475 3323/2663/475 3324/1553/475
f 3325/1539/478 3326/2664/478 3322/2662/478 3321/1540/478
f 3327/2665/477 3328/2666/477 3329/2663/477 3330/2667/477
f 3330/2667/475 3329/2663/475 3331/2662/475 3332/2668/475
f 3332/2668/478 3331/2662/478 3333/1538/478 3334/2669/478
f 3335/2670/477 3324/1553/477 3323/2663/477 3336/2671/477
f 3337/1538/643 3338/1514/643 3339/1549/643 3340/2672/643
f 3341/1537/643 3342/1539/643 3343/1542/643 3344/1556/643
f 3345/1514/478 3346/1513/478 3347/2673/478 3348/2674/478
f 3349/2675/475 3350/2676/475 3351/2677/475 3352/2678/475
f 3353/2679/619 3348/2674/619 3347/2673/619 3354/2680/619
f 3355/1532/473 3356/1528/473 3330/2667/473 3357/2668/473
f 3356/1528/473 3358/2681/473 3359/2682/473 3330/2667/473
f 3349/2675/474 3360/1522/474 3361/2672/474 3350/2676/474
f 3357/2668/476 3362/2669/476 3363/1521/476 3355/1532/476
f 3364/2680/477 3365/2683/477 3366/2684/477 3367/2679/477
f 3366/2684/541 3365/2683/541 3368/1520/541 3369/1519/541
f 3361/2672/474 3360/1522/474 3363/1521/474 3362/2669/474
f 2515/2003/473 2514/2002/473 3370/1967/473 2520/2007/473
f 2504/1993/473 2503/1992/473 3371/2685/473 2509/1998/473
f 2493/1984/473 2492/1983/473 3372/2686/473 2498/1988/473
f 2482/1975/473 2481/1974/473 3373/1945/473 2487/1979/473
f 2471/1965/473 2470/1964/473 3374/2004/473 2476/1970/473
f 2460/1954/473 2459/1953/473 3375/2687/473 2465/1959/473
f 2449/1943/473 2448/1942/473 3376/1976/473 2454/1948/473
f 2447/1941/474 2446/1940/474 2453/1947/474 2452/1946/474
f 2458/1952/474 2457/1951/474 2464/1958/474 2463/1957/474
f 2469/1963/474 2468/1962/474 2475/1969/474 2474/1968/474
f 2480/1941/474 2479/1973/474 2486/1978/474 2485/1977/474
f 2491/1982/474 2490/1981/474 2497/1987/474 2496/1986/474
f 2502/1991/474 2501/1990/474 2508/1997/474 2507/1996/474
f 2513/1963/474 2512/2001/474 2519/2006/474 2518/2005/474
f 3377/2688/476 3378/2689/476 3379/2690/476 3380/2691/476
f 3380/2691/473 3379/2690/473 3381/1851/473 3382/2692/473
f 3383/2693/475 3384/2694/475 3385/2695/475 3386/2696/475
f 3386/2696/474 3385/2695/474 3378/2689/474 3377/2688/474
f 3387/2697/476 3377/2688/476 3380/2691/476 3388/2698/476
f 3389/2699/609 3380/2691/609 3382/2692/609 3390/2700/609
f 3391/2701/475 3383/2693/475 3386/2696/475 3392/2702/475
f 3393/2703/610 3386/2696/610 3377/2688/610 3394/2704/610
f 3395/2700/477 3396/2705/477 3397/2706/477 3398/2699/477
f 3399/2707/476 3400/2708/476 3401/2709/476 3402/2710/476
f 3403/2711/473 3404/2712/473 3405/2713/473 3406/2714/473
f 3406/2714/475 3405/2713/475 3407/2715/475 3408/2716/475
f 3408/2716/474 3407/2715/474 3400/2708/474 3399/2707/474
f 3409/2717/476 3399/2707/476 3402/2710/476 3410/2718/476
f 3411/2705/609 3403/2711/609 3406/2714/609 3412/2706/609
f 3413/2719/475 3406/2714/475 3408/2716/475 3414/2720/475
f 3415/2721/610 3408/2716/610 3399/2707/610 3416/2722/610
f 3417/2703/477 3418/2704/477 3415/2721/477 3416/2722/477
f 3419/2723/476 3420/2724/476 3421/2725/476 3422/2726/476
f 3422/2726/473 3421/2725/473 3423/2694/473 3424/2693/473
f 3425/2727/475 3426/2728/475 3427/2729/475 3428/2730/475
f 3428/2730/474 3427/2729/474 3420/2724/474 3419/2723/474
f 3429/2731/476 3419/2723/476 3422/2726/476 3430/2732/476
f 3431/2733/609 3422/2726/609 3424/2693/609 3432/2734/609
f 3433/2735/475 3425/2727/475 3428/2730/475 3434/2736/475
f 3435/2737/610 3428/2730/610 3419/2723/610 3436/2738/610
f 3437/2734/477 3438/2739/477 3439/2740/477 3440/2733/477
f 3441/2741/476 3442/2742/476 3443/2743/476 3444/2744/476
f 3445/2710/473 3446/2745/473 3447/2746/473 3448/2747/473
f 3448/2747/475 3447/2746/475 3449/2748/475 3450/2749/475
f 3450/2749/474 3449/2748/474 3442/2742/474 3441/2741/474
f 3451/2750/476 3441/2741/476 3444/2744/476 3452/2751/476
f 3453/2739/609 3445/2710/609 3448/2747/609 3454/2740/609
f 3455/2752/475 3448/2747/475 3450/2749/475 3456/2753/475
f 3457/2754/610 3450/2749/610 3441/2741/610 3458/2755/610
f 3459/2737/477 3460/2738/477 3457/2754/477 3458/2755/477
f 3461/2756/478 3462/2757/478 3463/2758/478 3464/2759/478
f 3465/2760/477 3466/2761/477 3467/2762/477 3468/2763/477
f 3469/2764/475 3470/2765/475 3464/2759/475 3471/2766/475
f 3472/2767/478 3473/2768/478 3474/2769/478 3475/2770/478
f 3476/2771/477 3477/2772/477 3478/2773/477 3479/2774/477
f 3480/2775/475 3481/2776/475 3475/2770/475 3482/2777/475
f 3483/2778/478 3484/2779/478 3485/2780/478 3486/2781/478
f 3487/2782/477 3488/2783/477 3489/2784/477 3490/2785/477
f 3491/2786/475 3492/2787/475 3486/2781/475 3493/2788/475
f 3494/2789/478 3495/2757/478 3496/2790/478 3497/2791/478
f 3498/2792/477 3499/2793/477 3500/2786/477 3501/2794/477
f 3502/2784/475 3503/2795/475 3497/2791/475 3504/2796/475
f 3505/2797/478 3506/2798/478 3507/2799/478 3508/2800/478
f 3509/2801/477 3510/2802/477 3511/2764/477 3512/2803/477
f 3513/2762/475 3514/2804/475 3508/2800/475 3515/2805/475
f 3516/2806/478 3517/2807/478 3518/2808/478 3519/2809/478
f 3520/2810/477 3521/2811/477 3522/2812/477 3523/2813/477
f 3524/2814/475 3525/2815/475 3519/2809/475 3526/2816/475
f 3527/2817/478 3528/2779/478 3529/2818/478 3530/2819/478
f 3531/2820/477 3532/2821/477 3533/2814/477 3534/2822/477
f 3535/2812/475 3536/2823/475 3530/2819/475 3537/2824/475
f 3538/2783/473 3527/2817/473 3530/2819/473 3536/2823/473
f 3539/2825/473 3516/2806/473 3519/2809/473 3525/2815/473
f 3540/2826/473 3505/2797/473 3508/2800/473 3514/2804/473
f 3541/2761/473 3494/2789/473 3497/2791/473 3503/2795/473
f 3542/2821/473 3483/2778/473 3486/2781/473 3492/2787/473
f 3543/2827/473 3472/2767/473 3475/2770/473 3481/2776/473
f 3544/2793/473 3461/2756/473 3464/2759/473 3470/2765/473
f 3468/2763/474 3463/2758/474 3462/2757/474 3465/2760/474
f 3479/2774/474 3474/2769/474 3473/2768/474 3476/2771/474
f 3490/2785/474 3485/2780/474 3484/2779/474 3487/2782/474
f 3501/2794/474 3496/2790/474 3495/2757/474 3498/2792/474
f 3512/2803/474 3507/2799/474 3506/2798/474 3509/2801/474
f 3523/2813/474 3518/2808/474 3517/2807/474 3520/2810/474
f 3534/2822/474 3529/2818/474 3528/2779/474 3531/2820/474
f 3545/2828/476 3546/2829/476 3547/2830/476 3548/2831/476
f 3549/2728/473 3545/2828/473 3548/2831/473 3550/2727/473
f 3551/2832/475 3552/2833/475 3553/2834/475 3554/2835/475
f 3546/2829/474 3551/2832/474 3554/2835/474 3547/2830/474
f 3548/2831/476 3547/2830/476 3555/2836/476 3556/2837/476
f 3550/2727/644 3548/2831/644 3557/2838/644 3558/2839/644
f 3554/2835/475 3553/2834/475 3559/2840/475 3560/2841/475
f 3547/2830/645 3554/2835/645 3561/2842/645 3562/2843/645
f 3563/2844/478 3564/2845/478 3565/2839/478 3566/2838/478
f 3567/2846/476 3568/2847/476 3569/2848/476 3570/2849/476
f 3571/2850/473 3572/2743/473 3573/2744/473 3574/2851/473
f 3575/2852/475 3571/2850/475 3574/2851/475 3576/2853/475
f 3568/2847/474 3575/2852/474 3576/2853/474 3569/2848/474
f 3570/2849/476 3569/2848/476 3577/2854/476 3578/2855/476
f 3574/2851/644 3573/2744/644 3579/2845/644 3580/2844/644
f 3576/2853/475 3574/2851/475 3581/2856/475 3582/2857/475
f 3569/2848/645 3576/2853/645 3583/2858/645 3584/2859/645
f 3583/2858/478 3585/2843/478 3586/2842/478 3584/2859/478
f 3587/2860/476 3588/2861/476 3589/2862/476 3590/2863/476
f 3591/2864/473 3587/2860/473 3590/2863/473 3592/2865/473
f 3593/2866/475 3594/2867/475 3595/2868/475 3596/2869/475
f 3588/2861/474 3593/2866/474 3596/2869/474 3589/2862/474
f 3590/2863/476 3589/2862/476 3597/2870/476 3598/2871/476
f 3592/2865/644 3590/2863/644 3599/2872/644 3600/2873/644
f 3596/2869/475 3595/2868/475 3601/2874/475 3602/2875/475
f 3589/2862/645 3596/2869/645 3603/2876/645 3604/2877/645
f 3605/2878/478 3606/2879/478 3607/2873/478 3608/2872/478
f 3609/2880/476 3610/2881/476 3611/2882/476 3612/2883/476
f 3613/2884/473 3614/2846/473 3615/2885/473 3616/2886/473
f 3617/2887/475 3613/2884/475 3616/2886/475 3618/2888/475
f 3610/2881/474 3617/2887/474 3618/2888/474 3611/2882/474
f 3612/2883/476 3611/2882/476 3619/2889/476 3620/2890/476
f 3616/2886/644 3615/2885/644 3621/2879/644 3622/2878/644
f 3618/2888/475 3616/2886/475 3623/2891/475 3624/2892/475
f 3611/2882/645 3618/2888/645 3625/2893/645 3626/2894/645
f 3625/2893/478 3627/2877/478 3628/2876/478 3626/2894/478
f 3629/2895/646 3632/2896/647 3631/2897/647 3630/2898/648
f 3633/2899/649 3634/2900/650 3636/2901/651 3635/2902/652
f 3632/2903/653 3635/2895/654 3638/2904/655
f 3630/2898/656 3631/2897/657 3636/2901/658 3634/2900/659
f 3632/2896/653 3629/2895/660 3633/2905/661 3635/2906/654
f 3635/2899/662 3636/2900/663 3637/2907/664 3638/2908/665
f 3637/2907/666 3631/2909/657 3639/2910/656 3641/2911/667
f 3636/2898/658 3631/2909/657 3637/2907/666
f 3632/2903/653 3638/2904/655 3642/2912/668 3640/2913/669
f 3631/2909/478 3632/2903/478 3640/2913/670 3639/2910/671
f 3638/2908/672 3637/2907/673 3641/2911/674 3642/2914/675
f 3643/2895/676 3646/2896/677 3645/2897/677 3644/2898/678
f 3647/2899/679 3648/2900/680 3650/2901/681 3649/2902/682
f 3646/2903/683 3649/2895/684 3652/2904/685
f 3644/2898/686 3645/2897/687 3650/2901/688 3648/2900/689
f 3646/2896/683 3643/2895/690 3647/2905/691 3649/2906/684
f 3649/2899/692 3650/2900/693 3651/2907/694 3652/2908/695
f 3651/2907/696 3645/2909/687 3653/2910/686 3655/2911/697
f 3650/2898/688 3645/2909/687 3651/2907/696
f 3646/2903/683 3652/2904/685 3656/2912/698 3654/2913/699
f 3645/2909/477 3646/2903/477 3654/2913/700 3653/2910/701
f 3652/2908/702 3651/2907/703 3655/2911/704 3656/2914/705
f 2121/1680/557 2119/1679/633 2088/1644/630 2090/1646/509
f 2131/1681/634 2099/1647/631 2088/1644/630 2119/1679/633
f 2100/1648/620 2091/1650/620 2120/1676/485 2128/1675/485
usemtl couple_map
f 3657/2915/706 3658/2916/706 3659/2917/706 3660/2918/706
f 3661/2919/707 3662/2920/707 3663/2921/707 3664/2922/707
f 3662/2920/708 3661/2919/708 3665/2923/708 3666/2924/708
f 3666/2924/707 3665/2923/707 3667/2925/707 3668/2926/707
f 3669/2927/709 3670/2928/709 3671/2929/709 3672/2930/709
f 3658/2916/710 3669/2927/710 3672/2930/710 3659/2917/710
f 3672/2930/711 3673/2931/711 3674/2932/711 3659/2917/711
f 3659/2917/711 3674/2932/711 3661/2919/711
f 3659/2917/711 3661/2919/711 3664/2922/711
f 3658/2916/712 3675/2933/712 3676/2934/712 3669/2927/712
f 3677/2935/712 3675/2933/712 3658/2916/712
f 3678/2936/713 3677/2935/712 3658/2916/712
f 3679/2937/714 3680/2938/714 3681/2918/714 3682/2939/714
f 3683/2940/710 3679/2941/710 3682/2942/710 3684/2943/710
f 3685/2944/715 3683/2940/715 3684/2943/715 3686/2915/715
f 3680/2938/707 3685/2944/707 3686/2915/707 3681/2918/707
f 3687/2921/716 3688/2924/716 3689/2945/716 3690/2946/716
f 3691/2947/707 3687/2921/707 3690/2946/707 3692/2948/707
f 3693/2949/717 3691/2947/717 3692/2948/717 3694/2950/717
f 3688/2924/710 3695/2926/710 3696/2951/710 3689/2945/710
f 3694/2950/478 3692/2948/478 3697/2952/478 3698/2953/478
f 3699/2939/477 3691/2947/477 3693/2949/477 3700/2937/477
f 3701/2915/718 3702/2916/718 3703/2917/718 3704/2918/718
f 3705/2919/719 3706/2920/719 3707/2921/719 3708/2922/719
f 3706/2920/720 3705/2919/720 3709/2923/720 3710/2924/720
f 3710/2924/719 3709/2923/719 3711/2925/719 3712/2926/719
f 3713/2927/721 3714/2928/721 3715/2929/721 3716/2930/721
f 3702/2916/722 3713/2927/722 3716/2930/722 3703/2917/722
f 3716/2930/723 3717/2931/723 3718/2932/723 3703/2917/723
f 3703/2917/723 3718/2932/723 3705/2919/723
f 3703/2917/723 3705/2919/723 3708/2922/723
f 3702/2916/724 3719/2933/724 3720/2934/724 3713/2927/724
f 3721/2935/724 3719/2933/724 3702/2916/724
f 3722/2936/725 3721/2935/724 3702/2916/724
f 3723/2937/726 3724/2938/726 3725/2918/726 3726/2939/726
f 3727/2940/722 3723/2941/722 3726/2942/722 3728/2943/722
f 3729/2944/727 3727/2940/727 3728/2943/727 3730/2915/727
f 3724/2938/719 3729/2944/719 3730/2915/719 3725/2918/719
f 3731/2921/728 3732/2924/728 3733/2945/728 3734/2946/728
f 3735/2947/719 3731/2921/719 3734/2946/719 3736/2948/719
f 3737/2949/729 3735/2947/729 3736/2948/729 3738/2950/729
f 3732/2924/722 3739/2926/722 3740/2951/722 3733/2945/722
f 3738/2950/477 3736/2948/477 3741/2952/477 3742/2953/477
f 3743/2939/478 3735/2947/478 3737/2949/478 3744/2937/478
l 749 753
l 2086 2087
l 1806 1815
l 2090 2091
l 750 752
l 747 751
l 2120 2121
l 748 754
l 2084 2085
o FULLBRIGHT_10_LCG_FRR_gept
v -3.999816 0.681372 -1.795236
v -3.999816 0.811301 -1.665307
v -3.999816 0.551814 -1.665678
v -3.999816 0.681743 -1.535749
vn -1.0000 -0.0000 -0.0000
vt 0.662119 0.289071
vt 0.669925 0.289071
vt 0.669925 0.296881
vt 0.662119 0.296881
s 0
usemtl mat1
f 3747/2954/730 3748/2955/730 3746/2956/730 3745/2957/730
o FULLBRIGHT_3_LCG_BLW_gept
v 3.643556 0.891867 1.320332
v 3.643556 1.021796 1.450261
v 3.643556 1.021425 1.190774
v 3.643556 1.151354 1.320703
vn 1.0000 -0.0000 -0.0000
vt 0.662119 0.296883
vt 0.669925 0.296883
vt 0.669925 0.304693
vt 0.662119 0.304693
s 0
usemtl mat1
f 3751/2958/731 3752/2959/731 3750/2960/731 3749/2961/731
o FULLBRIGHT_4_LCG_FLW_gept
v -3.999816 0.961372 1.795790
v -3.999816 1.091301 1.665861
v -3.999816 0.831814 1.666232
v -3.999816 0.961743 1.536303
vn -1.0000 -0.0000 -0.0000
vt 0.662119 0.296883
vt 0.662119 0.304693
vt 0.669925 0.304693
vt 0.669925 0.296883
s 0
usemtl mat1
f 3755/2962/732 3753/2963/732 3754/2964/732 3756/2965/732
o FULLBRIGHT_5_LCG_BRW_gept
v 3.643556 0.891867 -1.319779
v 3.643556 1.021796 -1.449707
v 3.643556 1.021426 -1.190220
v 3.643556 1.151354 -1.320149
vn 1.0000 -0.0000 -0.0000
vt 0.662119 0.296883
vt 0.662119 0.304693
vt 0.669925 0.304693
vt 0.669925 0.296883
s 0
usemtl mat1
f 3759/2966/733 3757/2967/733 3758/2968/733 3760/2969/733
o FULLBRIGHT_6_LCG_FRW_gept
v -3.999816 0.961372 -1.795236
v -3.999816 1.091301 -1.665308
v -3.999816 0.831814 -1.665678
v -3.999816 0.961743 -1.535749
vn -1.0000 -0.0000 -0.0000
vt 0.662119 0.296883
vt 0.669925 0.296883
vt 0.669925 0.304693
vt 0.662119 0.304693
s 0
usemtl mat1
f 3763/2970/734 3764/2971/734 3762/2972/734 3761/2973/734
o FULLBRIGHT_7_LCG_BRR_gept
v 3.643556 0.891867 -1.039778
v 3.643556 1.021796 -1.169707
v 3.643556 1.021425 -0.910220
v 3.643556 1.151354 -1.040149
vn 1.0000 -0.0000 -0.0000
vt 0.662119 0.289071
vt 0.662119 0.296881
vt 0.669925 0.296881
vt 0.669925 0.289071
s 0
usemtl mat1
f 3767/2974/735 3765/2975/735 3766/2976/735 3768/2977/735
o FULLBRIGHT_8_LCG_BLR_gept
v 3.643556 0.891867 1.040332
v 3.643556 1.021796 1.170261
v 3.643556 1.021425 0.910774
v 3.643556 1.151354 1.040703
vn 1.0000 -0.0000 -0.0000
vt 0.662119 0.289071
vt 0.669925 0.289071
vt 0.669925 0.296881
vt 0.662119 0.296881
s 0
usemtl mat1
f 3771/2978/736 3772/2979/736 3770/2980/736 3769/2981/736
o FULLBRIGHT_9_LCG_FLR_gept
v -3.999816 0.681372 1.795790
v -3.999816 0.811301 1.665861
v -3.999816 0.551814 1.666232
v -3.999816 0.681742 1.536303
vn -1.0000 -0.0000 -0.0000
vt 0.662119 0.289071
vt 0.662119 0.296881
vt 0.669925 0.296881
vt 0.669925 0.289071
s 0
usemtl mat1
f 3775/2982/737 3773/2983/737 3774/2984/737 3776/2985/737
o GAUGE_INDEPENDENT_BRAKE_1
v -3.417479 1.825585 0.303917
v -3.426435 1.850193 0.290091
v -3.426052 1.849140 0.288151
vn 0.9397 0.3420 -0.0001
vt 0.328125 0.031250
vt 0.328125 0.093750
vt 0.265625 0.093750
s 0
usemtl controls
f 3777/2986/738 3779/2987/738 3778/2988/738
o GAUGE_INDEPENDENT_BRAKE_1_ROT_270
v -3.436400 1.843053 0.291858
v -3.430475 1.845209 0.291858
v -3.437757 1.846780 0.291858
v -3.431832 1.848936 0.291858
v -3.436400 1.843053 0.287891
v -3.430475 1.845209 0.287891
v -3.437757 1.846780 0.287891
v -3.431832 1.848936 0.287891
vn -0.0000 -0.0000 1.0000
vn -0.3419 0.9397 -0.0000
vn -0.0000 -0.0000 -1.0000
vn 0.3420 -0.9397 -0.0000
vn -0.9396 -0.3422 -0.0000
vn 0.9397 0.3421 -0.0000
vt 0.375000 0.000000
vt 0.625000 0.000000
vt 0.625000 0.250000
vt 0.375000 0.250000
vt 0.625000 0.500000
vt 0.375000 0.500000
vt 0.625000 0.750000
vt 0.375000 0.750000
vt 0.625000 1.000000
vt 0.375000 1.000000
vt 0.125000 0.500000
vt 0.125000 0.750000
vt 0.875000 0.500000
vt 0.875000 0.750000
s 0
usemtl
f 3780/2989/739 3781/2990/739 3783/2991/739 3782/2992/739
f 3782/2992/740 3783/2991/740 3787/2993/740 3786/2994/740
f 3786/2994/741 3787/2993/741 3785/2995/741 3784/2996/741
f 3784/2996/742 3785/2995/742 3781/2997/742 3780/2998/742
f 3782/2999/743 3786/2994/743 3784/2996/743 3780/3000/743
f 3787/2993/744 3783/3001/744 3781/3002/744 3785/2995/744
o GAUGE_REVERSER_1_TL_-0.013_X_TL_0.0354_Y
v -3.404931 1.778116 0.291636
v -3.402774 1.772191 0.291636
v -3.401204 1.779472 0.291636
v -3.399047 1.773548 0.291636
v -3.404931 1.778116 0.287670
v -3.402774 1.772191 0.287670
v -3.401204 1.779472 0.287670
v -3.399047 1.773548 0.287670
vn -0.0000 -0.0000 1.0000
vn 0.9396 0.3422 -0.0000
vn -0.0000 -0.0000 -1.0000
vn -0.9397 -0.3421 -0.0000
vn -0.3419 0.9397 -0.0000
vn 0.3421 -0.9397 -0.0000
vt 0.375000 0.000000
vt 0.625000 0.000000
vt 0.625000 0.250000
vt 0.375000 0.250000
vt 0.625000 0.500000
vt 0.375000 0.500000
vt 0.625000 0.750000
vt 0.375000 0.750000
vt 0.625000 1.000000
vt 0.375000 1.000000
vt 0.125000 0.500000
vt 0.125000 0.750000
vt 0.875000 0.500000
vt 0.875000 0.750000
s 0
usemtl
f 3788/3003/745 3789/3004/745 3791/3005/745 3790/3006/745
f 3790/3006/746 3791/3005/746 3795/3007/746 3794/3008/746
f 3794/3008/747 3795/3007/747 3793/3009/747 3792/3010/747
f 3792/3010/748 3793/3009/748 3789/3011/748 3788/3012/748
f 3790/3013/749 3794/3008/749 3792/3010/749 3788/3014/749
f 3795/3007/750 3791/3015/750 3789/3016/750 3793/3009/750
o GAUGE_SPEED_1
v -3.402670 1.764510 0.206222
v -3.420583 1.813726 0.178570
v -3.419817 1.811620 0.174689
vn 0.9397 0.3419 -0.0001
vt 0.218750 0.031250
vt 0.218750 0.093750
vt 0.156250 0.093750
s 0
usemtl controls
f 3796/3017/751 3798/3018/751 3797/3019/751
o GAUGE_SPEED_1_ROT_270
v -3.433737 1.801912 0.181245
v -3.421888 1.806224 0.181245
v -3.436450 1.809366 0.181245
v -3.424601 1.813679 0.181245
v -3.433737 1.801912 0.173313
v -3.421888 1.806224 0.173313
v -3.436450 1.809366 0.173313
v -3.424601 1.813679 0.173313
vn -0.0000 -0.0000 1.0000
vn -0.3420 0.9397 -0.0000
vn -0.0000 -0.0000 -1.0000
vn 0.3420 -0.9397 -0.0000
vn -0.9397 -0.3420 -0.0000
vn 0.9397 0.3420 -0.0000
vt 0.375000 0.000000
vt 0.625000 0.000000
vt 0.625000 0.250000
vt 0.375000 0.250000
vt 0.625000 0.500000
vt 0.375000 0.500000
vt 0.625000 0.750000
vt 0.375000 0.750000
vt 0.625000 1.000000
vt 0.375000 1.000000
vt 0.125000 0.500000
vt 0.125000 0.750000
vt 0.875000 0.500000
vt 0.875000 0.750000
s 0
usemtl
f 3799/3020/752 3800/3021/752 3802/3022/752 3801/3023/752
f 3801/3023/753 3802/3022/753 3806/3024/753 3805/3025/753
f 3805/3025/754 3806/3024/754 3804/3026/754 3803/3027/754
f 3803/3027/755 3804/3026/755 3800/3028/755 3799/3029/755
f 3801/3030/756 3805/3025/756 3803/3027/756 3799/3031/756
f 3806/3024/757 3802/3032/757 3800/3033/757 3804/3026/757
o GAUGE_THROTTLE_1
v -3.417261 1.825664 0.378217
v -3.426217 1.850272 0.364391
v -3.425834 1.849220 0.362451
vn 0.9397 0.3421 0.0001
vt 0.218750 0.031250
vt 0.218750 0.093750
vt 0.156250 0.093750
s 0
usemtl controls
f 3807/3034/758 3809/3035/758 3808/3036/758
o GAUGE_LIQUID_1
v -3.389970 1.751551 0.378217
v -3.398926 1.776159 0.364391
v -3.398543 1.775107 0.362451
vn 0.9397 0.3420 0.0001
vt 0.218750 0.031250
vt 0.218750 0.093750
vt 0.156250 0.093750
s 0
usemtl controls
f 3810/3037/759 3812/3038/759 3811/3039/759
o GAUGE_THROTTLE_1_ROT_270
v -3.432794 1.844365 0.366158
v -3.426869 1.846521 0.366158
v -3.434150 1.848092 0.366158
v -3.428226 1.850249 0.366158
v -3.432794 1.844365 0.362191
v -3.426869 1.846521 0.362191
v -3.434150 1.848092 0.362191
v -3.428226 1.850249 0.362191
vn -0.0000 -0.0000 1.0000
vn -0.3422 0.9396 -0.0000
vn -0.0000 -0.0000 -1.0000
vn 0.3419 -0.9397 -0.0000
vn -0.9396 -0.3422 -0.0000
vn 0.9397 0.3421 -0.0000
vt 0.375000 0.000000
vt 0.625000 0.000000
vt 0.625000 0.250000
vt 0.375000 0.250000
vt 0.625000 0.500000
vt 0.375000 0.500000
vt 0.625000 0.750000
vt 0.375000 0.750000
vt 0.625000 1.000000
vt 0.375000 1.000000
vt 0.125000 0.500000
vt 0.125000 0.750000
vt 0.875000 0.500000
vt 0.875000 0.750000
s 0
usemtl
f 3813/3040/760 3814/3041/760 3816/3042/760 3815/3043/760
f 3815/3043/761 3816/3042/761 3820/3044/761 3819/3045/761
f 3819/3045/762 3820/3044/762 3818/3046/762 3817/3047/762
f 3817/3047/763 3818/3046/763 3814/3048/763 3813/3049/763
f 3815/3050/764 3819/3045/764 3817/3047/764 3813/3051/764
f 3820/3044/765 3816/3052/765 3814/3053/765 3818/3046/765
o GAUGE_LIQUID_1_ROT_270
v -3.405503 1.770252 0.366158
v -3.399578 1.772409 0.366158
v -3.406859 1.773980 0.366158
v -3.400935 1.776136 0.366158
v -3.405503 1.770252 0.362191
v -3.399578 1.772409 0.362191
v -3.406859 1.773980 0.362191
v -3.400935 1.776136 0.362191
vn -0.0000 -0.0000 1.0000
vn -0.3420 0.9397 -0.0000
vn -0.0000 -0.0000 -1.0000
vn 0.3421 -0.9397 -0.0000
vn -0.9398 -0.3418 -0.0000
vn 0.9397 0.3421 -0.0000
vt 0.375000 0.000000
vt 0.625000 0.000000
vt 0.625000 0.250000
vt 0.375000 0.250000
vt 0.625000 0.500000
vt 0.375000 0.500000
vt 0.625000 0.750000
vt 0.375000 0.750000
vt 0.625000 1.000000
vt 0.375000 1.000000
vt 0.125000 0.500000
vt 0.125000 0.750000
vt 0.875000 0.500000
vt 0.875000 0.750000
s 0
usemtl
f 3821/3054/766 3822/3055/766 3824/3056/766 3823/3057/766
f 3823/3057/767 3824/3056/767 3828/3058/767 3827/3059/767
f 3827/3059/768 3828/3058/768 3826/3060/768 3825/3061/768
f 3825/3061/769 3826/3060/769 3822/3062/769 3821/3063/769
f 3823/3064/770 3827/3059/770 3825/3061/770 3821/3065/770
f 3828/3058/771 3824/3066/771 3822/3067/771 3826/3060/771
o HEADLIGHT_1_0XFFF0CC_FULLBRIGHT_LCG_HL
v -4.036989 0.847958 1.219700
v -4.036989 1.110454 1.219700
v -4.036989 0.847958 0.719316
v -4.036989 1.110454 0.719316
vn -1.0000 -0.0000 -0.0000
vt 0.628915 0.287126
vt 0.628915 0.302735
vt 0.636722 0.302735
vt 0.636722 0.287126
s 0
usemtl mat1
f 3831/3068/772 3829/3069/772 3830/3070/772 3832/3071/772
o HEADLIGHT_2_0XFFF0CC_FULLBRIGHT_LCG_HL
v -4.036989 0.847958 -1.219146
v -4.036989 1.110454 -1.219146
v -4.036989 0.847958 -0.718762
v -4.036989 1.110454 -0.718762
vn -1.0000 -0.0000 -0.0000
vt 0.628915 0.287126
vt 0.636722 0.287126
vt 0.636722 0.302735
vt 0.628915 0.302735
s 0
usemtl mat1
f 3835/3072/773 3836/3073/773 3834/3074/773 3833/3075/773
o INDEPENDENT_BRAKE_1
v -2.355824 0.880619 1.367018
v -2.481950 0.917057 1.367018
v -2.481950 0.917057 1.440594
v -2.355824 0.880619 1.440594
v -2.392261 0.754493 1.367018
v -2.392261 0.754493 1.440594
v -2.518388 0.790931 1.367018
v -2.518388 0.790931 1.440594
v -2.350332 0.810706 1.367018
v -2.350332 0.810706 1.440594
v -2.523881 0.860845 1.440594
v -2.523881 0.860845 1.367018
v -2.412037 0.922550 1.440594
v -2.412037 0.922550 1.367018
v -2.462176 0.749000 1.367018
v -2.462176 0.749000 1.440594
v -2.437106 0.835775 1.440594
v -2.749298 1.481640 1.372155
v -2.806516 1.450585 1.371754
v -2.806858 1.450377 1.436854
v -2.749642 1.481431 1.437256
v -2.439773 0.912612 1.371522
v -2.440117 0.912402 1.436621
v -2.496991 0.881557 1.371119
v -2.497334 0.881347 1.436219
v -2.918410 1.812028 1.364405
v -2.737753 1.477557 1.362774
v -2.991199 1.772040 1.364405
v -2.810542 1.437571 1.362774
v -2.917881 1.811068 1.447759
v -2.737224 1.476597 1.446127
v -2.990669 1.771081 1.447759
v -2.810012 1.436611 1.446129
v -2.756572 1.512490 1.362890
v -2.829360 1.472503 1.362890
v -2.828831 1.471543 1.446245
v -2.756043 1.511530 1.446245
v -2.971178 1.734878 1.364280
v -2.970647 1.733918 1.447635
v -2.897859 1.773905 1.447635
v -2.898388 1.774865 1.364280
v -3.008209 1.726433 1.373871
v -3.019376 1.747160 1.373959
v -3.019071 1.746614 1.438015
v -2.843737 1.422003 1.372522
v -2.843432 1.421454 1.436578
v -3.007904 1.725885 1.437927
v -2.854286 1.441586 1.372604
v -2.853981 1.441036 1.436661
vn 0.2776 0.9607 -0.0000
vn -0.4831 0.8756 -0.0000
vn 0.9607 -0.2775 -0.0000
vn 0.9969 0.0783 -0.0000
vn -0.2776 -0.9607 -0.0000
vn 0.0783 -0.9969 -0.0000
vn -0.9607 0.2776 -0.0000
vn -0.8756 -0.4831 -0.0000
vn -0.0000 -0.0000 1.0000
vn 0.8016 -0.5979 -0.0000
vn 0.5979 0.8016 -0.0000
vn -0.0000 -0.0000 -1.0000
vn 0.1787 0.0991 -0.9789
vn 0.0480 0.3689 -0.9282
vn 0.1697 0.0920 0.9812
vn 0.1720 0.0903 0.9809
vn -0.2586 0.0377 -0.9652
vn -0.1709 -0.0899 -0.9812
vn -0.1811 -0.1004 0.9783
vn -0.1799 -0.0970 0.9789
vn -0.0014 0.0026 -1.0000
vn -0.6573 0.7536 0.0114
vn 0.0014 -0.0026 1.0000
vn 0.8804 0.4743 -0.0001
vn -0.4815 0.8764 0.0131
vn 0.4814 -0.8764 -0.0132
vn 0.8797 0.4755 -0.0001
vn 0.0022 -0.0041 1.0000
vn -0.8797 -0.4755 0.0001
vn -0.0022 0.0041 -1.0000
vn -0.2247 -0.1246 0.9664
vn -0.8804 -0.4743 0.0001
vn -0.2281 -0.1194 -0.9663
vn -0.7750 0.6319 0.0109
vn 0.4188 -0.9080 -0.0117
vn 0.2165 -0.9762 -0.0112
vn -0.2207 -0.1224 0.9676
vn -0.2242 -0.1172 -0.9675
vt 0.829732 0.432726
vt 0.829045 0.432726
vt 0.829045 0.430876
vt 0.829732 0.430876
vt 0.833638 0.432726
vt 0.832951 0.432726
vt 0.832951 0.430876
vt 0.833638 0.430876
vt 0.821919 0.432726
vt 0.821232 0.432726
vt 0.821232 0.430876
vt 0.821919 0.430876
vt 0.825826 0.432726
vt 0.825139 0.432726
vt 0.825139 0.430876
vt 0.825826 0.430876
vt 0.833984 0.427734
vt 0.833984 0.428659
vt 0.833312 0.428407
vt 0.833059 0.427734
vt 0.834909 0.427734
vt 0.834657 0.428407
vt 0.827205 0.432726
vt 0.826518 0.432726
vt 0.826518 0.430876
vt 0.827205 0.430876
vt 0.835018 0.432726
vt 0.834331 0.432726
vt 0.834331 0.430876
vt 0.835018 0.430876
vt 0.834657 0.427062
vt 0.833984 0.426810
vt 0.833312 0.427062
vt 0.823299 0.432726
vt 0.822612 0.432726
vt 0.822612 0.430876
vt 0.823299 0.430876
vt 0.831111 0.432726
vt 0.830424 0.432726
vt 0.830424 0.430876
vt 0.831111 0.430876
vt 0.827748 0.433594
vt 0.828974 0.433594
vt 0.829868 0.433594
vt 0.829042 0.433594
vt 0.825956 0.433594
vt 0.824970 0.433594
vt 0.825594 0.433594
vt 0.826623 0.433594
vt 0.597656 0.335938
vt 0.615234 0.335938
vt 0.615234 0.339844
vt 0.597656 0.339844
vt 0.621094 0.343751
vt 0.619141 0.343751
vt 0.619141 0.339844
vt 0.621094 0.339844
vt 0.615235 0.343751
vt 0.615235 0.339844
vt 0.617188 0.339844
vt 0.617188 0.343751
vt 0.621094 0.343750
vt 0.621094 0.347657
vt 0.617188 0.347657
vt 0.617188 0.343750
vt 0.613281 0.343751
vt 0.613281 0.339844
vt 0.611328 0.347656
vt 0.597656 0.347656
vt 0.597656 0.343750
vt 0.611328 0.343750
vt 0.615234 0.343751
vt 0.613281 0.341796
vt 0.615234 0.341796
vt 0.621094 0.341796
vt 0.619141 0.341796
vt 0.617187 0.343751
vt 0.617187 0.339844
s 1
usemtl mat1
f 3850/3076/774 3838/3077/775 3839/3078/775 3849/3079/774
f 3845/3080/776 3837/3081/777 3840/3082/777 3846/3083/776
f 3851/3084/778 3841/3085/779 3842/3086/779 3852/3087/778
f 3848/3088/780 3843/3089/781 3844/3090/781 3847/3091/780
f 3853/3092/782 3846/3093/782 3840/3094/782 3849/3095/782
f 3852/3096/782 3842/3097/782 3846/3093/782 3853/3092/782
f 3838/3098/775 3848/3099/780 3847/3100/780 3839/3101/775
f 3841/3102/783 3845/3103/776 3846/3104/776 3842/3105/783
f 3844/3106/782 3852/3096/782 3853/3092/782 3847/3107/782
f 3847/3107/782 3853/3092/782 3849/3095/782 3839/3108/782
f 3843/3109/781 3851/3110/778 3852/3111/778 3844/3112/781
f 3837/3113/784 3850/3114/774 3849/3115/774 3840/3116/784
f 3838/3117/785 3850/3118/785 3837/3119/785 3845/3120/785 3841/3121/785 3851/3122/785 3843/3123/785 3848/3124/785
f 3858/3125/786 3854/3126/787 3857/3127/788 3859/3128/789
f 3855/3127/790 3860/3128/791 3861/3125/792 3856/3126/793
f 3861/3128/792 3859/3125/789 3857/3126/788 3856/3127/793
f 3855/3126/790 3854/3127/787 3858/3128/786 3860/3125/791
s 0
f 3870/3129/794 3863/3130/794 3865/3131/794 3871/3132/794
f 3868/3133/795 3864/3134/795 3879/3135/795 3880/3136/795
f 3872/3129/796 3869/3130/796 3867/3131/796 3873/3132/796
f 3873/3129/797 3867/3130/797 3863/3131/797 3870/3132/797
f 3864/3137/798 3868/3138/798 3866/3139/798 3862/3140/798
f 3869/3141/799 3865/3142/799 3863/3135/799 3867/3136/799
f 3876/3143/800 3873/3144/800 3870/3145/800 3877/3146/800
f 3875/3143/801 3872/3144/801 3873/3145/801 3876/3146/801
f 3874/3143/802 3871/3144/802 3872/3145/802 3875/3146/802
f 3877/3143/803 3870/3144/803 3871/3145/803 3874/3146/803
f 3862/3147/794 3877/3141/794 3874/3142/794 3864/3127/794
f 3875/3148/804 3868/3149/804 3880/3147/804 3883/3141/804
f 3868/3147/796 3875/3141/796 3876/3142/796 3866/3127/796
f 3866/3147/797 3876/3141/797 3877/3142/797 3862/3127/797
f 3884/3129/805 3881/3130/805 3882/3131/805 3885/3132/805
f 3879/3147/805 3878/3141/805 3883/3142/805 3880/3127/805
f 3871/3150/806 3865/3151/806 3881/3131/806 3884/3132/806
f 3872/3135/807 3871/3136/807 3884/3147/807 3885/3127/807
f 3865/3131/808 3869/3130/808 3882/3152/808 3881/3153/808
f 3874/3130/809 3875/3131/809 3883/3135/809 3878/3136/809
f 3869/3151/810 3872/3150/810 3885/3129/810 3882/3130/810
f 3864/3149/811 3874/3148/811 3878/3142/811 3879/3127/811
o INDEPENDENT_BRAKE_1_ROT_-60
v -2.460021 0.814308 1.434503
v -2.458572 0.858691 1.434503
v -2.460021 0.814308 1.404228
v -2.458572 0.858691 1.404228
v -2.415640 0.812860 1.434503
v -2.414191 0.857242 1.434503
v -2.415640 0.812860 1.404228
v -2.414191 0.857242 1.404228
vn -0.9995 0.0326 -0.0000
vn -0.0000 -0.0000 -1.0000
vn 0.9995 -0.0326 -0.0000
vn -0.0000 -0.0000 1.0000
vn -0.0326 -0.9995 -0.0000
vn 0.0326 0.9995 -0.0000
vt 0.375000 0.000000
vt 0.625000 0.000000
vt 0.625000 0.250000
vt 0.375000 0.250000
vt 0.625000 0.500000
vt 0.375000 0.500000
vt 0.625000 0.750000
vt 0.375000 0.750000
vt 0.625000 1.000000
vt 0.375000 1.000000
vt 0.125000 0.500000
vt 0.125000 0.750000
vt 0.875000 0.500000
vt 0.875000 0.750000
s 0
usemtl
f 3886/3154/812 3887/3155/812 3889/3156/812 3888/3157/812
f 3888/3157/813 3889/3156/813 3893/3158/813 3892/3159/813
f 3892/3159/814 3893/3158/814 3891/3160/814 3890/3161/814
f 3890/3161/815 3891/3160/815 3887/3162/815 3886/3163/815
f 3888/3164/816 3892/3159/816 3890/3161/816 3886/3165/816
f 3893/3158/817 3889/3166/817 3887/3167/817 3891/3160/817
o REV_INFO
v -3.393149 1.766728 0.301690
v -3.393149 1.766728 0.276883
v -3.386801 1.748796 0.301690
v -3.386801 1.748796 0.276883
v -3.399497 1.784661 0.301690
v -3.399497 1.784661 0.276883
v -3.405846 1.802593 0.301690
v -3.405845 1.802593 0.276883
vn 0.9427 0.3337 -0.0000
vt 0.646484 0.345703
vt 0.625000 0.345703
vt 0.625000 0.328125
vt 0.646484 0.328125
vt 0.646484 0.363281
vt 0.625000 0.363281
vt 0.646484 0.378906
vt 0.625000 0.378906
s 0
usemtl mat1
f 3895/3168/818 3894/3169/818 3896/3170/818 3897/3171/818
f 3899/3172/818 3898/3173/818 3894/3169/818 3895/3168/818
f 3901/3174/818 3900/3175/818 3898/3173/818 3899/3172/818
o REVERSER_1
v -2.858650 1.859006 0.039566
v -2.841055 1.859006 0.105231
v -2.841055 1.820907 0.105231
v -2.858650 1.820907 0.039566
v -2.924314 1.859006 0.057161
v -2.924314 1.820907 0.057161
v -2.906720 1.859006 0.122825
v -2.906720 1.820907 0.122825
v -2.894790 1.859006 0.036018
v -2.894790 1.820907 0.036018
v -2.870580 1.820907 0.126373
v -2.870580 1.859006 0.126373
v -2.837508 1.820907 0.069090
v -2.837508 1.859006 0.069090
v -2.927862 1.859006 0.093301
v -2.927862 1.820907 0.093301
v -2.882685 1.820907 0.081196
v -2.715024 1.856336 0.156565
v -2.731678 1.856544 0.185874
v -2.731790 1.822834 0.186050
v -2.715137 1.822626 0.156741
v -2.842932 1.856674 0.083350
v -2.843044 1.822964 0.083526
v -2.859586 1.856882 0.112660
v -2.859698 1.823173 0.112835
v -2.645358 1.861474 0.190278
v -2.720716 1.860863 0.148567
v -2.666793 1.861474 0.227559
v -2.742150 1.860863 0.185849
v -2.645850 1.818312 0.189994
v -2.721207 1.817701 0.148283
v -2.667284 1.818312 0.227275
v -2.742641 1.817701 0.185565
vn 0.9659 -0.0000 -0.2588
vn 0.8660 -0.0000 0.5000
vn -0.2588 -0.0000 -0.9659
vn 0.0977 -0.0000 -0.9952
vn -0.9659 -0.0000 0.2588
vn -0.9952 -0.0000 -0.0977
vn 0.2588 -0.0000 0.9659
vn -0.5000 -0.0000 0.8660
vn -0.0000 -1.0000 -0.0000
vn -0.5822 -0.0000 -0.8130
vn 0.8130 -0.0000 -0.5822
vn -0.0000 1.0000 -0.0000
vn 0.1057 0.9788 -0.1753
vn 0.3720 0.9274 -0.0389
vn 0.0955 -0.9814 -0.1664
vn 0.0951 -0.9807 -0.1706
vn 0.0313 0.9651 0.2598
vn -0.0934 0.9814 0.1676
vn -0.1068 -0.9784 0.1771
vn -0.1036 -0.9788 0.1765
vn -0.0062 1.0000 -0.0035
vn -0.4843 -0.0002 0.8749
vn 0.0062 -1.0000 0.0035
vn 0.4843 0.0002 -0.8749
vn 0.8669 -0.0132 0.4984
vn -0.8669 0.0131 -0.4984
vt 0.829732 0.432726
vt 0.829045 0.432726
vt 0.829045 0.430876
vt 0.829732 0.430876
vt 0.833638 0.432726
vt 0.832951 0.432726
vt 0.832951 0.430876
vt 0.833638 0.430876
vt 0.821919 0.432726
vt 0.821232 0.432726
vt 0.821232 0.430876
vt 0.821919 0.430876
vt 0.825826 0.432726
vt 0.825139 0.432726
vt 0.825139 0.430876
vt 0.825826 0.430876
vt 0.833984 0.427734
vt 0.833984 0.428659
vt 0.833312 0.428407
vt 0.833059 0.427734
vt 0.834909 0.427734
vt 0.834657 0.428407
vt 0.827205 0.432726
vt 0.826518 0.432726
vt 0.826518 0.430876
vt 0.827205 0.430876
vt 0.835018 0.432726
vt 0.834331 0.432726
vt 0.834331 0.430876
vt 0.835018 0.430876
vt 0.834657 0.427062
vt 0.833984 0.426810
vt 0.833312 0.427062
vt 0.823299 0.432726
vt 0.822612 0.432726
vt 0.822612 0.430876
vt 0.823299 0.430876
vt 0.831111 0.432726
vt 0.830424 0.432726
vt 0.830424 0.430876
vt 0.831111 0.430876
vt 0.827748 0.433594
vt 0.828974 0.433594
vt 0.829868 0.433594
vt 0.829042 0.433594
vt 0.825956 0.433594
vt 0.824970 0.433594
vt 0.825594 0.433594
vt 0.826623 0.433594
vt 0.597656 0.335938
vt 0.615234 0.335938
vt 0.615234 0.339844
vt 0.597656 0.339844
vt 0.605469 0.343750
vt 0.597656 0.343750
vt 0.605469 0.339844
vt 0.613281 0.339844
vt 0.613281 0.343750
vt 0.609375 0.343750
vt 0.609375 0.339844
s 1
usemtl mat1
f 3915/3176/819 3903/3177/820 3904/3178/820 3914/3179/819
f 3910/3180/821 3902/3181/822 3905/3182/822 3911/3183/821
f 3916/3184/823 3906/3185/824 3907/3186/824 3917/3187/823
f 3913/3188/825 3908/3189/826 3909/3190/826 3912/3191/825
f 3918/3192/827 3911/3193/827 3905/3194/827 3914/3195/827
f 3917/3196/827 3907/3197/827 3911/3193/827 3918/3192/827
f 3903/3198/820 3913/3199/825 3912/3200/825 3904/3201/820
f 3906/3202/828 3910/3203/821 3911/3204/821 3907/3205/828
f 3909/3206/827 3917/3196/827 3918/3192/827 3912/3207/827
f 3912/3207/827 3918/3192/827 3914/3195/827 3904/3208/827
f 3908/3209/826 3916/3210/823 3917/3211/823 3909/3212/826
f 3902/3213/829 3915/3214/819 3914/3215/819 3905/3216/829
f 3903/3217/830 3915/3218/830 3902/3219/830 3910/3220/830 3906/3221/830 3916/3222/830 3908/3223/830 3913/3224/830
f 3923/3225/831 3919/3226/832 3922/3227/833 3924/3228/834
f 3920/3227/835 3925/3228/836 3926/3225/837 3921/3226/838
f 3926/3228/837 3924/3225/834 3922/3226/833 3921/3227/838
f 3920/3226/835 3919/3227/832 3923/3228/831 3925/3225/836
s 0
f 3927/3229/839 3928/3230/839 3930/3228/839 3929/3231/839
f 3929/3229/840 3930/3230/840 3934/3228/840 3933/3231/840
f 3933/3229/841 3934/3230/841 3932/3228/841 3931/3231/841
f 3931/3229/842 3932/3230/842 3928/3228/842 3927/3231/842
f 3929/3232/843 3933/3233/843 3931/3234/843 3927/3235/843
f 3934/3234/844 3930/3235/844 3928/3232/844 3932/3233/844
o REVERSER_1_ROT_45
v -2.894544 1.734463 0.074349
v -2.889532 1.734463 0.093055
v -2.894544 1.866831 0.074349
v -2.889532 1.866831 0.093055
v -2.875838 1.734463 0.069336
v -2.870826 1.734463 0.088043
v -2.875838 1.866831 0.069336
v -2.870826 1.866831 0.088043
vn -0.9659 -0.0000 0.2588
vn -0.0000 1.0000 -0.0000
vn 0.9659 -0.0000 -0.2588
vn -0.0000 -1.0000 -0.0000
vn -0.2589 -0.0000 -0.9659
vn 0.2588 -0.0000 0.9659
vt 0.302968 0.055386
s 0
usemtl controls
f 3935/3236/845 3936/3236/845 3938/3236/845 3937/3236/845
f 3937/3236/846 3938/3236/846 3942/3236/846 3941/3236/846
f 3941/3236/847 3942/3236/847 3940/3236/847 3939/3236/847
f 3939/3236/848 3940/3236/848 3936/3236/848 3935/3236/848
f 3937/3236/849 3941/3236/849 3939/3236/849 3935/3236/849
f 3942/3236/850 3938/3236/850 3936/3236/850 3940/3236/850
o THROTTLE_1
v -3.075849 1.696397 0.055597
v -3.075849 1.764378 0.055597
v -3.075849 1.764378 0.093697
v -3.075849 1.696397 0.093697
v -3.143830 1.696397 0.055597
v -3.143830 1.696397 0.093697
v -3.143830 1.764378 0.055597
v -3.143830 1.764378 0.093697
v -3.109840 1.683617 0.055597
v -3.109840 1.683617 0.093697
v -3.109840 1.777159 0.093697
v -3.109840 1.777159 0.055597
v -3.063069 1.730388 0.093697
v -3.063069 1.730388 0.055597
v -3.156611 1.730388 0.055597
v -3.156611 1.730388 0.093697
v -3.109840 1.730388 0.093697
v -2.926374 1.888548 0.058267
v -2.950047 1.912548 0.058060
v -2.950200 1.912689 0.091769
v -2.926528 1.888689 0.091977
v -3.071999 1.742757 0.057930
v -3.072152 1.742898 0.091639
v -3.095672 1.766758 0.057721
v -3.095825 1.766898 0.091431
v -2.908439 1.887163 0.042833
v -2.910121 1.886866 0.198044
v -2.951443 1.887164 0.042755
v -2.953125 1.886866 0.197966
v -2.908439 1.930325 0.043400
v -2.910121 1.930028 0.198612
v -2.951443 1.930325 0.043322
v -2.953125 1.930028 0.198534
vn 1.0000 -0.0000 -0.0000
vn 0.7071 0.7071 -0.0000
vn -0.0000 -1.0000 -0.0000
vn 0.3519 -0.9360 -0.0000
vn -1.0000 -0.0000 -0.0000
vn -0.9360 -0.3520 -0.0000
vn -0.0000 1.0000 -0.0000
vn -0.7071 0.7071 -0.0000
vn -0.0000 -0.0000 1.0000
vn -0.3519 -0.9360 -0.0000
vn 0.9360 -0.3519 -0.0000
vn -0.0000 -0.0000 -1.0000
vn 0.1508 -0.1401 -0.9786
vn 0.3686 0.0592 -0.9277
vn 0.1387 -0.1326 0.9814
vn 0.1371 -0.1393 0.9807
vn -0.0385 0.2579 -0.9654
vn -0.1345 0.1366 -0.9814
vn -0.1508 0.1402 0.9786
vn -0.1466 0.1442 0.9786
vn -0.0000 -1.0000 -0.0019
vn -0.9999 0.0002 -0.0108
vn -0.0000 1.0000 0.0019
vn 0.9999 -0.0001 0.0108
vn 0.0018 0.0131 -0.9999
vn -0.0018 -0.0132 0.9999
vt 0.829732 0.432726
vt 0.829045 0.432726
vt 0.829045 0.430876
vt 0.829732 0.430876
vt 0.833638 0.432726
vt 0.832951 0.432726
vt 0.832951 0.430876
vt 0.833638 0.430876
vt 0.821919 0.432726
vt 0.821232 0.432726
vt 0.821232 0.430876
vt 0.821919 0.430876
vt 0.825826 0.432726
vt 0.825139 0.432726
vt 0.825139 0.430876
vt 0.825826 0.430876
vt 0.833984 0.427734
vt 0.833984 0.428659
vt 0.833312 0.428407
vt 0.833059 0.427734
vt 0.834909 0.427734
vt 0.834657 0.428407
vt 0.827205 0.432726
vt 0.826518 0.432726
vt 0.826518 0.430876
vt 0.827205 0.430876
vt 0.835018 0.432726
vt 0.834331 0.432726
vt 0.834331 0.430876
vt 0.835018 0.430876
vt 0.834657 0.427062
vt 0.833984 0.426810
vt 0.833312 0.427062
vt 0.823299 0.432726
vt 0.822612 0.432726
vt 0.822612 0.430876
vt 0.823299 0.430876
vt 0.831111 0.432726
vt 0.830424 0.432726
vt 0.830424 0.430876
vt 0.831111 0.430876
vt 0.827748 0.433594
vt 0.828974 0.433594
vt 0.829868 0.433594
vt 0.829042 0.433594
vt 0.825956 0.433594
vt 0.824970 0.433594
vt 0.825594 0.433594
vt 0.826623 0.433594
vt 0.597656 0.335938
vt 0.621094 0.335938
vt 0.621094 0.339844
vt 0.597656 0.339844
vt 0.609375 0.343750
vt 0.597656 0.343750
vt 0.609375 0.339844
vt 0.613281 0.339844
vt 0.613281 0.343750
s 1
usemtl mat1
f 3956/3237/851 3944/3238/852 3945/3239/852 3955/3240/851
f 3951/3241/853 3943/3242/854 3946/3243/854 3952/3244/853
f 3957/3245/855 3947/3246/856 3948/3247/856 3958/3248/855
f 3954/3249/857 3949/3250/858 3950/3251/858 3953/3252/857
f 3959/3253/859 3952/3254/859 3946/3255/859 3955/3256/859
f 3958/3257/859 3948/3258/859 3952/3254/859 3959/3253/859
f 3944/3259/852 3954/3260/857 3953/3261/857 3945/3262/852
f 3947/3263/860 3951/3264/853 3952/3265/853 3948/3266/860
f 3950/3267/859 3958/3257/859 3959/3253/859 3953/3268/859
f 3953/3268/859 3959/3253/859 3955/3256/859 3945/3269/859
f 3949/3270/858 3957/3271/855 3958/3272/855 3950/3273/858
f 3943/3274/861 3956/3275/851 3955/3276/851 3946/3277/861
f 3944/3278/862 3956/3279/862 3943/3280/862 3951/3281/862 3947/3282/862 3957/3283/862 3949/3284/862 3954/3285/862
f 3964/3286/863 3960/3287/864 3963/3288/865 3965/3289/866
f 3961/3288/867 3966/3289/868 3967/3286/869 3962/3287/870
f 3967/3289/869 3965/3286/866 3963/3287/865 3962/3288/870
f 3961/3287/867 3960/3288/864 3964/3289/863 3966/3286/868
s 0
f 3968/3290/871 3969/3291/871 3971/3289/871 3970/3292/871
f 3970/3290/872 3971/3291/872 3975/3289/872 3974/3292/872
f 3974/3290/873 3975/3291/873 3973/3289/873 3972/3292/873
f 3972/3290/874 3973/3291/874 3969/3289/874 3968/3292/874
f 3970/3293/875 3974/3294/875 3972/3290/875 3968/3292/875
f 3975/3290/876 3971/3292/876 3969/3293/876 3973/3294/876
o THROTTLE_1_ROT_90
v -3.116273 1.723955 0.103126
v -3.116273 1.736820 0.103126
v -3.116273 1.723955 0.048463
v -3.116273 1.736820 0.048463
v -3.103408 1.723955 0.103126
v -3.103408 1.736820 0.103126
v -3.103408 1.723955 0.048463
v -3.103408 1.736820 0.048463
vn -1.0000 -0.0000 -0.0000
vn -0.0000 -0.0000 -1.0000
vn 1.0000 -0.0000 -0.0000
vn -0.0000 -0.0000 1.0000
vn -0.0000 -1.0000 -0.0000
vn -0.0000 1.0000 -0.0000
vt 0.302968 0.055386
s 0
usemtl controls
f 3976/3295/877 3977/3295/877 3979/3295/877 3978/3295/877
f 3978/3295/878 3979/3295/878 3983/3295/878 3982/3295/878
f 3982/3295/879 3983/3295/879 3981/3295/879 3980/3295/879
f 3980/3295/880 3981/3295/880 3977/3295/880 3976/3295/880
f 3978/3295/881 3982/3295/881 3980/3295/881 3976/3295/881
f 3983/3295/882 3979/3295/882 3977/3295/882 3981/3295/882
o TRAIN_BRAKE_1
v -2.816555 1.812891 0.099853
v -2.901342 1.812891 0.147325
v -2.901342 1.758432 0.147325
v -2.816555 1.758432 0.099853
v -2.864027 1.812891 0.015066
v -2.864027 1.758432 0.015066
v -2.948814 1.812891 0.062538
v -2.948814 1.758432 0.062538
v -2.824352 1.812891 0.048535
v -2.824352 1.758432 0.048535
v -2.941018 1.758432 0.113857
v -2.941018 1.812891 0.113857
v -2.850024 1.758432 0.139529
v -2.850024 1.812891 0.139529
v -2.915346 1.812891 0.022862
v -2.915346 1.758432 0.022862
v -2.882685 1.758432 0.081196
v -2.928137 1.809075 0.339990
v -2.974602 1.809372 0.327226
v -2.974884 1.761187 0.327133
v -2.928420 1.760890 0.339897
v -2.871688 1.809557 0.137029
v -2.871971 1.761373 0.136936
v -2.918153 1.809855 0.124265
v -2.918435 1.761671 0.124171
v -2.983056 1.814825 0.565127
v -2.919058 1.815545 0.329293
v -3.042247 1.814825 0.548542
v -2.978249 1.815545 0.312709
v -2.982836 1.753129 0.564346
v -2.918838 1.753850 0.328512
v -3.042026 1.753129 0.547762
v -2.978028 1.753849 0.311928
v -2.926750 1.815459 0.357637
v -2.985940 1.815459 0.341053
v -2.985720 1.753763 0.340272
v -2.926530 1.753763 0.356856
v -3.034064 1.814917 0.518389
v -3.033843 1.753221 0.517608
v -2.974653 1.753221 0.534192
v -2.974873 1.814917 0.534973
v -3.062177 1.807818 0.518528
v -3.066741 1.807753 0.535346
v -3.066613 1.760341 0.534901
v -3.004794 1.808330 0.307069
v -3.004666 1.760918 0.306622
v -3.062049 1.760406 0.518082
v -3.009105 1.808269 0.322958
v -3.008978 1.760857 0.322511
vn 0.4885 -0.0000 0.8725
vn -0.2715 -0.0000 0.9624
vn 0.8725 -0.0000 -0.4885
vn 0.9887 -0.0000 -0.1502
vn -0.4885 -0.0000 -0.8725
vn -0.1502 -0.0000 -0.9887
vn -0.8725 -0.0000 0.4885
vn -0.9624 -0.0000 -0.2715
vn -0.0000 -1.0000 -0.0000
vn 0.6448 -0.0000 -0.7644
vn 0.7644 -0.0000 0.6448
vn -0.0000 1.0000 -0.0000
vn 0.1959 0.9788 0.0594
vn 0.1293 0.9274 0.3510
vn 0.1848 -0.9814 0.0516
vn 0.1888 -0.9807 0.0502
vn -0.2441 0.9652 0.0943
vn -0.1855 0.9814 -0.0492
vn -0.1980 -0.9784 -0.0599
vn -0.1966 -0.9788 -0.0570
vn -0.0008 1.0000 0.0028
vn -0.4689 -0.0114 0.8832
vn 0.0008 -1.0000 -0.0028
vn 0.9651 0.0001 0.2619
vn -0.2698 -0.0131 0.9628
vn 0.2698 0.0132 -0.9628
vn -0.9651 -0.0001 -0.2619
vn -0.2471 -0.9664 -0.0703
vn -0.2493 0.9663 -0.0644
vn -0.6112 -0.0109 0.7914
vn 0.2015 0.0117 -0.9794
vn -0.0109 0.0112 -0.9999
vn -0.2427 -0.9676 -0.0691
vn -0.2449 0.9675 -0.0632
vt 0.829732 0.432726
vt 0.829045 0.432726
vt 0.829045 0.430876
vt 0.829732 0.430876
vt 0.833638 0.432726
vt 0.832951 0.432726
vt 0.832951 0.430876
vt 0.833638 0.430876
vt 0.821919 0.432726
vt 0.821232 0.432726
vt 0.821232 0.430876
vt 0.821919 0.430876
vt 0.825826 0.432726
vt 0.825139 0.432726
vt 0.825139 0.430876
vt 0.825826 0.430876
vt 0.833984 0.427734
vt 0.833984 0.428659
vt 0.833312 0.428407
vt 0.833059 0.427734
vt 0.834909 0.427734
vt 0.834657 0.428407
vt 0.827205 0.432726
vt 0.826518 0.432726
vt 0.826518 0.430876
vt 0.827205 0.430876
vt 0.835018 0.432726
vt 0.834331 0.432726
vt 0.834331 0.430876
vt 0.835018 0.430876
vt 0.834657 0.427062
vt 0.833984 0.426810
vt 0.833312 0.427062
vt 0.823299 0.432726
vt 0.822612 0.432726
vt 0.822612 0.430876
vt 0.823299 0.430876
vt 0.831111 0.432726
vt 0.830424 0.432726
vt 0.830424 0.430876
vt 0.831111 0.430876
vt 0.827748 0.433594
vt 0.828974 0.433594
vt 0.829868 0.433594
vt 0.829042 0.433594
vt 0.825956 0.433594
vt 0.824970 0.433594
vt 0.825594 0.433594
vt 0.826623 0.433594
vt 0.597656 0.335938
vt 0.615234 0.335938
vt 0.615234 0.339844
vt 0.597656 0.339844
vt 0.619141 0.335938
vt 0.617188 0.335938
vt 0.617188 0.332031
vt 0.619141 0.332031
vt 0.613281 0.332031
vt 0.613281 0.335938
vt 0.609375 0.335938
vt 0.609375 0.332031
vt 0.605469 0.335938
vt 0.605469 0.332031
vt 0.609375 0.347656
vt 0.597656 0.347656
vt 0.597656 0.343750
vt 0.609375 0.343750
vt 0.615234 0.332031
vt 0.613281 0.333984
vt 0.615234 0.333984
vt 0.619141 0.333984
vt 0.617188 0.333984
s 1
usemtl mat1
f 3997/3296/883 3985/3297/884 3986/3298/884 3996/3299/883
f 3992/3300/885 3984/3301/886 3987/3302/886 3993/3303/885
f 3998/3304/887 3988/3305/888 3989/3306/888 3999/3307/887
f 3995/3308/889 3990/3309/890 3991/3310/890 3994/3311/889
f 4000/3312/891 3993/3313/891 3987/3314/891 3996/3315/891
f 3999/3316/891 3989/3317/891 3993/3313/891 4000/3312/891
f 3985/3318/884 3995/3319/889 3994/3320/889 3986/3321/884
f 3988/3322/892 3992/3323/885 3993/3324/885 3989/3325/892
f 3991/3326/891 3999/3316/891 4000/3312/891 3994/3327/891
f 3994/3327/891 4000/3312/891 3996/3315/891 3986/3328/891
f 3990/3329/890 3998/3330/887 3999/3331/887 3991/3332/890
f 3984/3333/893 3997/3334/883 3996/3335/883 3987/3336/893
f 3985/3337/894 3997/3338/894 3984/3339/894 3992/3340/894 3988/3341/894 3998/3342/894 3990/3343/894 3995/3344/894
f 4005/3345/895 4001/3346/896 4004/3347/897 4006/3348/898
f 4002/3347/899 4007/3348/900 4008/3345/901 4003/3346/902
f 4008/3348/901 4006/3345/898 4004/3346/897 4003/3347/902
f 4002/3346/899 4001/3347/896 4005/3348/895 4007/3345/900
s 0
f 4017/3349/903 4010/3350/903 4012/3351/903 4018/3352/903
f 4015/3350/904 4011/3351/904 4026/3352/904 4027/3349/904
f 4019/3349/905 4016/3350/905 4014/3351/905 4020/3352/905
f 4020/3349/906 4014/3350/906 4010/3351/906 4017/3352/906
f 4011/3353/907 4015/3354/907 4013/3355/907 4009/3356/907
f 4016/3357/908 4012/3358/908 4010/3356/908 4014/3355/908
f 4023/3359/906 4020/3360/906 4017/3361/906 4024/3362/906
f 4022/3359/905 4019/3360/905 4020/3361/905 4023/3362/905
f 4021/3359/909 4018/3360/909 4019/3361/909 4022/3362/909
f 4024/3359/903 4017/3360/903 4018/3361/903 4021/3362/903
f 4009/3346/903 4024/3354/903 4021/3353/903 4011/3363/903
f 4022/3364/910 4015/3365/910 4027/3346/910 4030/3354/910
f 4015/3346/905 4022/3354/905 4023/3353/905 4013/3363/905
f 4013/3346/906 4023/3354/906 4024/3353/906 4009/3363/906
f 4031/3349/909 4028/3350/909 4029/3351/909 4032/3352/909
f 4026/3346/909 4025/3354/909 4030/3353/909 4027/3363/909
f 4018/3366/911 4012/3367/911 4028/3351/911 4031/3352/911
f 4019/3351/912 4018/3350/912 4031/3346/912 4032/3363/912
f 4012/3351/913 4016/3350/913 4029/3346/913 4028/3363/913
f 4021/3349/914 4022/3352/914 4030/3351/914 4025/3350/914
f 4016/3367/915 4019/3366/915 4032/3349/915 4029/3350/915
f 4011/3365/916 4021/3364/916 4025/3353/916 4026/3363/916
o TRAIN_BRAKE_1_ROT_80
v -2.902812 1.732591 0.069575
v -2.894305 1.732591 0.101323
v -2.902812 1.815699 0.069575
v -2.894305 1.815699 0.101323
v -2.871065 1.732591 0.061069
v -2.862558 1.732591 0.092816
v -2.871065 1.815699 0.061069
v -2.862558 1.815699 0.092816
vn -0.9659 -0.0000 0.2588
vn -0.0000 1.0000 -0.0000
vn 0.9659 -0.0000 -0.2588
vn -0.0000 -1.0000 -0.0000
vn -0.2588 -0.0000 -0.9659
vn 0.2588 -0.0000 0.9659
vt 0.375000 0.000000
vt 0.625000 0.000000
vt 0.625000 0.250000
vt 0.375000 0.250000
vt 0.625000 0.500000
vt 0.375000 0.500000
vt 0.625000 0.750000
vt 0.375000 0.750000
vt 0.625000 1.000000
vt 0.375000 1.000000
vt 0.125000 0.500000
vt 0.125000 0.750000
vt 0.875000 0.500000
vt 0.875000 0.750000
s 0
usemtl mat1
f 4033/3368/917 4034/3369/917 4036/3370/917 4035/3371/917
f 4035/3371/918 4036/3370/918 4040/3372/918 4039/3373/918
f 4039/3373/919 4040/3372/919 4038/3374/919 4037/3375/919
f 4037/3375/920 4038/3374/920 4034/3376/920 4033/3377/920
f 4035/3378/921 4039/3373/921 4037/3375/921 4033/3379/921
f 4040/3372/922 4036/3380/922 4034/3381/922 4038/3374/922
o W41M
v -3.590552 1.762297 0.608474
v -3.586295 1.785096 0.608514
v -3.559508 1.756555 0.577205
v -3.555250 1.779354 0.577245
v -3.559825 1.756504 0.640043
v -3.555568 1.779303 0.640083
v -3.528781 1.750762 0.608776
v -3.524524 1.773562 0.608816
vn -0.6915 0.1304 -0.7105
vn 0.6987 -0.1292 -0.7037
vn 0.6915 -0.1304 0.7105
vn -0.6986 0.1292 0.7037
vn 0.1835 0.9830 0.0017
vt 0.500000 0.812500
vt 0.500000 0.843750
vt 0.437500 0.843750
vt 0.437500 0.812500
vt 0.500000 0.906250
vt 0.437500 0.906250
s 0
usemtl controls
f 4041/3382/923 4042/3383/923 4044/3384/923 4043/3385/923
f 4043/3382/924 4044/3383/924 4048/3384/924 4047/3385/924
f 4047/3382/925 4048/3383/925 4046/3384/925 4045/3385/925
f 4045/3382/926 4046/3383/926 4042/3384/926 4041/3385/926
f 4048/3384/927 4044/3383/927 4042/3386/927 4046/3387/927
o WIDGET_41_CG_LENG_HIDE_INVERT_FULLBRIGHT_NOINTERACT_ALPHA
v -3.591607 1.762451 0.608468
v -3.587175 1.786191 0.608510
v -3.559508 1.756515 0.576137
v -3.555075 1.780253 0.576179
v -3.559836 1.756462 0.641111
v -3.555403 1.780201 0.641153
v -3.527736 1.750525 0.608781
v -3.523304 1.774264 0.608823
v -3.559947 1.757437 0.701504
v -3.650778 1.774560 0.608177
v -3.468180 1.740464 0.609072
v -3.559008 1.757587 0.515749
v -3.491297 1.745991 0.678434
v -3.627881 1.771494 0.677764
v -3.490598 1.746103 0.539491
v -3.627177 1.771606 0.538822
vn -0.6915 0.1304 -0.7105
vn 0.6987 -0.1292 -0.7037
vn 0.6915 -0.1304 0.7105
vn -0.6986 0.1292 0.7037
vn 0.1836 0.9830 0.0017
vn 0.1835 0.9830 0.0017
vt 0.500000 0.718750
vt 0.500000 0.750000
vt 0.437500 0.750000
vt 0.437500 0.718750
vt 0.500000 0.812500
vt 0.437500 0.812500
vt 0.750000 0.875000
vt 0.875000 0.875000
vt 0.875000 1.000000
vt 0.750000 1.000000
s 0
usemtl controls
f 4049/3388/928 4050/3389/928 4052/3390/928 4051/3391/928
f 4051/3388/929 4052/3389/929 4056/3390/929 4055/3391/929
f 4055/3388/930 4056/3389/930 4054/3390/930 4053/3391/930
f 4053/3388/931 4054/3389/931 4050/3390/931 4049/3391/931
f 4056/3390/932 4052/3389/932 4050/3392/932 4054/3393/932
f 4060/3394/933 4058/3395/933 4057/3396/933 4059/3397/933
f 4064/3394/933 4062/3395/933 4061/3396/933 4063/3397/933
o W42M
v -3.590552 1.762297 0.941151
v -3.586295 1.785096 0.941191
v -3.559508 1.756555 0.909882
v -3.555250 1.779354 0.909922
v -3.559825 1.756504 0.972720
v -3.555568 1.779303 0.972760
v -3.528781 1.750762 0.941453
v -3.524524 1.773562 0.941493
vn -0.6915 0.1304 -0.7105
vn 0.6987 -0.1292 -0.7037
vn 0.6915 -0.1304 0.7105
vn -0.6986 0.1292 0.7037
vn 0.1835 0.9830 0.0017
vt 0.500000 0.812500
vt 0.500000 0.843750
vt 0.437500 0.843750
vt 0.437500 0.812500
vt 0.500000 0.906250
vt 0.437500 0.906250
s 0
usemtl controls
f 4065/3398/934 4066/3399/934 4068/3400/934 4067/3401/934
f 4067/3398/935 4068/3399/935 4072/3400/935 4071/3401/935
f 4071/3398/936 4072/3399/936 4070/3400/936 4069/3401/936
f 4069/3398/937 4070/3399/937 4066/3400/937 4065/3401/937
f 4072/3400/938 4068/3399/938 4066/3402/938 4070/3403/938
o GAUGE_REVERSER_1_FULLBRIGHT_CG_LENG_HIDE_INVERT_ALPHA
v -3.394620 1.766207 0.301690
v -3.394620 1.766207 0.276883
v -3.388272 1.748275 0.301690
v -3.388272 1.748275 0.276883
vn 0.9427 0.3337 -0.0000
vt 0.621094 0.332031
vt 0.613281 0.332031
vt 0.613281 0.326172
vt 0.621094 0.326172
s 0
usemtl mat1
f 4074/3404/939 4073/3405/939 4075/3406/939 4076/3407/939
o WIDGET_42_CG_HL_HIDE_INVERT_FULLBRIGHT_NOINTERACT_ALPHA
v -3.591607 1.762451 0.940864
v -3.587175 1.786191 0.940906
v -3.559508 1.756515 0.908533
v -3.555075 1.780253 0.908575
v -3.559836 1.756462 0.973507
v -3.555403 1.780201 0.973549
v -3.527736 1.750525 0.941177
v -3.523304 1.774264 0.941219
v -3.559947 1.757437 1.033901
v -3.650778 1.774560 0.940574
v -3.468180 1.740464 0.941468
v -3.559008 1.757587 0.848145
v -3.491297 1.745991 1.010830
v -3.627881 1.771494 1.010160
v -3.490598 1.746103 0.871888
v -3.627177 1.771606 0.871219
vn -0.6915 0.1304 -0.7105
vn 0.6987 -0.1292 -0.7037
vn 0.6915 -0.1304 0.7105
vn -0.6986 0.1292 0.7037
vn 0.1836 0.9830 0.0017
vn 0.1835 0.9830 0.0017
vt 0.500000 0.718750
vt 0.500000 0.750000
vt 0.437500 0.750000
vt 0.437500 0.718750
vt 0.500000 0.812500
vt 0.437500 0.812500
vt 0.750000 0.875000
vt 0.875000 0.875000
vt 0.875000 1.000000
vt 0.750000 1.000000
s 0
usemtl controls
f 4077/3408/940 4078/3409/940 4080/3410/940 4079/3411/940
f 4079/3408/941 4080/3409/941 4084/3410/941 4083/3411/941
f 4083/3408/942 4084/3409/942 4082/3410/942 4081/3411/942
f 4081/3408/943 4082/3409/943 4078/3410/943 4077/3411/943
f 4084/3410/944 4080/3409/944 4078/3412/944 4082/3413/944
f 4088/3414/945 4086/3415/945 4085/3416/945 4087/3417/945
f 4092/3414/945 4090/3415/945 4089/3416/945 4091/3417/945
o W43M
v -3.459042 1.736871 0.666856
v -3.453900 1.759487 0.666929
v -3.428090 1.729934 0.635738
v -3.422947 1.752550 0.635812
v -3.428722 1.729874 0.698574
v -3.423580 1.752490 0.698647
v -3.397770 1.722937 0.667458
v -3.392628 1.745554 0.667532
vn -0.6824 0.1575 -0.7139
vn 0.6966 -0.1561 -0.7003
vn 0.6823 -0.1575 0.7139
vn -0.6966 0.1561 0.7003
vn 0.2217 0.9751 0.0032
vt 0.500000 0.812500
vt 0.500000 0.843750
vt 0.437500 0.843750
vt 0.437500 0.812500
vt 0.500000 0.906250
vt 0.437500 0.906250
s 0
usemtl controls
f 4093/3418/946 4094/3419/946 4096/3420/946 4095/3421/946
f 4095/3418/947 4096/3419/947 4100/3420/947 4099/3421/947
f 4099/3418/948 4100/3419/948 4098/3420/948 4097/3421/948
f 4097/3418/949 4098/3419/949 4094/3420/949 4093/3421/949
f 4100/3420/950 4096/3419/950 4094/3422/950 4098/3423/950
o WIDGET_44_CG_FRW_HIDE_INVERT_FULLBRIGHT_NOINTERACT_ALPHA
v -3.460089 1.737066 0.666564
v -3.454735 1.760615 0.666641
v -3.428085 1.729894 0.634390
v -3.422730 1.753442 0.634467
v -3.428739 1.729832 0.699361
v -3.423384 1.753380 0.699438
v -3.396734 1.722659 0.667188
v -3.391380 1.746208 0.667265
v -3.429113 1.730791 0.759754
v -3.518741 1.751473 0.665986
v -3.337617 1.710284 0.667769
v -3.427243 1.730967 0.574005
v -3.360847 1.716685 0.737019
v -3.496327 1.747493 0.735684
v -3.359452 1.716817 0.598082
v -3.494927 1.747625 0.596747
vn -0.6824 0.1575 -0.7139
vn 0.6966 -0.1561 -0.7003
vn 0.6823 -0.1575 0.7139
vn -0.6966 0.1561 0.7003
vn 0.2217 0.9751 0.0032
vt 0.500000 0.718750
vt 0.500000 0.750000
vt 0.437500 0.750000
vt 0.437500 0.718750
vt 0.500000 0.812500
vt 0.437500 0.812500
vt 0.750000 0.875000
vt 0.875000 0.875000
vt 0.875000 1.000000
vt 0.750000 1.000000
s 0
usemtl controls
f 4101/3424/951 4102/3425/951 4104/3426/951 4103/3427/951
f 4103/3424/952 4104/3425/952 4108/3426/952 4107/3427/952
f 4107/3424/953 4108/3425/953 4106/3426/953 4105/3427/953
f 4105/3424/954 4106/3425/954 4102/3426/954 4101/3427/954
f 4108/3426/955 4104/3425/955 4102/3428/955 4106/3429/955
f 4112/3430/955 4110/3431/955 4109/3432/955 4111/3433/955
f 4116/3430/955 4114/3431/955 4113/3432/955 4115/3433/955
o W43M.001
v -3.459042 1.736871 0.733813
v -3.453900 1.759487 0.733886
v -3.428090 1.729934 0.702696
v -3.422947 1.752550 0.702769
v -3.428722 1.729874 0.765531
v -3.423580 1.752490 0.765604
v -3.397770 1.722937 0.734416
v -3.392628 1.745554 0.734489
vn -0.6824 0.1575 -0.7139
vn 0.6966 -0.1561 -0.7003
vn 0.6823 -0.1575 0.7139
vn -0.6966 0.1561 0.7003
vn 0.2217 0.9751 0.0032
vt 0.500000 0.812500
vt 0.500000 0.843750
vt 0.437500 0.843750
vt 0.437500 0.812500
vt 0.500000 0.906250
vt 0.437500 0.906250
s 0
usemtl controls
f 4117/3434/956 4118/3435/956 4120/3436/956 4119/3437/956
f 4119/3434/957 4120/3435/957 4124/3436/957 4123/3437/957
f 4123/3434/958 4124/3435/958 4122/3436/958 4121/3437/958
f 4121/3434/959 4122/3435/959 4118/3436/959 4117/3437/959
f 4124/3436/960 4120/3435/960 4118/3438/960 4122/3439/960
o WIDGET_43_CG_FLW_HIDE_INVERT_FULLBRIGHT_NOINTERACT_ALPHA
v -3.460089 1.737066 0.733521
v -3.454735 1.760615 0.733598
v -3.428085 1.729894 0.701347
v -3.422730 1.753442 0.701424
v -3.428739 1.729832 0.766319
v -3.423384 1.753380 0.766395
v -3.396734 1.722659 0.734145
v -3.391380 1.746208 0.734222
v -3.429113 1.730791 0.826711
v -3.518741 1.751473 0.732943
v -3.337617 1.710284 0.734727
v -3.427243 1.730967 0.640963
v -3.360847 1.716685 0.803976
v -3.496327 1.747493 0.802641
v -3.359452 1.716817 0.665039
v -3.494927 1.747625 0.663705
vn -0.6824 0.1575 -0.7139
vn 0.6966 -0.1561 -0.7003
vn 0.6823 -0.1575 0.7139
vn -0.6966 0.1561 0.7003
vn 0.2217 0.9751 0.0032
vt 0.500000 0.718750
vt 0.500000 0.750000
vt 0.437500 0.750000
vt 0.437500 0.718750
vt 0.500000 0.812500
vt 0.437500 0.812500
vt 0.750000 0.875000
vt 0.875000 0.875000
vt 0.875000 1.000000
vt 0.750000 1.000000
s 0
usemtl controls
f 4125/3440/961 4126/3441/961 4128/3442/961 4127/3443/961
f 4127/3440/962 4128/3441/962 4132/3442/962 4131/3443/962
f 4131/3440/963 4132/3441/963 4130/3442/963 4129/3443/963
f 4129/3440/964 4130/3441/964 4126/3442/964 4125/3443/964
f 4132/3442/965 4128/3441/965 4126/3444/965 4130/3445/965
f 4136/3446/965 4134/3447/965 4133/3448/965 4135/3449/965
f 4140/3446/965 4138/3447/965 4137/3448/965 4139/3449/965
o W43M.002
v -3.379682 1.719631 0.666856
v -3.374540 1.742247 0.666929
v -3.348730 1.712694 0.635738
v -3.343587 1.735309 0.635812
v -3.349362 1.712634 0.698574
v -3.344220 1.735250 0.698647
v -3.318410 1.705697 0.667458
v -3.313268 1.728313 0.667532
vn -0.6824 0.1575 -0.7139
vn 0.6966 -0.1561 -0.7003
vn 0.6823 -0.1575 0.7139
vn -0.6966 0.1561 0.7003
vn 0.2217 0.9751 0.0032
vt 0.125000 0.812500
vt 0.125000 0.843750
vt 0.062500 0.843750
vt 0.062500 0.812500
vt 0.125000 0.906250
vt 0.062500 0.906250
s 0
usemtl controls
f 4141/3450/966 4142/3451/966 4144/3452/966 4143/3453/966
f 4143/3450/967 4144/3451/967 4148/3452/967 4147/3453/967
f 4147/3450/968 4148/3451/968 4146/3452/968 4145/3453/968
f 4145/3450/969 4146/3451/969 4142/3452/969 4141/3453/969
f 4148/3452/970 4144/3451/970 4142/3454/970 4146/3455/970
o WIDGET_46_CG_FRR_HIDE_INVERT_FULLBRIGHT_NOINTERACT_ALPHA
v -3.380729 1.719826 0.666564
v -3.375375 1.743375 0.666641
v -3.348725 1.712654 0.634390
v -3.343370 1.736202 0.634467
v -3.349378 1.712592 0.699361
v -3.344024 1.736140 0.699438
v -3.317374 1.705419 0.667188
v -3.312020 1.728968 0.667265
v -3.349752 1.713550 0.759754
v -3.439381 1.734233 0.665986
v -3.258257 1.693044 0.667769
v -3.347883 1.713727 0.574005
v -3.281487 1.699444 0.737019
v -3.416967 1.730253 0.735684
v -3.280092 1.699577 0.598082
v -3.415567 1.730384 0.596747
vn -0.6824 0.1575 -0.7139
vn 0.6966 -0.1561 -0.7003
vn 0.6823 -0.1575 0.7139
vn -0.6966 0.1561 0.7003
vn 0.2217 0.9751 0.0032
vt 0.125000 0.718750
vt 0.125000 0.750000
vt 0.062500 0.750000
vt 0.062500 0.718750
vt 0.125000 0.812500
vt 0.062500 0.812500
vt 0.750000 0.125000
vt 0.875000 0.125000
vt 0.875000 0.250000
vt 0.750000 0.250000
s 0
usemtl controls
f 4149/3456/971 4150/3457/971 4152/3458/971 4151/3459/971
f 4151/3456/972 4152/3457/972 4156/3458/972 4155/3459/972
f 4155/3456/973 4156/3457/973 4154/3458/973 4153/3459/973
f 4153/3456/974 4154/3457/974 4150/3458/974 4149/3459/974
f 4156/3458/975 4152/3457/975 4150/3460/975 4154/3461/975
f 4160/3462/975 4158/3463/975 4157/3464/975 4159/3465/975
f 4164/3462/975 4162/3463/975 4161/3464/975 4163/3465/975
o W43M.003
v -3.379682 1.719631 0.733813
v -3.374540 1.742247 0.733886
v -3.348730 1.712694 0.702696
v -3.343587 1.735309 0.702769
v -3.349362 1.712634 0.765531
v -3.344220 1.735250 0.765604
v -3.318410 1.705697 0.734416
v -3.313268 1.728313 0.734489
vn -0.6824 0.1575 -0.7139
vn 0.6966 -0.1561 -0.7003
vn 0.6823 -0.1575 0.7139
vn -0.6966 0.1561 0.7003
vn 0.2217 0.9751 0.0032
vt 0.125000 0.812500
vt 0.125000 0.843750
vt 0.062500 0.843750
vt 0.062500 0.812500
vt 0.125000 0.906250
vt 0.062500 0.906250
s 0
usemtl controls
f 4165/3466/976 4166/3467/976 4168/3468/976 4167/3469/976
f 4167/3466/977 4168/3467/977 4172/3468/977 4171/3469/977
f 4171/3466/978 4172/3467/978 4170/3468/978 4169/3469/978
f 4169/3466/979 4170/3467/979 4166/3468/979 4165/3469/979
f 4172/3468/980 4168/3467/980 4166/3470/980 4170/3471/980
o WIDGET_45_CG_FLR_HIDE_INVERT_FULLBRIGHT_NOINTERACT_ALPHA
v -3.380729 1.719826 0.733521
v -3.375375 1.743375 0.733598
v -3.348725 1.712654 0.701347
v -3.343370 1.736202 0.701424
v -3.349378 1.712592 0.766319
v -3.344024 1.736140 0.766395
v -3.317374 1.705419 0.734145
v -3.312020 1.728968 0.734222
v -3.349752 1.713550 0.826711
v -3.439381 1.734233 0.732943
v -3.258257 1.693044 0.734727
v -3.347883 1.713727 0.640963
v -3.281487 1.699444 0.803976
v -3.416967 1.730253 0.802641
v -3.280092 1.699577 0.665039
v -3.415567 1.730384 0.663705
vn -0.6824 0.1575 -0.7139
vn 0.6966 -0.1561 -0.7003
vn 0.6823 -0.1575 0.7139
vn -0.6966 0.1561 0.7003
vn 0.2217 0.9751 0.0032
vt 0.125000 0.718750
vt 0.125000 0.750000
vt 0.062500 0.750000
vt 0.062500 0.718750
vt 0.125000 0.812500
vt 0.062500 0.812500
vt 0.750000 0.125000
vt 0.875000 0.125000
vt 0.875000 0.250000
vt 0.750000 0.250000
s 0
usemtl controls
f 4173/3472/981 4174/3473/981 4176/3474/981 4175/3475/981
f 4175/3472/982 4176/3473/982 4180/3474/982 4179/3475/982
f 4179/3472/983 4180/3473/983 4178/3474/983 4177/3475/983
f 4177/3472/984 4178/3473/984 4174/3474/984 4173/3475/984
f 4180/3474/985 4176/3473/985 4174/3476/985 4178/3477/985
f 4184/3478/985 4182/3479/985 4181/3480/985 4183/3481/985
f 4188/3478/985 4186/3479/985 4185/3480/985 4187/3481/985
o W43M.004
v -3.304161 1.702064 0.666856
v -3.299018 1.724679 0.666929
v -3.273209 1.695127 0.635738
v -3.268065 1.717742 0.635812
v -3.273840 1.695067 0.698574
v -3.268698 1.717682 0.698647
v -3.242888 1.688130 0.667458
v -3.237746 1.710746 0.667532
vn -0.6824 0.1575 -0.7139
vn 0.6966 -0.1561 -0.7003
vn 0.6823 -0.1575 0.7139
vn -0.6966 0.1561 0.7003
vn 0.2217 0.9751 0.0032
vt 0.125000 0.812500
vt 0.125000 0.843750
vt 0.062500 0.843750
vt 0.062500 0.812500
vt 0.125000 0.906250
vt 0.062500 0.906250
s 0
usemtl controls
f 4189/3482/986 4190/3483/986 4192/3484/986 4191/3485/986
f 4191/3482/987 4192/3483/987 4196/3484/987 4195/3485/987
f 4195/3482/988 4196/3483/988 4194/3484/988 4193/3485/988
f 4193/3482/989 4194/3483/989 4190/3484/989 4189/3485/989
f 4196/3484/990 4192/3483/990 4190/3486/990 4194/3487/990
o WIDGET_48_CG_BRR_HIDE_INVERT_FULLBRIGHT_NOINTERACT_ALPHA
v -3.305207 1.702259 0.666564
v -3.299854 1.725808 0.666641
v -3.273203 1.695087 0.634390
v -3.267849 1.718634 0.634467
v -3.273857 1.695025 0.699361
v -3.268502 1.718573 0.699438
v -3.241852 1.687852 0.667188
v -3.236498 1.711400 0.667265
v -3.274231 1.695983 0.759754
v -3.363859 1.716665 0.665986
v -3.182735 1.675477 0.667769
v -3.272361 1.696159 0.574005
v -3.205965 1.681877 0.737019
v -3.341446 1.712685 0.735684
v -3.204570 1.682009 0.598082
v -3.340046 1.712817 0.596747
vn -0.6824 0.1575 -0.7139
vn 0.6966 -0.1561 -0.7003
vn 0.6823 -0.1575 0.7139
vn -0.6966 0.1561 0.7003
vn 0.2217 0.9751 0.0032
vt 0.125000 0.718750
vt 0.125000 0.750000
vt 0.062500 0.750000
vt 0.062500 0.718750
vt 0.125000 0.812500
vt 0.062500 0.812500
vt 0.750000 0.125000
vt 0.875000 0.125000
vt 0.875000 0.250000
vt 0.750000 0.250000
s 0
usemtl controls
f 4197/3488/991 4198/3489/991 4200/3490/991 4199/3491/991
f 4199/3488/992 4200/3489/992 4204/3490/992 4203/3491/992
f 4203/3488/993 4204/3489/993 4202/3490/993 4201/3491/993
f 4201/3488/994 4202/3489/994 4198/3490/994 4197/3491/994
f 4204/3490/995 4200/3489/995 4198/3492/995 4202/3493/995
f 4208/3494/995 4206/3495/995 4205/3496/995 4207/3497/995
f 4212/3494/995 4210/3495/995 4209/3496/995 4211/3497/995
o W43M.005
v -3.304161 1.702064 0.733813
v -3.299018 1.724679 0.733886
v -3.273209 1.695127 0.702696
v -3.268065 1.717742 0.702769
v -3.273840 1.695067 0.765531
v -3.268698 1.717682 0.765604
v -3.242888 1.688130 0.734416
v -3.237746 1.710746 0.734489
vn -0.6824 0.1575 -0.7139
vn 0.6966 -0.1561 -0.7003
vn 0.6823 -0.1575 0.7139
vn -0.6966 0.1561 0.7003
vn 0.2217 0.9751 0.0032
vt 0.125000 0.812500
vt 0.125000 0.843750
vt 0.062500 0.843750
vt 0.062500 0.812500
vt 0.125000 0.906250
vt 0.062500 0.906250
s 0
usemtl controls
f 4213/3498/996 4214/3499/996 4216/3500/996 4215/3501/996
f 4215/3498/997 4216/3499/997 4220/3500/997 4219/3501/997
f 4219/3498/998 4220/3499/998 4218/3500/998 4217/3501/998
f 4217/3498/999 4218/3499/999 4214/3500/999 4213/3501/999
f 4220/3500/1000 4216/3499/1000 4214/3502/1000 4218/3503/1000
o WIDGET_47_CG_BLR_HIDE_INVERT_FULLBRIGHT_NOINTERACT_ALPHA
v -3.305207 1.702259 0.733521
v -3.299854 1.725808 0.733598
v -3.273203 1.695087 0.701347
v -3.267849 1.718634 0.701424
v -3.273857 1.695025 0.766319
v -3.268502 1.718573 0.766395
v -3.241852 1.687852 0.734145
v -3.236498 1.711400 0.734222
v -3.274231 1.695983 0.826711
v -3.363859 1.716665 0.732943
v -3.182735 1.675477 0.734727
v -3.272361 1.696159 0.640963
v -3.205965 1.681877 0.803976
v -3.341446 1.712685 0.802641
v -3.204570 1.682009 0.665039
v -3.340046 1.712817 0.663705
vn -0.6824 0.1575 -0.7139
vn 0.6966 -0.1561 -0.7003
vn 0.6823 -0.1575 0.7139
vn -0.6966 0.1561 0.7003
vn 0.2217 0.9751 0.0032
vt 0.125000 0.718750
vt 0.125000 0.750000
vt 0.062500 0.750000
vt 0.062500 0.718750
vt 0.125000 0.812500
vt 0.062500 0.812500
vt 0.750000 0.125000
vt 0.875000 0.125000
vt 0.875000 0.250000
vt 0.750000 0.250000
s 0
usemtl controls
f 4221/3504/1001 4222/3505/1001 4224/3506/1001 4223/3507/1001
f 4223/3504/1002 4224/3505/1002 4228/3506/1002 4227/3507/1002
f 4227/3504/1003 4228/3505/1003 4226/3506/1003 4225/3507/1003
f 4225/3504/1004 4226/3505/1004 4222/3506/1004 4221/3507/1004
f 4228/3506/1005 4224/3505/1005 4222/3508/1005 4226/3509/1005
f 4232/3510/1005 4230/3511/1005 4229/3512/1005 4231/3513/1005
f 4236/3510/1005 4234/3511/1005 4233/3512/1005 4235/3513/1005
o W43M.006
v -3.229629 1.685429 0.666856
v -3.224487 1.708044 0.666929
v -3.198677 1.678491 0.635738
v -3.193533 1.701107 0.635812
v -3.199309 1.678432 0.698574
v -3.194166 1.701047 0.698647
v -3.168356 1.671494 0.667458
v -3.163214 1.694111 0.667532
vn -0.6824 0.1575 -0.7139
vn 0.6966 -0.1561 -0.7003
vn 0.6823 -0.1575 0.7139
vn -0.6966 0.1561 0.7003
vn 0.2217 0.9751 0.0032
vt 0.500000 0.812500
vt 0.500000 0.843750
vt 0.437500 0.843750
vt 0.437500 0.812500
vt 0.500000 0.906250
vt 0.437500 0.906250
s 0
usemtl controls
f 4237/3514/1006 4238/3515/1006 4240/3516/1006 4239/3517/1006
f 4239/3514/1007 4240/3515/1007 4244/3516/1007 4243/3517/1007
f 4243/3514/1008 4244/3515/1008 4242/3516/1008 4241/3517/1008
f 4241/3514/1009 4242/3515/1009 4238/3516/1009 4237/3517/1009
f 4244/3516/1010 4240/3515/1010 4238/3518/1010 4242/3519/1010
o WIDGET_50_CG_BRW_HIDE_INVERT_FULLBRIGHT_NOINTERACT_ALPHA
v -3.230676 1.685624 0.666564
v -3.225322 1.709173 0.666641
v -3.198672 1.678452 0.634390
v -3.193317 1.701999 0.634467
v -3.199325 1.678390 0.699361
v -3.193971 1.701938 0.699438
v -3.167320 1.671217 0.667188
v -3.161967 1.694765 0.667265
v -3.199699 1.679348 0.759754
v -3.289328 1.700030 0.665986
v -3.108203 1.658842 0.667769
v -3.197829 1.679524 0.574005
v -3.131433 1.665242 0.737019
v -3.266914 1.696050 0.735684
v -3.130038 1.665374 0.598082
v -3.265514 1.696182 0.596747
vn -0.6824 0.1575 -0.7139
vn 0.6966 -0.1561 -0.7003
vn 0.6823 -0.1575 0.7139
vn -0.6966 0.1561 0.7003
vn 0.2217 0.9751 0.0032
vt 0.500000 0.718750
vt 0.500000 0.750000
vt 0.437500 0.750000
vt 0.437500 0.718750
vt 0.500000 0.812500
vt 0.437500 0.812500
vt 0.750000 0.875000
vt 0.875000 0.875000
vt 0.875000 1.000000
vt 0.750000 1.000000
s 0
usemtl controls
f 4245/3520/1011 4246/3521/1011 4248/3522/1011 4247/3523/1011
f 4247/3520/1012 4248/3521/1012 4252/3522/1012 4251/3523/1012
f 4251/3520/1013 4252/3521/1013 4250/3522/1013 4249/3523/1013
f 4249/3520/1014 4250/3521/1014 4246/3522/1014 4245/3523/1014
f 4252/3522/1015 4248/3521/1015 4246/3524/1015 4250/3525/1015
f 4256/3526/1015 4254/3527/1015 4253/3528/1015 4255/3529/1015
f 4260/3526/1015 4258/3527/1015 4257/3528/1015 4259/3529/1015
o W43M.007
v -3.229629 1.685429 0.733813
v -3.224487 1.708044 0.733886
v -3.198677 1.678491 0.702696
v -3.193533 1.701107 0.702769
v -3.199309 1.678432 0.765531
v -3.194166 1.701047 0.765604
v -3.168356 1.671494 0.734416
v -3.163214 1.694111 0.734489
vn -0.6824 0.1575 -0.7139
vn 0.6966 -0.1561 -0.7003
vn 0.6823 -0.1575 0.7139
vn -0.6966 0.1561 0.7003
vn 0.2217 0.9751 0.0032
vt 0.500000 0.812500
vt 0.500000 0.843750
vt 0.437500 0.843750
vt 0.437500 0.812500
vt 0.500000 0.906250
vt 0.437500 0.906250
s 0
usemtl controls
f 4261/3530/1016 4262/3531/1016 4264/3532/1016 4263/3533/1016
f 4263/3530/1017 4264/3531/1017 4268/3532/1017 4267/3533/1017
f 4267/3530/1018 4268/3531/1018 4266/3532/1018 4265/3533/1018
f 4265/3530/1019 4266/3531/1019 4262/3532/1019 4261/3533/1019
f 4268/3532/1020 4264/3531/1020 4262/3534/1020 4266/3535/1020
o WIDGET_49_CG_BLW_HIDE_INVERT_FULLBRIGHT_NOINTERACT_ALPHA
v -3.230676 1.685624 0.733521
v -3.225322 1.709173 0.733598
v -3.198672 1.678452 0.701347
v -3.193317 1.701999 0.701424
v -3.199325 1.678390 0.766319
v -3.193971 1.701938 0.766395
v -3.167320 1.671217 0.734145
v -3.161967 1.694765 0.734222
v -3.199699 1.679348 0.826711
v -3.289328 1.700030 0.732943
v -3.108203 1.658842 0.734727
v -3.197829 1.679524 0.640963
v -3.131433 1.665242 0.803976
v -3.266914 1.696050 0.802641
v -3.130038 1.665374 0.665039
v -3.265514 1.696182 0.663705
vn -0.6824 0.1575 -0.7139
vn 0.6966 -0.1561 -0.7003
vn 0.6823 -0.1575 0.7139
vn -0.6966 0.1561 0.7003
vn 0.2217 0.9751 0.0032
vt 0.500000 0.718750
vt 0.500000 0.750000
vt 0.437500 0.750000
vt 0.437500 0.718750
vt 0.500000 0.812500
vt 0.437500 0.812500
vt 0.750000 0.875000
vt 0.875000 0.875000
vt 0.875000 1.000000
vt 0.750000 1.000000
s 0
usemtl controls
f 4269/3536/1021 4270/3537/1021 4272/3538/1021 4271/3539/1021
f 4271/3536/1022 4272/3537/1022 4276/3538/1022 4275/3539/1022
f 4275/3536/1023 4276/3537/1023 4274/3538/1023 4273/3539/1023
f 4273/3536/1024 4274/3537/1024 4270/3538/1024 4269/3539/1024
f 4276/3538/1025 4272/3537/1025 4270/3540/1025 4274/3541/1025
f 4280/3542/1025 4278/3543/1025 4277/3544/1025 4279/3545/1025
f 4284/3542/1025 4282/3543/1025 4281/3544/1025 4283/3545/1025
o WIDGET_1_ROT_-80_INTERIOR_LCG_IL_mvp_gept
v -3.535635 1.752792 1.070125
v -3.561058 1.734621 1.070125
v -3.535635 1.752792 1.007626
v -3.561058 1.734621 1.007626
v -3.553807 1.778216 1.070125
v -3.579231 1.760044 1.070125
v -3.553807 1.778216 1.007626
v -3.579231 1.760044 1.007626
vn -0.5815 0.8136 -0.0000
vn -0.0000 -0.0000 -1.0000
vn 0.8136 0.5815 -0.0000
vn -0.0000 -0.0000 1.0000
vn 0.5815 -0.8136 -0.0000
vn -0.8135 -0.5815 -0.0000
vt 0.031250 0.015625
vt 0.046875 0.015625
vt 0.046875 0.031250
vt 0.031250 0.031250
vt 0.046875 0.062500
vt 0.062500 0.062500
vt 0.062500 0.078125
vt 0.046875 0.078125
vt 0.031250 0.062500
vt 0.031250 0.078125
vt 0.015625 0.062500
vt 0.015625 0.078125
vt 0.031250 0.046875
vt 0.046875 0.046875
s 1
usemtl controls
f 4289/3546/1026 4291/3547/1026 4292/3548/1026 4290/3549/1026
f 4287/3550/1027 4288/3551/1027 4292/3552/1027 4291/3553/1027
f 4285/3554/1028 4287/3550/1028 4291/3553/1028 4289/3555/1028
f 4286/3556/1029 4285/3554/1029 4289/3555/1029 4290/3557/1029
f 4286/3558/1030 4288/3559/1030 4287/3550/1030 4285/3554/1030
f 4292/3548/1031 4288/3559/1031 4286/3558/1031 4290/3549/1031
o WIDGET_1_TOGGLE_INTERIOR_CG_HL_LCG_IL_LABEL_Front^HeadLight
v -3.536033 1.750906 1.054500
v -3.562944 1.735020 1.054500
v -3.536033 1.750906 1.023251
v -3.562944 1.735020 1.023251
v -3.567807 1.804727 1.054500
v -3.594718 1.788841 1.054500
v -3.567807 1.804727 1.023251
v -3.594718 1.788841 1.023251
vn -0.5084 0.8612 -0.0000
vn -0.8611 -0.5084 -0.0000
vn -0.0000 -0.0000 -1.0000
vn 0.8611 0.5084 -0.0000
vn -0.0000 -0.0000 1.0000
vt 0.062500 0.015625
vt 0.078125 0.015625
vt 0.078125 0.031250
vt 0.062500 0.031250
vt 0.093750 0.031250
vt 0.093750 0.046875
vt 0.078125 0.046875
vt 0.093750 0.015625
vt 0.093750 0.062500
vt 0.093750 0.078125
vt 0.078125 0.078125
vt 0.078125 0.062500
s 1
usemtl controls
f 4297/3560/1032 4299/3561/1032 4300/3562/1032 4298/3563/1032
f 4296/3564/1033 4294/3565/1033 4298/3566/1033 4300/3562/1033
f 4295/3567/1034 4296/3564/1034 4300/3562/1034 4299/3561/1034
f 4293/3568/1035 4295/3569/1035 4299/3570/1035 4297/3571/1035
f 4294/3565/1036 4293/3568/1036 4297/3571/1036 4298/3566/1036
o WIDGET_3_TOGGLE_INTERIOR_CG_BLW_LABEL_Left^Rear^Buffer
v -3.326724 1.706678 1.181901
v -3.321445 1.729262 1.181901
v -3.296128 1.699528 1.150482
v -3.290851 1.722112 1.150482
v -3.296129 1.699527 1.213321
v -3.290851 1.722112 1.213321
v -3.265533 1.692378 1.181901
v -3.260255 1.714962 1.181901
vn -0.6885 0.1609 -0.7071
vn 0.6885 -0.1609 -0.7071
vn 0.6886 -0.1609 0.7071
vn -0.6886 0.1609 0.7071
vn 0.2276 0.9738 -0.0000
vt 0.062500 0.906250
vt 0.062500 0.937500
vt 0.000000 0.937500
vt 0.000000 0.906250
vt 0.062500 1.000000
vt 0.000000 1.000000
s 0
usemtl controls
f 4301/3572/1037 4302/3573/1037 4304/3574/1037 4303/3575/1037
f 4303/3572/1038 4304/3573/1038 4308/3574/1038 4307/3575/1038
f 4307/3572/1039 4308/3573/1039 4306/3574/1039 4305/3575/1039
f 4305/3572/1040 4306/3573/1040 4302/3574/1040 4301/3575/1040
f 4308/3574/1041 4304/3573/1041 4302/3576/1041 4306/3577/1041
o WIDGET_4_TOGGLE_INTERIOR_CG_FLW_LABEL_Left^Front^Buffer
v -3.452528 1.734274 1.181901
v -3.447251 1.756859 1.181901
v -3.421932 1.727125 1.150482
v -3.416655 1.749709 1.150482
v -3.421934 1.727124 1.213321
v -3.416655 1.749709 1.213321
v -3.391338 1.719975 1.181901
v -3.386060 1.742559 1.181901
vn -0.6885 0.1609 -0.7071
vn 0.6886 -0.1609 -0.7071
vn 0.6886 -0.1609 0.7071
vn -0.6886 0.1609 0.7071
vn 0.2276 0.9738 -0.0000
vt 0.062500 0.906250
vt 0.062500 0.937500
vt 0.000000 0.937500
vt 0.000000 0.906250
vt 0.062500 1.000000
vt 0.000000 1.000000
s 0
usemtl controls
f 4309/3578/1042 4310/3579/1042 4312/3580/1042 4311/3581/1042
f 4311/3578/1043 4312/3579/1043 4316/3580/1043 4315/3581/1043
f 4315/3578/1044 4316/3579/1044 4314/3580/1044 4313/3581/1044
f 4313/3578/1045 4314/3579/1045 4310/3580/1045 4309/3581/1045
f 4316/3580/1046 4312/3579/1046 4310/3582/1046 4314/3583/1046
o WIDGET_5_TOGGLE_INTERIOR_CG_BRW_LABEL_Right^Rear^Buffer
v -3.326724 1.706678 1.089370
v -3.321445 1.729263 1.089370
v -3.296129 1.699528 1.057950
v -3.290851 1.722112 1.057950
v -3.296129 1.699527 1.120789
v -3.290851 1.722112 1.120789
v -3.265533 1.692378 1.089370
v -3.260255 1.714962 1.089370
vn -0.6886 0.1609 -0.7071
vn 0.6886 -0.1609 -0.7071
vn 0.6885 -0.1609 0.7071
vn -0.6885 0.1609 0.7071
vn 0.2276 0.9738 -0.0000
vt 0.062500 0.906250
vt 0.062500 0.937500
vt 0.000000 0.937500
vt 0.000000 0.906250
vt 0.062500 1.000000
vt 0.000000 1.000000
s 0
usemtl controls
f 4317/3584/1047 4318/3585/1047 4320/3586/1047 4319/3587/1047
f 4319/3584/1048 4320/3585/1048 4324/3586/1048 4323/3587/1048
f 4323/3584/1049 4324/3585/1049 4322/3586/1049 4321/3587/1049
f 4321/3584/1050 4322/3585/1050 4318/3586/1050 4317/3587/1050
f 4324/3586/1051 4320/3585/1051 4318/3588/1051 4322/3589/1051
o WIDGET_6_TOGGLE_INTERIOR_CG_FRW_LABEL_Right^FrontBuffer
v -3.452528 1.734274 1.089370
v -3.447251 1.756860 1.089370
v -3.421934 1.727125 1.057950
v -3.416655 1.749709 1.057950
v -3.421934 1.727124 1.120789
v -3.416655 1.749709 1.120789
v -3.391338 1.719975 1.089370
v -3.386060 1.742559 1.089370
vn -0.6886 0.1609 -0.7071
vn 0.6886 -0.1609 -0.7071
vn 0.6885 -0.1609 0.7071
vn -0.6885 0.1609 0.7071
vn 0.2276 0.9738 -0.0000
vt 0.062500 0.906250
vt 0.062500 0.937500
vt 0.000000 0.937500
vt 0.000000 0.906250
vt 0.062500 1.000000
vt 0.000000 1.000000
s 0
usemtl controls
f 4325/3590/1052 4326/3591/1052 4328/3592/1052 4327/3593/1052
f 4327/3590/1053 4328/3591/1053 4332/3592/1053 4331/3593/1053
f 4331/3590/1054 4332/3591/1054 4330/3592/1054 4329/3593/1054
f 4329/3590/1055 4330/3591/1055 4326/3592/1055 4325/3593/1055
f 4332/3592/1056 4328/3591/1056 4326/3594/1056 4330/3595/1056
o WIDGET_7_TOGGLE_INTERIOR_CG_BRR_LABEL_Right^Rear^Red
v -3.326728 1.706662 0.866167
v -3.321449 1.729247 0.866167
v -3.296132 1.699512 0.834747
v -3.290854 1.722097 0.834747
v -3.296132 1.699512 0.897586
v -3.290854 1.722097 0.897586
v -3.265537 1.692362 0.866167
v -3.260259 1.714947 0.866167
vn -0.6886 0.1609 -0.7071
vn 0.6886 -0.1609 -0.7071
vn 0.6886 -0.1609 0.7071
vn -0.6885 0.1609 0.7071
vn 0.2276 0.9738 -0.0000
vt 0.062500 0.906250
vt 0.062500 0.937500
vt 0.000000 0.937500
vt 0.000000 0.906250
vt 0.125000 0.937500
vt 0.125000 1.000000
vt 0.062500 1.000000
s 0
usemtl controls
f 4333/3596/1057 4334/3597/1057 4336/3598/1057 4335/3599/1057
f 4335/3596/1058 4336/3597/1058 4340/3598/1058 4339/3599/1058
f 4339/3596/1059 4340/3597/1059 4338/3598/1059 4337/3599/1059
f 4337/3596/1060 4338/3597/1060 4334/3598/1060 4333/3599/1060
f 4340/3597/1061 4336/3600/1061 4334/3601/1061 4338/3602/1061
o WIDGET_8_TOGGLE_INTERIOR_CG_BLR_LABEL_Left^Rear^Red
v -3.326724 1.706678 0.965811
v -3.321445 1.729263 0.965811
v -3.296129 1.699528 0.934391
v -3.290851 1.722112 0.934391
v -3.296129 1.699527 0.997230
v -3.290851 1.722112 0.997230
v -3.265533 1.692378 0.965811
v -3.260255 1.714962 0.965811
vn -0.6886 0.1609 -0.7071
vn 0.6886 -0.1609 -0.7071
vn 0.6885 -0.1609 0.7071
vn -0.6885 0.1609 0.7071
vn 0.2276 0.9738 -0.0000
vt 0.062500 0.906250
vt 0.062500 0.937500
vt 0.000000 0.937500
vt 0.000000 0.906250
vt 0.125000 0.937500
vt 0.125000 1.000000
vt 0.062500 1.000000
s 0
usemtl controls
f 4341/3603/1062 4342/3604/1062 4344/3605/1062 4343/3606/1062
f 4343/3603/1063 4344/3604/1063 4348/3605/1063 4347/3606/1063
f 4347/3603/1064 4348/3604/1064 4346/3605/1064 4345/3606/1064
f 4345/3603/1065 4346/3604/1065 4342/3605/1065 4341/3606/1065
f 4348/3604/1066 4344/3607/1066 4342/3608/1066 4346/3609/1066
o WIDGET_9_TOGGLE_INTERIOR_CG_FLR_LABEL_Left^Front^Red
v -3.452528 1.734274 0.965811
v -3.447251 1.756860 0.965811
v -3.421934 1.727125 0.934391
v -3.416655 1.749709 0.934391
v -3.421934 1.727124 0.997230
v -3.416655 1.749709 0.997230
v -3.391338 1.719975 0.965811
v -3.386060 1.742559 0.965811
vn -0.6886 0.1609 -0.7071
vn 0.6886 -0.1609 -0.7071
vn 0.6885 -0.1609 0.7071
vn -0.6885 0.1609 0.7071
vn 0.2276 0.9738 -0.0000
vt 0.062500 0.906250
vt 0.062500 0.937500
vt 0.000000 0.937500
vt 0.000000 0.906250
vt 0.125000 0.937500
vt 0.125000 1.000000
vt 0.062500 1.000000
s 0
usemtl controls
f 4349/3610/1067 4350/3611/1067 4352/3612/1067 4351/3613/1067
f 4351/3610/1068 4352/3611/1068 4356/3612/1068 4355/3613/1068
f 4355/3610/1069 4356/3611/1069 4354/3612/1069 4353/3613/1069
f 4353/3610/1070 4354/3611/1070 4350/3612/1070 4349/3613/1070
f 4356/3611/1071 4352/3614/1071 4350/3615/1071 4354/3616/1071
o WIDGET_10_TOGGLE_INTERIOR_CG_FRR_LABEL_Right^Front^Red
v -3.452528 1.734274 0.866167
v -3.447251 1.756860 0.866167
v -3.421934 1.727125 0.834747
v -3.416655 1.749709 0.834747
v -3.421934 1.727124 0.897586
v -3.416655 1.749709 0.897586
v -3.391338 1.719975 0.866167
v -3.386060 1.742559 0.866167
vn -0.6886 0.1609 -0.7071
vn 0.6886 -0.1609 -0.7071
vn 0.6885 -0.1609 0.7071
vn -0.6885 0.1609 0.7071
vn 0.2276 0.9738 -0.0000
vt 0.062500 0.906250
vt 0.062500 0.937500
vt 0.000000 0.937500
vt 0.000000 0.906250
vt 0.125000 0.937500
vt 0.125000 1.000000
vt 0.062500 1.000000
s 0
usemtl controls
f 4357/3617/1072 4358/3618/1072 4360/3619/1072 4359/3620/1072
f 4359/3617/1073 4360/3618/1073 4364/3619/1073 4363/3620/1073
f 4363/3617/1074 4364/3618/1074 4362/3619/1074 4361/3620/1074
f 4361/3617/1075 4362/3618/1075 4358/3619/1075 4357/3620/1075
f 4364/3618/1076 4360/3621/1076 4358/3622/1076 4362/3623/1076
