# Blender 3.6.0
# www.blender.org
mtllib monorail_head.mtl
o FRAME
v -3.413341 1.279976 1.792352
v -3.413341 2.737691 1.672867
v -1.477688 2.737691 1.672867
v -1.477688 1.279976 1.792352
v -1.668864 1.279976 1.792352
v -0.139458 2.737691 1.672867
v -1.668864 0.491377 -1.529325
v -3.413341 3.048351 -1.624913
v -1.668864 2.904969 -1.648810
v -1.477688 2.904969 -1.648810
v -3.413341 2.904969 -1.648810
v -1.477688 2.737691 -1.672707
v -3.007093 0.300201 0.000080
v -3.413341 3.048351 1.625074
v -3.413341 1.279976 -1.792192
v -3.030990 1.642848 -1.762448
v -3.413341 3.239527 1.386104
v -3.413341 3.311218 1.290516
v -3.030990 1.279976 -1.792192
v -0.139458 1.279976 -1.792192
v -1.477688 1.279976 -1.792192
v -1.668864 1.279976 -1.792192
v -3.413341 2.081719 -1.726475
v -3.413341 3.430703 0.000080
v -3.413341 2.737691 -1.664582
v -3.413341 3.386493 -0.477859
v -3.413341 3.386493 0.478019
v -1.668864 2.737692 -1.672709
v -1.668864 0.610863 -1.570668
v -3.007093 0.610861 1.529486
v 0.000000 3.239527 -1.385943
v 0.000000 1.279976 1.792352
v -3.413341 0.921508 -1.618030
v -3.413341 0.921522 -0.477859
v -3.413341 1.542843 -0.477859
v -3.007093 1.638441 1.685403
v -3.413341 0.921522 0.478019
v -3.413341 0.921508 1.618191
v -3.413341 1.638436 1.685348
v -3.413341 1.542843 0.478019
v -3.413341 2.952764 -1.146974
v -3.413341 2.904969 -1.146974
v -3.413341 3.366898 0.000080
v -3.413341 2.904969 -1.558532
v -3.413341 2.904969 -1.481531
v -1.477688 0.491377 -0.860210
v -3.413341 0.610861 -1.529325
v -1.668864 0.491377 -1.409050
v -3.413341 3.239527 -1.146974
v -3.413341 2.952764 1.147134
v -3.413341 3.239527 1.147134
v -3.413341 2.952764 -1.553222
v -3.413341 2.952764 1.553383
v -3.413341 3.313846 -0.477859
v -1.477688 2.952764 -1.553222
v -3.413341 3.313846 0.478019
v -3.078784 2.904969 -1.648810
v -3.078784 2.737691 -1.672707
v -3.030990 2.737691 -1.672707
v -3.413341 1.279976 -1.720501
v -3.413341 2.737691 -1.577119
v -3.030990 2.737691 -1.577119
v -1.668864 2.737691 -1.577119
v -1.668864 1.279976 -1.720501
v -1.788349 2.737692 -1.672709
v -1.788349 2.737692 -1.577121
v -3.007093 1.279976 1.792352
v -3.007093 2.737691 1.672867
v -1.668864 2.737691 1.672867
v -0.139458 2.737691 -1.672707
v -3.413341 1.303873 -0.477859
v -3.413341 1.638431 -1.624913
v -3.413341 1.303873 0.478019
v -3.413341 1.638431 1.624913
v -3.413341 2.904969 1.481692
v -3.413341 2.904969 1.147134
v -0.139458 2.737691 -1.577119
v -1.668864 2.737691 1.577280
v -1.477688 2.737691 1.577280
v -3.341651 2.785485 -1.553222
v -3.341651 2.785485 -1.505428
v -1.477688 1.279976 -1.720501
v -3.030990 1.279976 -1.720501
v -3.341651 2.904969 -1.553222
v -3.102681 2.785485 -1.553222
v -3.102681 2.904969 -1.553222
v -3.102681 2.904969 -1.505428
v -3.341651 2.904969 -1.505428
v -0.139458 1.279976 1.792352
v -3.007093 0.491377 -0.860210
v -3.007093 0.491377 -1.529325
v -3.413341 1.279976 1.720661
v -3.413341 2.737691 1.577280
v -1.477688 2.737691 -1.577119
v -3.007093 2.737691 1.577280
v -0.139458 2.737691 1.577280
v -3.007093 1.279976 1.720661
v -1.668864 1.279976 1.720661
v -1.477688 1.279976 1.720661
v -0.139458 1.279976 1.720661
v -3.007093 0.610861 -0.860210
v -3.007093 0.610861 -1.529325
v -0.139458 1.279976 -1.720501
v -3.102681 2.785485 -1.505428
v -3.413341 0.610861 0.000080
v -3.413341 0.610861 1.529486
v -3.007093 0.610861 0.000080
v -3.413341 0.853604 -1.650068
v -3.413341 0.491377 1.529486
v -3.413341 0.300201 0.000080
v -3.413341 0.443583 -1.385943
v -3.413341 0.491377 -1.529325
v -3.413341 0.443583 1.386104
v -3.007093 0.443583 1.386104
v -3.007093 0.491377 1.529486
v -3.007093 0.443583 -1.385943
v -1.668864 0.443583 -1.385943
v -1.668864 0.443583 1.386104
v -1.668864 0.610861 0.000080
v -1.668864 0.491377 1.529486
v -1.668864 0.610861 1.529486
v -1.668864 0.491377 -0.860210
v -1.668864 0.300201 0.000080
v -1.668864 0.610861 -0.860210
v -1.477688 0.491377 -1.529325
v -1.477688 0.443583 -1.385943
v -1.477688 0.443583 1.386104
v -0.139458 0.610861 -0.477859
v -1.477688 0.610861 1.529486
v -1.477688 0.610861 0.000080
v -1.477688 0.300201 0.000080
v -1.477688 0.491377 1.529486
v -0.139458 0.491377 -1.529325
v -0.139458 0.443583 -1.385943
v -0.139458 0.610861 0.000080
v -0.139458 0.300201 0.000080
v -0.139458 0.610861 1.529486
v -0.139458 0.610861 -1.529325
v -0.139458 0.443583 1.386104
v -0.139458 0.491377 1.529486
v -3.007092 3.386493 -0.477859
v -3.007092 3.366898 0.000080
v -3.007093 3.048351 1.625074
v -3.007093 3.313846 0.478019
v -3.007093 3.311218 1.290516
v -3.007093 3.386493 0.478019
v -2.949397 3.010459 1.212355
v -3.007093 2.904969 -1.648810
v -3.007093 2.737691 -1.577119
v -3.007093 3.238119 -1.383914
v -3.007093 2.737691 -1.672707
v -2.949397 3.181831 -1.212194
v -3.007093 3.311218 -1.290355
v -3.007093 3.048351 -1.624913
v -3.007092 3.430703 0.000080
v -3.007092 3.313846 -0.477859
v -3.007092 2.952764 1.553383
v -2.949397 3.181831 1.212355
v -3.007092 2.952764 -1.553222
v -2.949397 3.010459 -1.212194
v -3.007093 3.239527 1.386104
v -1.668863 3.366898 0.000080
v -1.668863 3.311218 1.290516
v -1.726559 3.010459 1.212355
v -1.668863 3.238755 -1.384831
v -1.726559 3.181831 -1.212194
v -1.668863 3.386493 -0.477859
v -1.668863 3.311218 -1.290355
v -1.726559 3.181831 1.212355
v -1.668863 3.048351 -1.624913
v -1.668863 3.386493 0.478019
v -1.668863 3.430703 0.000080
v -1.668863 2.952764 1.553383
v -1.668863 3.313846 -0.477859
v -1.668864 2.952764 -1.553222
v -1.726559 3.010459 -1.212194
v -1.668863 3.239527 1.386104
v -1.668863 3.313846 0.478019
v -1.668863 3.048351 1.625074
v -1.477688 3.430703 0.000080
v -1.477688 3.311218 1.290516
v -1.419992 3.010459 1.212355
v -1.477688 3.313846 -0.477859
v -1.477688 3.238846 -1.384962
v -1.420272 3.183130 -1.213559
v -1.477688 3.386493 -0.477859
v -1.477688 3.311218 -1.290355
v -1.477688 3.048351 -1.624913
v -1.477688 3.386493 0.478019
v -1.477688 2.952764 1.553383
v -1.419992 3.181831 1.212355
v -1.477688 3.366898 0.000080
v -1.420263 3.011726 -1.211290
v -1.477688 3.239527 1.386104
v -1.477688 3.313846 0.478019
v -1.477688 3.048351 1.625074
v -0.139458 2.952764 -1.553222
v -0.139458 3.313846 -0.477859
v -0.139458 3.311218 1.290516
v -0.197154 3.010459 1.212355
v -0.139458 3.239482 -1.385879
v -0.139458 3.386493 -0.477859
v -0.197423 3.183120 -1.213073
v -0.139458 3.311218 -1.290355
v -0.139458 3.239527 1.147134
v -0.197433 3.011735 -1.222084
v -0.139458 3.048351 -1.624913
v -0.139458 3.386493 0.478019
v -0.139458 2.952764 1.553383
v -0.197153 3.181831 1.212355
v -0.139458 3.430703 0.000080
v -0.139458 2.952764 -1.158254
v -0.139458 3.239527 1.386104
v -0.139458 3.366898 0.000080
v -0.139458 2.904969 -1.648810
v -0.139458 3.313846 0.478019
v -0.139458 3.048351 1.625074
v -3.413341 1.281881 -1.621466
v -3.413341 0.610861 -1.409050
v -3.413341 0.921522 -1.409050
v -3.413341 0.921522 1.486836
v -3.413341 1.282734 1.577280
v -3.413341 0.610861 1.409050
v -3.413341 0.610861 0.478019
v -3.413341 0.610861 -0.477859
v -1.477688 0.610861 1.409050
v -3.007093 0.610861 -0.477859
v -1.477688 0.610861 -0.477859
v -1.668864 0.610861 -0.477859
v -1.668864 0.610861 0.478019
v -1.477688 0.610861 0.478019
v -3.007093 0.610861 0.478020
v -0.139458 0.610861 0.478019
v -1.668864 0.610861 1.409050
v -0.139458 0.610861 1.409050
v 0.000000 0.610861 1.409050
v -3.007093 0.610861 1.409050
v -3.007093 0.610861 -1.409050
v -0.139458 0.610861 -1.409050
v 0.000000 0.610861 -1.409050
v 0.000000 0.610861 -0.478019
v -1.477688 0.610861 -1.409050
v -3.007093 0.491377 -1.409050
v -3.078784 3.311218 -1.290355
v -3.078784 3.313846 -0.477859
v -3.078784 3.048351 1.625074
v -3.078784 3.048351 -1.624913
v -3.078784 3.313846 0.478019
v -3.078784 3.386493 -0.477859
v -3.078784 3.311218 1.290516
v -3.078784 3.239527 -1.146974
v -3.078784 3.386493 0.478019
v -3.078784 3.239527 1.147134
v -3.078784 2.952764 1.147134
v -3.078784 2.952764 -1.553222
v -3.078784 2.952764 -1.146974
v -3.078784 3.239527 1.386104
v -3.078784 2.952764 1.553383
v -3.078784 3.238085 -1.383865
v -3.078784 3.366898 0.000080
v -3.078784 3.430703 0.000080
v -3.078783 0.443583 1.386104
v -3.078784 2.737691 1.672867
v -3.078783 0.491377 1.529486
v -3.078784 2.737691 1.577280
v -3.078783 0.610861 0.000080
v -3.078783 0.610861 0.478019
v -1.477688 0.491377 -1.409050
v -3.078783 0.300201 0.000080
v -3.078784 2.737691 -1.577119
v -3.078784 0.491377 -1.529325
v -3.078783 0.610861 1.529486
v -3.078783 0.610862 -1.529327
v -3.078784 1.279976 1.720661
v -3.078783 0.610861 -0.477859
v -3.078783 0.443583 -1.385943
v -3.078784 1.279976 -1.720501
v -3.078784 1.279976 -1.792192
v -3.078783 0.610862 -1.409050
v -3.078784 1.279976 1.792352
v -3.078783 0.610861 1.409050
v -3.030992 0.491377 -1.529325
v -0.139458 0.610863 -1.569154
v -1.668863 2.904969 1.647132
v -1.668864 0.610862 1.569314
v -0.139458 0.610862 1.569314
v -1.477688 0.610862 1.569314
v -1.477688 0.610863 -1.569154
v -1.477688 0.610861 -0.860210
v -1.477688 0.610863 -1.529327
v -1.668864 0.610863 -1.529327
v -3.007092 2.904969 1.558693
v -0.139458 2.904969 1.558693
v -3.413341 2.904969 1.558693
v -1.477688 2.904969 1.558693
v -1.668863 2.904969 1.558693
v -3.007093 2.904969 1.647132
v -1.477688 2.904969 -1.558532
v -3.007092 2.904969 -1.558532
v -3.078784 2.904969 1.647132
v -3.078784 2.904969 1.558693
v -1.668864 2.904969 -1.558532
v -3.068163 2.904969 -1.558532
v -0.139458 2.904969 -1.558532
v -3.413341 2.742948 -1.499873
v -3.007093 1.638441 1.762970
v -3.413341 1.638441 1.762970
v -3.078784 1.638441 1.762970
v -3.078784 1.638441 1.685403
v -3.413341 1.642848 -1.684808
v -3.030990 1.642848 -1.684808
v -3.078784 1.642848 -1.684808
v -3.078784 1.642848 -1.762448
v -3.413341 1.642848 -1.762448
v -3.030990 0.921496 -1.618078
v -3.078783 0.921495 -1.618078
v -3.030991 0.857480 -1.651360
v -3.078784 0.857480 -1.651360
v -1.477688 2.904969 1.647132
v 0.000000 0.921495 1.618238
v -0.139458 0.921495 1.618238
v -1.477688 0.921495 1.618238
v -1.668864 0.921495 1.618238
v -3.007093 0.921495 1.618238
v -3.078784 0.921495 1.618238
v -3.413341 2.738405 1.494263
v -3.413341 2.904969 1.647132
v 1.668864 2.737691 -1.577119
v 3.007093 2.737691 -1.577119
v 3.007093 2.737691 -1.672707
v 0.000000 3.430703 -0.000080
v 0.000000 3.048351 1.624913
v 0.000000 3.048351 -1.625074
v 0.000000 3.311218 -1.290516
v -0.139458 2.904969 1.647132
v 0.139458 2.904970 -1.647132
v 0.000000 0.491377 1.529325
v 0.000000 3.386493 0.477859
v 0.000000 3.386493 -0.478019
v 0.000000 0.443583 1.385943
v 0.000000 2.737691 1.672707
v 0.000000 2.737691 -1.672867
v 0.000000 2.904969 1.648810
v 0.000000 3.311218 1.290355
v 0.000000 3.239527 1.385943
v 0.000000 1.279976 -1.792352
v 0.000000 0.491377 -1.529486
v 0.000000 0.443583 -1.386104
v 0.000000 0.300201 -0.000080
v 0.000000 0.610861 -1.529486
v 0.000000 3.313846 0.477859
v 0.000000 3.313846 -0.478019
v 0.000000 3.366898 -0.000080
v 0.000000 2.952764 -1.147134
v 0.000000 2.952764 1.146974
v 0.000000 2.952764 -1.553383
v 0.000000 3.239527 1.146974
v 0.000000 0.610861 1.529325
v 0.000000 2.737691 -1.577280
v 0.000000 2.737691 1.577119
v 0.000000 2.952764 1.553222
v 0.000000 1.279976 -1.720661
v 0.000000 1.279976 1.720501
v 0.000000 3.239527 -1.147134
v 0.000000 0.610861 -0.000080
v 0.000000 0.610861 0.477859
v 0.000000 0.610861 -1.409050
v 0.000000 0.610861 1.409050
v 0.000000 0.610863 1.569154
v 0.000000 0.610862 -1.569314
v 0.000000 2.904969 -1.558693
v 0.000000 2.904969 1.558532
v 0.000000 0.921495 -1.618238
v 3.413341 1.279976 -1.792352
v 3.413341 2.737691 -1.672867
v 1.477688 2.737691 -1.672867
v 1.477688 1.279976 -1.792352
v 1.668864 1.279976 -1.792352
v 0.139458 2.737691 -1.672867
v 1.668864 0.491377 1.529325
v 3.413341 3.048351 1.624913
v 1.668864 2.904969 1.648810
v 1.477688 2.904969 1.648810
v 3.413341 2.904969 1.648810
v 1.477688 2.737691 1.672707
v 3.007093 0.300201 -0.000080
v 3.413341 3.048351 -1.625074
v 3.413341 1.279976 1.792192
v 3.030990 1.642848 1.762448
v 3.413341 3.239527 -1.386104
v 3.413341 3.311218 -1.290516
v 3.030990 1.279976 1.792192
v 0.139458 1.279976 1.792192
v 1.477688 1.279976 1.792192
v 1.668864 1.279976 1.792192
v 3.413341 2.081719 1.726475
v 3.413341 2.737691 1.664582
v 3.413341 3.386493 0.477859
v 3.413341 3.386493 -0.478019
v 1.668864 2.737692 1.672709
v 1.668864 0.610863 1.570668
v 3.007093 0.610861 -1.529486
v 3.413341 0.921508 1.618030
v 3.413341 0.921522 0.477859
v 3.413341 1.542843 0.477859
v 3.007093 1.638441 -1.685403
v 3.413341 0.921522 -0.478019
v 3.413341 0.921508 -1.618191
v 3.413341 1.638436 -1.685348
v 3.413341 1.542843 -0.478019
v 3.007093 2.904969 -1.647058
v 3.413341 2.952764 1.146974
v 3.413341 2.904969 1.146974
v 3.413341 3.366898 -0.000080
v 3.413341 2.904969 1.558532
v 3.413341 2.904969 1.481531
v 1.477688 0.491377 0.860210
v 3.413341 0.610861 1.529325
v 1.668864 0.491377 1.409050
v 3.413341 3.239527 1.146974
v 3.413341 2.952764 -1.147134
v 3.413341 3.239527 -1.147134
v 3.413341 2.952764 1.553222
v 3.413341 2.952764 -1.553383
v 3.413341 3.313846 0.477859
v 1.477688 2.952764 1.553222
v 3.413341 3.313846 -0.478019
v 3.078784 2.904969 1.648810
v 3.078784 2.737691 1.672707
v 3.030990 2.737691 1.672707
v 3.413341 1.279976 1.720501
v 3.413341 2.737691 1.577119
v 3.030990 2.737691 1.577119
v 1.668864 2.737691 1.577119
v 1.668864 1.279976 1.720501
v 3.007093 1.279976 -1.792352
v 1.668863 2.904970 -1.647132
v 1.668864 2.737691 -1.672867
v 0.139458 2.737691 1.672707
v 3.413341 1.303873 0.477859
v 3.413341 1.638431 1.624913
v 3.413341 1.303873 -0.478019
v 3.413341 1.638431 -1.624913
v 3.413341 2.904969 -1.481692
v 3.413341 2.904969 -1.147134
v 0.139458 2.737691 1.577119
v 0.000000 2.904969 -1.647132
v 1.477688 2.737691 -1.577280
v 3.341651 2.785485 1.553222
v 3.341651 2.785485 1.505428
v 1.477688 1.279976 1.720501
v 3.030990 1.279976 1.720501
v 3.341651 2.904969 1.553222
v 3.102681 2.785485 1.553222
v 3.102681 2.904969 1.553222
v 3.102681 2.904969 1.505428
v 3.341651 2.904969 1.505428
v 0.139458 1.279976 -1.792352
v 3.007093 0.491377 0.860210
v 3.007093 0.491377 1.529325
v 3.413341 1.279976 -1.720661
v 3.413341 2.737691 -1.577280
v 1.477688 2.737691 1.577119
v 3.078784 2.904969 -1.647132
v 0.139458 2.737691 -1.577280
v 3.007093 1.279976 -1.720661
v 1.668864 1.279976 -1.720661
v 1.477688 1.279976 -1.720661
v 0.139458 1.279976 -1.720661
v 3.007093 0.610861 0.860210
v 3.007093 0.610861 1.529325
v 0.139458 1.279976 1.720501
v 3.102681 2.785485 1.505428
v 3.413341 0.610861 -0.000080
v 3.413341 0.610861 -1.529486
v 3.007093 0.610861 -0.000080
v 3.413341 2.904969 -1.647132
v 3.413341 0.491377 -1.529486
v 3.413341 0.300201 -0.000080
v 3.413341 0.443583 1.385943
v 3.413341 0.491377 1.529325
v 3.413341 0.443583 -1.386104
v 3.007093 0.443583 -1.386104
v 3.007093 0.491377 -1.529486
v 3.007093 0.443583 1.385943
v 1.668864 0.443583 1.385943
v 1.668864 0.443583 -1.386104
v 1.668864 0.610861 -0.000080
v 1.668864 0.491377 -1.529486
v 1.668864 0.610861 -1.529486
v 1.668864 0.491377 0.860210
v 1.668864 0.300201 -0.000080
v 1.668864 0.610861 0.860210
v 1.477688 0.491377 1.529325
v 1.477688 0.443583 1.385943
v 1.477688 0.443583 -1.386104
v 0.139458 0.610861 0.477859
v 1.477688 0.610861 -1.529486
v 1.477688 0.610861 -0.000080
v 1.477688 0.300201 -0.000080
v 1.477688 0.491377 -1.529486
v 0.139458 0.491377 1.529325
v 0.139458 0.443583 1.385943
v 0.139458 0.610861 -0.000080
v 0.139458 0.300201 -0.000080
v 0.139458 0.610861 -1.529486
v 0.139458 0.610861 1.529325
v 0.139458 0.443583 -1.386104
v 0.139458 0.491377 -1.529486
v 3.007092 3.386493 0.477859
v 3.007092 3.366898 -0.000080
v 3.007093 3.048351 -1.625074
v 3.007093 3.313846 -0.478019
v 3.007093 3.311218 -1.290516
v 3.007093 3.386493 -0.478019
v 2.949397 3.010459 -1.212355
v 3.007093 2.904969 1.648810
v 3.007093 2.737691 1.577119
v 3.007093 3.238119 1.383914
v 3.007093 2.737691 1.672707
v 2.949397 3.181831 1.212194
v 3.007093 3.311218 1.290355
v 3.007093 3.048351 1.624913
v 3.007092 3.430703 -0.000080
v 3.007092 3.313846 0.477859
v 3.007092 2.952764 -1.553383
v 2.949397 3.181831 -1.212355
v 3.007092 2.952764 1.553222
v 2.949397 3.010459 1.212194
v 3.007093 3.239527 -1.386104
v 1.668863 3.366898 -0.000080
v 1.668863 3.311218 -1.290516
v 1.726559 3.010459 -1.212355
v 1.668863 3.238755 1.384831
v 1.726559 3.181831 1.212194
v 1.668863 3.386493 0.477859
v 1.668863 3.311218 1.290355
v 1.726559 3.181831 -1.212355
v 1.668863 3.048351 1.624913
v 1.668863 3.386493 -0.478019
v 1.668863 3.430703 -0.000080
v 1.668863 2.952764 -1.553383
v 1.668863 3.313846 0.477859
v 1.668864 2.952764 1.553222
v 1.726559 3.010459 1.212194
v 1.668863 3.239527 -1.386104
v 1.668863 3.313846 -0.478019
v 1.668863 3.048351 -1.625074
v 1.477688 3.430703 -0.000080
v 1.477688 3.311218 -1.290516
v 1.419992 3.010459 -1.212355
v 1.477688 3.313846 0.477859
v 1.477688 3.238846 1.384962
v 1.420272 3.183130 1.213559
v 1.477688 3.386493 0.477859
v 1.477688 3.311218 1.290355
v 1.477688 3.048351 1.624913
v 1.477688 3.386493 -0.478019
v 1.477688 2.952764 -1.553383
v 1.419992 3.181831 -1.212355
v 1.477688 3.366898 -0.000080
v 1.420263 3.011726 1.211290
v 1.477688 3.239527 -1.386104
v 1.477688 3.313846 -0.478019
v 1.477688 3.048351 -1.625074
v 0.139458 2.952764 1.553222
v 0.139458 3.313846 0.477859
v 0.139458 3.311218 -1.290516
v 0.197154 3.010459 -1.212355
v 0.139458 3.239482 1.385879
v 0.139458 3.386493 0.477859
v 0.197423 3.183120 1.213073
v 0.139458 3.311218 1.290355
v 0.139458 3.239527 -1.147134
v 0.197433 3.011735 1.222084
v 0.139458 3.048351 1.624913
v 0.139458 3.386493 -0.478019
v 0.139458 2.952764 -1.553383
v 0.197153 3.181831 -1.212355
v 0.139458 3.430703 -0.000080
v 0.139458 2.952764 1.173505
v 0.139458 3.239527 -1.386104
v 0.139458 3.366898 -0.000080
v 0.139458 2.904969 1.648810
v 0.139458 3.313846 -0.478019
v 0.139458 3.048351 -1.625074
v 3.413341 1.281881 1.621466
v 3.413341 0.610861 1.409050
v 3.413341 0.921522 1.409050
v 3.413341 0.921522 -1.486836
v 3.413341 1.282734 -1.577280
v 3.413341 0.610861 -1.409050
v 3.413341 0.610861 -0.478019
v 3.413341 0.610861 0.477859
v 1.477688 0.610861 -1.409050
v 3.007093 0.610861 0.477859
v 1.477688 0.610861 0.477859
v 1.668864 0.610861 0.477859
v 1.668864 0.610861 -0.478019
v 1.477688 0.610861 -0.478019
v 3.007093 0.610861 -0.478020
v 0.139458 0.610861 -0.478019
v 1.668864 0.610861 -1.409050
v 0.139458 0.610861 -1.409050
v 3.007093 0.610861 -1.409050
v 3.007093 0.610861 1.409050
v 0.139458 0.610861 1.409050
v 1.477688 0.610861 1.409050
v 3.007093 0.491377 1.409050
v 3.078784 3.311218 1.290355
v 3.078784 3.313846 0.477859
v 3.078784 3.048351 -1.625074
v 3.078784 3.048351 1.624913
v 3.078784 3.313846 -0.478019
v 3.078784 3.386493 0.477859
v 3.078784 3.311218 -1.290516
v 3.078784 3.239527 1.146974
v 3.078784 3.386493 -0.478019
v 3.078784 3.239527 -1.147134
v 3.078784 2.952764 -1.147134
v 3.078784 2.952764 1.553222
v 3.078784 2.952764 1.146974
v 3.078784 3.239527 -1.386104
v 3.078784 2.952764 -1.553383
v 3.078784 3.238085 1.383865
v 3.078784 3.366898 -0.000080
v 3.078784 3.430703 -0.000080
v 3.078783 0.443583 -1.386104
v 3.078784 2.737691 -1.672867
v 3.078783 0.491377 -1.529486
v 3.078784 2.737691 -1.577280
v 3.078783 0.610861 -0.000080
v 3.078783 0.610861 -0.478019
v 1.477688 0.491377 1.409050
v 3.078783 0.300201 -0.000080
v 3.078784 2.737691 1.577119
v 3.078784 0.491377 1.529325
v 3.078783 0.610861 -1.529486
v 3.078783 0.610862 1.529327
v 3.078784 1.279976 -1.720661
v 3.078783 0.610861 0.477859
v 3.078783 0.443583 1.385943
v 3.078784 1.279976 1.720501
v 3.078784 1.279976 1.792192
v 3.078783 0.610862 1.409050
v 3.078784 1.279976 -1.792352
v 3.078783 0.610861 -1.409050
v 3.030992 0.491377 1.529325
v 0.139458 0.610863 1.569154
v 1.668864 0.610862 -1.569314
v 0.139458 0.610862 -1.569314
v 1.477688 0.610862 -1.569314
v 1.477688 0.610863 1.569154
v 1.477688 0.610861 0.860210
v 1.477688 0.610863 1.529327
v 1.668864 0.610863 1.529327
v 3.007092 2.904969 -1.558693
v 0.139458 2.904969 -1.558693
v 3.413341 2.904969 -1.558693
v 1.477688 2.904969 -1.558693
v 1.668863 2.904969 -1.558693
v 1.477688 2.904969 1.558532
v 3.007092 2.904969 1.558532
v 1.477688 2.904970 -1.647132
v 3.078784 2.904969 -1.558693
v 1.668864 2.904969 1.558532
v 3.068163 2.904969 1.558532
v 0.139458 2.904969 1.558532
v 3.413341 2.742948 1.499873
v 3.007093 1.638441 -1.762970
v 3.413341 1.638441 -1.762970
v 3.078784 1.638441 -1.762970
v 3.078784 1.638441 -1.685403
v 3.413341 1.642848 1.684808
v 3.030990 1.642848 1.684808
v 3.078784 1.642848 1.684808
v 3.078784 1.642848 1.762448
v 3.413341 1.642848 1.762448
v 3.030990 0.921496 1.618078
v 3.078783 0.921495 1.618078
v 3.030991 0.857480 1.651360
v 3.078784 0.857480 1.651360
v 3.413341 0.857480 1.651360
v 0.139458 0.921495 -1.618238
v 1.477688 0.921495 -1.618238
v 1.668864 0.921495 -1.618238
v 3.007093 0.921495 -1.618238
v 3.078784 0.921495 -1.618238
v 3.413341 2.738405 -1.494263
v -3.485032 1.638431 -1.624913
v -3.485032 0.300201 0.000000
v -3.485032 0.443583 -1.385943
v -3.485032 1.279976 -1.792192
v -3.485032 1.638431 -1.768295
v -3.485032 2.904969 -1.648810
v -3.485032 3.048351 -1.624913
v -3.485032 3.311218 -1.290355
v -3.485032 3.430703 0.000000
v -3.485032 0.491377 -1.529325
v -3.413341 3.048351 -1.624913
v -3.413341 3.311218 -1.290355
v -3.413341 2.904969 -1.648810
v -3.413341 1.279976 -1.792192
v -3.413341 1.638431 -1.768295
v -3.413341 1.542843 -0.477859
v -3.413341 2.904969 -1.146974
v -3.413341 2.904969 -1.481531
v -3.485032 2.904969 -1.481531
v -3.485032 1.303873 -0.477859
v -3.485032 1.542843 -0.477859
v -3.413341 1.303873 -0.477859
v -3.413341 1.638431 -1.624913
v -3.413341 3.237926 -1.383636
v -3.485032 3.237964 -1.383587
v -3.485032 3.008755 -1.432691
v -3.413341 0.300201 0.000000
v -3.413341 0.490380 -1.526336
v -3.413341 0.443583 -1.385943
v -3.485032 1.283135 -1.618453
v -3.485032 0.359747 -0.575527
v -3.413341 0.359747 -0.575527
v -3.413341 1.303873 0.000000
v -3.485032 1.303873 0.000000
v -3.449188 2.904969 0.000000
v -3.413341 2.904969 0.000000
v -3.485032 2.904969 0.000000
v -3.485032 3.311218 0.000000
v -3.485032 3.007244 0.000000
v 3.485032 1.638431 -1.624913
v 3.485032 0.300201 0.000000
v 3.485032 0.443583 -1.385943
v 3.485032 1.279976 -1.792192
v 3.485032 1.638431 -1.768295
v 3.485032 2.904969 -1.648810
v 3.485032 3.048351 -1.624913
v 3.485032 3.311218 -1.290355
v 3.485032 3.430703 0.000000
v 3.485032 0.491377 -1.529325
v 3.413341 3.048351 -1.624913
v 3.413341 3.311218 -1.290355
v 3.413341 2.904969 -1.648810
v 3.413341 1.279976 -1.792192
v 3.413341 1.638431 -1.768295
v 3.413341 3.430703 0.000000
v 3.413341 1.542843 -0.477859
v 3.413341 2.904969 -1.146974
v 3.413341 2.904969 -1.481531
v 3.485032 2.904969 -1.481531
v 3.485032 1.303873 -0.477859
v 3.485032 1.542843 -0.477859
v 3.413341 1.303873 -0.477859
v 3.413341 3.237926 -1.383636
v 3.485032 3.237964 -1.383587
v 3.485032 3.008755 -1.432691
v 3.413341 0.300201 0.000000
v 3.413341 0.490380 -1.526336
v 3.413341 0.443583 -1.385943
v 3.485032 1.283135 -1.618453
v 3.485032 0.359747 -0.575527
v 3.413341 0.359747 -0.575527
v 3.413341 1.303873 0.000000
v 3.485032 1.303873 0.000000
v 3.449188 2.904969 0.000000
v 3.413341 2.904969 0.000000
v 3.485032 2.904969 0.000000
v 3.485032 3.311218 0.000000
v 3.485032 3.007244 0.000000
v -3.485032 1.638431 1.624913
v -3.485032 0.443583 1.385943
v -3.485032 1.279976 1.792192
v -3.485032 1.638431 1.768295
v -3.485032 2.904969 1.648810
v -3.485032 3.048351 1.624913
v -3.485032 3.311218 1.290355
v -3.485032 0.491377 1.529325
v -3.413341 3.048351 1.624913
v -3.413341 3.311218 1.290355
v -3.413341 2.904969 1.648810
v -3.413341 1.279976 1.792192
v -3.413341 1.638431 1.768295
v -3.413341 1.542843 0.477859
v -3.413341 2.904969 1.146974
v -3.413341 2.904969 1.481531
v -3.485032 2.904969 1.481531
v -3.485032 1.303873 0.477859
v -3.485032 1.542843 0.477859
v -3.413341 1.303873 0.477859
v -3.413341 3.237926 1.383636
v -3.485032 3.237964 1.383587
v -3.485032 3.008755 1.432691
v -3.413341 0.490380 1.526336
v -3.413341 0.443583 1.385943
v -3.485032 1.283135 1.618453
v -3.485032 0.359747 0.575527
v -3.413341 0.359747 0.575527
v 3.485032 1.638431 1.624913
v 3.485032 0.443583 1.385943
v 3.485032 1.279976 1.792192
v 3.485032 1.638431 1.768295
v 3.485032 2.904969 1.648810
v 3.485032 3.048351 1.624913
v 3.485032 3.311218 1.290355
v 3.485032 0.491377 1.529325
v 3.413341 3.048351 1.624913
v 3.413341 3.311218 1.290355
v 3.413341 2.904969 1.648810
v 3.413341 1.279976 1.792192
v 3.413341 1.638431 1.768295
v 3.413341 1.542843 0.477859
v 3.413341 2.904969 1.146974
v 3.413341 2.904969 1.481531
v 3.485032 2.904969 1.481531
v 3.485032 1.303873 0.477859
v 3.485032 1.542843 0.477859
v 3.413341 1.303873 0.477859
v 3.413341 1.638431 1.624913
v 3.413341 3.237926 1.383636
v 3.485032 3.237964 1.383587
v 3.485032 3.008755 1.432691
v 3.413341 0.490380 1.526336
v 3.413341 0.443583 1.385943
v 3.485032 1.283135 1.618453
v 3.485032 0.359747 0.575527
v 3.413341 0.359747 0.575527
v -3.007092 2.952764 -1.146974
v -3.007093 3.239527 -1.146974
v -3.007092 2.952764 1.147134
v -3.007093 3.239527 1.147134
v -1.668863 2.952764 1.147134
v -1.668863 3.239527 -1.146974
v -1.668863 3.239527 1.147134
v -1.668863 2.952764 -1.146974
v -1.477688 2.952764 -1.146974
v -1.477688 3.239527 -1.146974
v -1.477688 2.952764 1.147134
v -1.477688 3.239527 1.147134
v -0.139458 2.952764 1.147134
v -0.139458 3.239527 -1.146974
v 3.007092 2.952764 1.146974
v 3.007093 3.239527 1.146974
v 3.007092 2.952764 -1.147134
v 3.007093 3.239527 -1.147134
v 1.668863 2.952764 -1.147134
v 1.668863 3.239527 1.146974
v 1.668863 3.239527 -1.147134
v 1.668863 2.952764 1.146974
v 1.477688 2.952764 1.146974
v 1.477688 3.239527 1.146974
v 1.477688 2.952764 -1.147134
v 1.477688 3.239527 -1.147134
v 0.139458 2.952764 -1.147134
v 0.139458 3.239527 1.146974
v 0.139458 2.952764 1.158254
vn -0.0000 1.0000 -0.0000
vn -0.0000 0.1644 -0.9864
vn -0.0000 -1.0000 -0.0000
vn 0.0054 0.1467 -0.9892
vn -0.0000 -0.0000 -1.0000
vn -0.0004 0.7870 -0.6169
vn -0.0000 -0.3162 -0.9487
vn -0.0000 -0.9487 0.3162
vn 0.0001 0.9957 0.0923
vn -0.0000 0.0817 -0.9967
vn -0.0000 -0.0979 -0.9952
vn -0.0004 -0.9487 -0.3162
vn -0.0006 0.7810 -0.6245
vn -0.0000 0.0817 0.9967
vn -1.0000 -0.0000 -0.0000
vn -0.0121 0.1177 -0.9930
vn -0.0000 -0.0000 1.0000
vn 0.0007 0.8000 0.6000
vn 1.0000 -0.0000 -0.0000
vn -0.0000 -0.0979 0.9952
vn -0.0000 -0.1104 0.9939
vn -0.0000 -0.9487 -0.3162
vn -0.0000 -0.9939 0.1104
vn 0.0006 0.0817 0.9967
vn 0.0007 0.7809 0.6247
vn -0.0000 0.9957 -0.0921
vn -0.0000 0.1414 -0.9899
vn -0.0000 0.2747 0.9615
vn 0.0011 -0.0979 0.9952
vn -0.0012 -0.0000 -1.0000
vn -0.0011 0.0817 -0.9967
vn -0.0000 -0.9947 -0.1029
vn -0.0000 -0.9947 0.1029
vn -0.0000 0.7809 0.6247
vn -0.0000 -0.9939 -0.1104
vn -0.0000 0.1521 0.9884
vn -0.0011 -0.0979 -0.9952
vn 0.0001 0.9957 0.0921
vn -0.0001 0.9957 -0.0923
vn -0.0000 -0.9939 0.1103
vn -0.0001 -0.9939 -0.1103
vn -0.0000 -0.3162 0.9487
vn 0.0038 -0.3216 -0.9469
vn 0.0004 -0.9487 0.3162
vn -0.0001 -0.9947 -0.1029
vn 0.0001 -0.9947 0.1029
vn 0.0011 -0.3162 0.9487
vn -0.0006 0.2750 -0.9615
vn -0.0000 0.2747 -0.9615
vn -0.0004 0.7908 -0.6121
vn -0.0004 0.7857 -0.6186
vn -0.0000 0.9957 -0.0923
vn -0.0000 -0.9939 -0.1103
vn -0.0000 0.9957 0.0923
vn -0.0000 0.9957 0.0921
vn -0.0000 0.8000 0.6000
vn 0.0054 0.1582 -0.9874
vn -0.0004 0.7846 -0.6200
vn -0.0004 0.7939 -0.6081
vn 0.0042 -0.0197 0.9998
vn -0.0004 0.7834 -0.6216
vn -0.0004 0.7970 -0.6040
vn 0.0011 -0.1104 0.9939
vn -0.0001 0.9957 -0.0921
vn 0.0001 -0.9939 0.1103
vn -0.0001 -0.9939 -0.1104
vn -0.0393 -0.0196 0.9990
vn -0.0004 0.7821 -0.6231
vn 0.0001 -0.9939 0.1104
vn -0.0006 0.7996 -0.6006
vn -0.0054 0.1582 0.9874
vn -0.0011 -0.1104 -0.9939
vn -0.0000 -0.1104 -0.9939
vn 0.0001 -0.0979 -0.9952
vn 0.0011 0.2747 0.9615
vn -0.0004 0.7860 -0.6182
vn -0.0004 0.7879 -0.6159
vn 0.0001 0.2746 -0.9615
vn 0.0001 0.2748 0.9615
vn 0.0001 -0.0980 -0.9952
vn -0.0072 0.0854 -0.9963
vn -0.0011 -0.3162 -0.9487
vn 0.0005 -0.3163 0.9486
vn 0.0038 -0.3153 -0.9490
vn -0.0000 0.1521 -0.9884
vn 0.0001 0.2746 0.9615
vn 0.9459 -0.0656 -0.3177
vn 0.0001 0.2748 -0.9615
vn -0.0006 0.2745 -0.9616
vn -0.0000 0.1644 0.9864
vn -0.0000 0.1414 0.9899
vn 0.0004 0.7870 0.6169
vn -0.0004 -0.0979 0.9952
vn 0.0003 0.7809 0.6246
vn 0.0121 0.1177 0.9930
vn -0.0003 0.7998 -0.6003
vn -0.0004 0.7810 -0.6246
vn -0.0000 0.7809 -0.6247
vn 0.0011 -0.0980 0.9952
vn -0.0038 -0.3216 0.9469
vn 0.0004 0.7908 0.6121
vn 0.0004 0.7857 0.6186
vn -0.0000 0.8000 -0.6000
vn 0.0001 0.1518 -0.9884
vn 0.0004 0.7846 0.6200
vn 0.0004 0.7939 0.6081
vn -0.0042 -0.0197 -0.9998
vn 0.0004 0.7834 0.6216
vn 0.0004 0.7970 0.6040
vn 0.0404 -0.0196 -0.9990
vn 0.0004 0.7821 0.6231
vn 0.0003 0.7998 0.6002
vn -0.0004 -0.1100 0.9939
vn -0.0000 -0.1095 0.9940
vn 0.0011 -0.1100 0.9939
vn -0.0001 -0.0979 0.9952
vn 0.0004 0.7860 0.6182
vn 0.0004 0.7879 0.6159
vn -0.0001 0.2746 0.9615
vn -0.0001 0.2748 -0.9615
vn -0.0001 -0.0980 0.9952
vn 0.0072 0.0854 0.9963
vn -0.0016 0.1518 -0.9884
vn -0.0038 -0.3153 0.9490
vn -0.0011 0.0818 -0.9967
vn -0.0001 0.2746 -0.9615
vn -0.9459 -0.0656 0.3177
vn -0.0001 0.2748 0.9615
vn -0.0005 0.1518 -0.9884
vn -0.0000 0.1518 -0.9884
vn -0.0054 0.1467 0.9892
vn -0.0000 0.9957 -0.0922
vn -0.0000 0.9965 0.0830
vn 0.0176 -0.3176 -0.9481
vn -0.0000 -0.1125 0.9937
vn -0.0000 0.7863 -0.6178
vn -0.0000 0.0665 -0.9978
vn -0.0000 0.0939 -0.9956
vn -0.0176 -0.3176 -0.9481
vn -0.0001 0.9957 0.0922
vn -0.0000 0.9965 -0.0830
vn 0.0176 -0.3176 0.9481
vn -0.0000 -0.1125 -0.9937
vn -0.0000 0.7863 0.6178
vn -0.0000 0.0665 0.9978
vn -0.0000 0.0939 0.9956
vn -0.0000 0.9957 0.0922
vn -0.0176 -0.3176 0.9481
vn 0.7490 -0.0000 0.6626
vn 0.7490 -0.0000 -0.6626
vn -0.0000 0.7490 -0.6626
vn -0.0000 -0.7490 0.6626
vn -0.0000 -0.7490 -0.6626
vn -0.0000 0.7490 0.6626
vn -0.7490 -0.0000 -0.6626
vn -0.7490 -0.0000 0.6626
vn 0.7517 0.0033 0.6595
vn -0.0001 -0.7619 0.6477
vn 0.0058 0.7358 0.6772
vn -0.7461 -0.0294 0.6652
vn -0.7517 0.0033 -0.6595
vn 0.0001 -0.7619 -0.6477
vn -0.0058 0.7358 -0.6772
vn 0.7461 -0.0294 -0.6652
vt 0.898438 0.431641
vt 0.898438 0.490234
vt 0.875000 0.490234
vt 0.875000 0.431641
vt 0.710938 0.976562
vt 0.714844 0.976562
vt 0.714844 0.986328
vt 0.710938 0.986328
vt 0.642578 0.279297
vt 0.642578 0.281250
vt 0.601562 0.976562
vt 0.601562 0.986328
vt 0.505859 0.986328
vt 0.505859 0.976562
vt 0.500000 0.976562
vt 0.500000 0.964844
vt 0.505859 0.964844
vt 0.615234 0.976562
vt 0.615234 0.986328
vt 0.371094 0.353516
vt 0.869141 0.996094
vt 0.865234 0.996094
vt 0.865234 0.982422
vt 0.869141 0.982422
vt 0.736328 0.835938
vt 0.714844 0.835938
vt 0.714844 0.810547
vt 0.736328 0.810547
vt 0.601562 0.810547
vt 0.601562 0.818359
vt 0.505859 0.818359
vt 0.505859 0.810547
vt 0.291016 0.810547
vt 0.291016 0.806641
vt 0.386719 0.806641
vt 0.386719 0.810547
vt 0.746094 0.853516
vt 0.785156 0.853516
vt 0.785156 0.859375
vt 0.746094 0.859375
vt 0.710938 0.888672
vt 0.714844 0.888672
vt 0.714844 0.964844
vt 0.710938 0.964844
vt 0.353516 0.595703
vt 0.341797 0.595703
vt 0.341797 0.703125
vt 0.353516 0.703125
vt 0.505859 0.806641
vt 0.500000 0.810547
vt 0.500000 0.806641
vt 0.500000 0.986328
vt 0.505859 1.000000
vt 0.500000 1.000000
vt 0.398438 0.861328
vt 0.398438 0.964844
vt 0.386719 0.964844
vt 0.386719 0.861328
vt 0.394531 0.332031
vt 0.736328 0.964844
vt 0.736328 0.976562
vt 0.367188 0.349609
vt -310.039062 -470.984375
vt -310.039062 -470.007812
vt -311.015625 -470.007812
vt -311.015625 -470.984375
vt 0.742188 0.853516
vt 0.742188 0.859375
vt 0.687500 0.376953
vt 0.673828 0.376953
vt 0.679688 0.355469
vt 0.687500 0.355469
vt 0.667969 0.703125
vt 0.667969 0.623047
vt 0.664062 0.623047
vt 0.664062 0.703125
vt 0.679688 0.400391
vt 0.687500 0.400391
vt 0.478516 0.355469
vt 0.486328 0.355469
vt 0.488281 0.376953
vt 0.478516 0.376953
vt 0.914062 0.429688
vt 0.914062 0.431641
vt 0.875000 0.429688
vt 0.613281 0.355469
vt 0.613281 0.376953
vt 0.550781 0.376953
vt 0.550781 0.355469
vt 0.582031 0.355469
vt 0.558594 0.703125
vt 0.466797 0.703125
vt 0.466797 0.714844
vt 0.558594 0.714844
vt 0.638672 0.181641
vt 0.638672 0.183594
vt 0.478516 0.507812
vt 0.478516 0.496094
vt 0.484375 0.496094
vt 0.484375 0.507812
vt 0.658203 0.529297
vt 0.582031 0.537109
vt 0.505859 0.529297
vt 0.689453 0.623047
vt 0.689453 0.703125
vt 0.658203 0.507812
vt 0.681641 0.507812
vt 0.687500 0.509766
vt 0.658203 0.509766
vt 0.679688 0.212891
vt 0.478516 0.509766
vt 0.505859 0.507812
vt 0.505859 0.509766
vt 0.613281 0.402344
vt 0.601562 0.806641
vt 0.615234 0.806641
vt 0.615234 0.810547
vt 0.935547 0.431641
vt 0.935547 0.429688
vt 0.955078 0.429688
vt 0.955078 0.431641
vt 0.996094 0.560547
vt 0.996094 0.554688
vt 1.000000 0.554688
vt 1.000000 0.560547
vt 0.720703 0.689453
vt 0.720703 0.632812
vt 0.757812 0.632812
vt 0.757812 0.689453
vt 0.500000 0.861328
vt 0.494141 0.964844
vt 0.494141 0.861328
vt 0.494141 1.000000
vt 0.494141 0.986328
vt 0.666016 0.210938
vt 0.828125 0.996094
vt 0.806641 0.996094
vt 0.806641 0.982422
vt 0.828125 0.982422
vt 0.757812 0.693359
vt 0.720703 0.693359
vt 0.869141 0.490234
vt 0.851562 0.490234
vt 0.851562 0.433594
vt 0.869141 0.433594
vt 0.638672 0.279297
vt 0.388672 0.353516
vt 0.478516 0.423828
vt 0.484375 0.423828
vt 0.703125 0.416016
vt 0.720703 0.416016
vt 0.720703 0.429688
vt 0.703125 0.429688
vt 0.703125 0.414062
vt 0.689453 0.414062
vt 0.689453 0.429688
vt 0.558594 0.595703
vt 0.570312 0.703125
vt 0.570312 0.595703
vt 0.601562 0.861328
vt 0.615234 0.861328
vt 0.615234 0.964844
vt 0.601562 0.964844
vt 0.570312 0.714844
vt 0.669922 0.212891
vt 0.421875 0.251953
vt 0.421875 0.250000
vt 0.570312 0.546875
vt 0.558594 0.546875
vt 0.339844 0.498047
vt 0.339844 0.496094
vt 0.660156 0.208984
vt 0.869141 0.560547
vt 0.869141 0.554688
vt 0.875000 0.554688
vt 0.875000 0.560547
vt 0.550781 0.402344
vt 0.486328 0.400391
vt 0.466797 0.595703
vt 0.455078 0.595703
vt 0.455078 0.703125
vt 0.689453 0.578125
vt 0.689453 0.572266
vt 0.703125 0.572266
vt 0.703125 0.578125
vt 0.642578 0.179688
vt 0.642578 0.173828
vt 0.642578 0.175781
vt 0.638672 0.281250
vt 0.261719 0.888672
vt 0.285156 0.888672
vt 0.285156 0.964844
vt 0.261719 0.964844
vt 0.505859 0.861328
vt 0.898438 0.498047
vt 0.914062 0.554688
vt 0.875000 0.498047
vt 0.558594 0.718750
vt 0.570312 0.718750
vt 0.935547 0.978516
vt 0.869141 0.978516
vt 0.869141 0.921875
vt 0.935547 0.921875
vt 1.000000 0.978516
vt 1.000000 0.921875
vt 0.869141 0.429688
vt 0.851562 0.429688
vt 0.851562 0.416016
vt 0.869141 0.416016
vt 0.291016 0.986328
vt 0.291016 1.000000
vt 0.285156 1.000000
vt 0.285156 0.986328
vt 0.851562 0.625000
vt 0.851562 0.632812
vt 0.812500 0.632812
vt 0.812500 0.625000
vt 0.285156 0.976562
vt 0.261719 0.976562
vt 0.466797 0.546875
vt 0.445312 0.595703
vt 0.445312 0.703125
vt 0.914062 0.490234
vt 0.664062 0.570312
vt 0.664062 0.595703
vt 0.667969 0.595703
vt 0.667969 0.570312
vt 0.250000 0.623047
vt 0.244141 0.623047
vt 0.244141 0.703125
vt 0.250000 0.703125
vt 0.955078 0.554688
vt 0.955078 0.498047
vt 0.996094 0.498047
vt 0.996094 0.490234
vt 1.000000 0.490234
vt 1.000000 0.498047
vt 0.955078 0.490234
vt 0.935547 0.490234
vt 0.806641 0.853516
vt 0.806641 0.859375
vt 0.828125 0.853516
vt 0.865234 0.853516
vt 0.865234 0.859375
vt 0.828125 0.859375
vt 0.757812 0.707031
vt 0.785156 0.693359
vt 0.785156 0.707031
vt 0.785156 0.560547
vt 0.812500 0.560547
vt 0.812500 0.566406
vt 0.785156 0.566406
vt 1.000000 0.996094
vt 0.935547 0.996094
vt 0.935547 0.982422
vt 1.000000 0.982422
vt 0.996094 0.416016
vt 1.000000 0.416016
vt 1.000000 0.429688
vt 0.996094 0.429688
vt 0.261719 0.810547
vt 0.261719 0.806641
vt 0.285156 0.806641
vt 0.285156 0.810547
vt 0.291016 0.861328
vt 0.285156 0.861328
vt 0.386719 0.818359
vt 0.398438 0.806641
vt 0.398438 0.810547
vt 0.708984 0.806641
vt 0.708984 0.810547
vt 0.935547 0.914062
vt 1.000000 0.914062
vt 0.996094 0.431641
vt 0.869141 0.914062
vt 0.935547 0.554688
vt 0.935547 0.498047
vt 0.736328 0.806641
vt 0.714844 0.806641
vt 0.914062 0.498047
vt 0.615234 0.818359
vt 0.935547 0.857422
vt 1.000000 0.857422
vt 0.869141 0.857422
vt 0.494141 0.806641
vt 0.494141 0.810547
vt 0.398438 0.818359
vt 0.494141 0.818359
vt 0.955078 0.560547
vt 0.935547 0.560547
vt 0.662109 0.703125
vt 0.662109 0.714844
vt 0.667969 0.714844
vt 0.869141 0.851562
vt 0.935547 0.851562
vt 1.000000 0.851562
vt 0.500000 0.818359
vt 0.455078 0.570312
vt 0.455078 0.546875
vt 0.445312 0.546875
vt 0.445312 0.570312
vt 0.353516 0.546875
vt 0.353516 0.570312
vt 0.341797 0.546875
vt 0.341797 0.570312
vt 0.250000 0.546875
vt 0.250000 0.570312
vt 0.244141 0.546875
vt 0.244141 0.570312
vt 0.865234 0.978516
vt 0.865234 0.923828
vt 0.869141 0.923828
vt 0.710938 1.000000
vt 0.714844 1.000000
vt 0.828125 0.978516
vt 0.785156 0.689453
vt 0.785156 0.632812
vt 0.812500 0.689453
vt 0.812500 0.693359
vt 0.746094 0.978516
vt 0.785156 0.978516
vt 0.785156 0.982422
vt 0.746094 0.982422
vt 0.703125 0.433594
vt 0.720703 0.433594
vt 0.720703 0.490234
vt 0.703125 0.490234
vt 0.701172 0.435547
vt 0.691406 0.435547
vt 0.691406 0.494141
vt 0.701172 0.494141
vt 0.806641 0.978516
vt 0.742188 0.978516
vt 0.742188 0.982422
vt 0.667969 0.718750
vt 0.689453 0.718750
vt 0.689453 0.714844
vt 0.806641 0.923828
vt 0.828125 0.923828
vt 0.689453 0.433594
vt 0.386719 0.976562
vt 0.291016 0.976562
vt 0.291016 0.964844
vt 0.869141 0.498047
vt 0.851562 0.498047
vt 0.785156 0.923828
vt 0.851562 0.566406
vt 0.615234 1.000000
vt 0.865234 0.914062
vt 0.746094 0.923828
vt 0.742188 0.923828
vt 0.757812 0.625000
vt 0.720703 0.625000
vt 0.662109 0.718750
vt 0.785156 0.625000
vt 0.386719 0.986328
vt 0.386719 1.000000
vt 0.806641 0.914062
vt 0.828125 0.914062
vt 0.720703 0.498047
vt 0.703125 0.498047
vt 0.689453 0.498047
vt 0.689453 0.507812
vt 0.703125 0.507812
vt 0.720703 0.566406
vt 0.757812 0.566406
vt 0.720703 0.554688
vt 0.703125 0.554688
vt 0.785156 0.914062
vt 0.851562 0.689453
vt 0.851562 0.693359
vt 0.701172 0.509766
vt 0.691406 0.509766
vt 0.691406 0.568359
vt 0.701172 0.568359
vt 0.601562 1.000000
vt 0.869141 0.859375
vt 0.746094 0.914062
vt 0.742188 0.914062
vt 0.398438 0.986328
vt 0.398438 1.000000
vt 0.851562 0.554688
vt 0.455078 0.714844
vt 0.757812 0.560547
vt 0.720703 0.560547
vt 0.703125 0.560547
vt 0.851562 0.560547
vt 0.869141 0.853516
vt 0.398438 0.976562
vt 0.494141 0.976562
vt 0.455078 0.718750
vt 0.445312 0.714844
vt 0.445312 0.718750
vt 0.353516 0.714844
vt 0.341797 0.714844
vt 0.250000 0.714844
vt 0.244141 0.714844
vt 0.220703 0.623047
vt 0.220703 0.703125
vt 0.681641 0.423828
vt 0.613281 0.423828
vt 0.478516 0.400391
vt 0.550781 0.423828
vt 0.914062 0.416016
vt 0.935547 0.416016
vt 0.914062 0.560547
vt 0.955078 0.416016
vt 1.000000 0.431641
vt 0.875000 0.416016
vt 0.736328 0.986328
vt 0.261719 1.000000
vt 0.261719 0.986328
vt 0.736328 1.000000
vt 0.720703 0.707031
vt 0.851562 0.707031
vt 0.812500 0.707031
vt 0.785156 0.996094
vt 0.746094 0.996094
vt 0.742188 0.996094
vt 0.220703 0.546875
vt 0.220703 0.570312
vt 0.714844 0.861328
vt 0.710938 0.861328
vt 0.710938 0.835938
vt 0.689453 0.595703
vt 0.689453 0.570312
vt 0.291016 0.888672
vt 0.244141 0.595703
vt 0.220703 0.595703
vt 0.869141 0.431641
vt 0.736328 0.888672
vt 0.736328 0.919922
vt 0.261719 0.861328
vt 0.710938 0.810547
vt 0.660156 0.210938
vt 0.570312 0.539062
vt 0.558594 0.539062
vt 0.689453 0.222656
vt 0.666016 0.212891
vt 0.244141 0.718750
vt 0.250000 0.718750
vt 0.353516 0.718750
vt 0.341797 0.718750
vt 0.220703 0.714844
vt 0.220703 0.718750
vt 0.466797 0.718750
vt 0.681641 0.496094
vt 0.687500 0.496094
vt 0.687500 0.507812
vt 0.250000 0.595703
vt 0.687500 0.423828
vt 0.736328 0.861328
vt 0.667969 0.546875
vt 0.689453 0.546875
vt 0.664062 0.546875
vt 0.972656 0.689453
vt 0.972656 0.632812
vt 0.996094 0.632812
vt 0.996094 0.689453
vt 0.742188 0.710938
vt 0.746094 0.710938
vt 0.746094 0.722656
vt 0.742188 0.722656
vt 0.738281 0.835938
vt 0.738281 0.810547
vt 0.828125 0.847656
vt 0.865234 0.847656
vt 0.738281 0.964844
vt 0.738281 0.976562
vt 0.869141 0.847656
vt 0.955078 0.693359
vt 0.955078 0.689453
vt 0.996094 0.693359
vt 0.574219 0.537109
vt 0.935547 0.689453
vt 0.935547 0.693359
vt 0.914062 0.693359
vt 0.914062 0.689453
vt 0.875000 0.566406
vt 0.869141 0.566406
vt 0.812500 0.490234
vt 0.812500 0.433594
vt 0.785156 0.710938
vt 0.806641 0.710938
vt 0.806641 0.722656
vt 0.785156 0.722656
vt 0.812500 0.429688
vt 0.703125 0.632812
vt 0.703125 0.689453
vt 0.423828 0.330078
vt 0.869141 0.707031
vt 0.869141 0.693359
vt 0.703125 0.744141
vt 0.689453 0.744141
vt 0.689453 0.726562
vt 0.703125 0.726562
vt 1.000000 0.566406
vt 0.996094 0.566406
vt 0.689453 0.585938
vt 0.703125 0.585938
vt 0.972656 0.625000
vt 0.955078 0.566406
vt 0.996094 0.625000
vt 0.935547 0.726562
vt 1.000000 0.726562
vt 1.000000 0.783203
vt 0.935547 0.783203
vt 0.869141 0.726562
vt 0.869141 0.783203
vt 0.703125 0.693359
vt 0.703125 0.707031
vt 0.757812 0.490234
vt 0.757812 0.498047
vt 0.955078 0.632812
vt 0.914062 0.566406
vt 0.914062 0.625000
vt 0.875000 0.625000
vt 0.875000 0.632812
vt 0.869141 0.632812
vt 0.869141 0.625000
vt 0.914062 0.632812
vt 0.935547 0.632812
vt 0.806641 0.847656
vt 0.746094 0.847656
vt 0.785156 0.847656
vt 0.812500 0.416016
vt 0.785156 0.429688
vt 0.785156 0.416016
vt 0.757812 0.554688
vt 0.785156 0.554688
vt 0.869141 0.708984
vt 0.935547 0.708984
vt 0.935547 0.724609
vt 0.869141 0.724609
vt 0.875000 0.707031
vt 0.875000 0.693359
vt 1.000000 0.708984
vt 1.000000 0.724609
vt 0.710938 0.806641
vt 0.935547 0.791016
vt 0.869141 0.791016
vt 0.875000 0.689453
vt 1.000000 0.791016
vt 0.935547 0.566406
vt 0.935547 0.625000
vt 0.738281 0.806641
vt 0.955078 0.625000
vt 0.935547 0.845703
vt 0.869141 0.845703
vt 1.000000 0.845703
vt 0.742188 0.726562
vt 0.746094 0.726562
vt 0.746094 0.779297
vt 0.742188 0.779297
vt 0.785156 0.726562
vt 0.785156 0.433594
vt 0.785156 0.490234
vt 0.757812 0.433594
vt 0.757812 0.429688
vt 0.865234 0.726562
vt 0.828125 0.726562
vt 0.828125 0.722656
vt 0.865234 0.722656
vt 0.869141 0.689453
vt 0.701172 0.720703
vt 0.691406 0.720703
vt 0.691406 0.662109
vt 0.701172 0.662109
vt 0.806641 0.726562
vt 0.869141 0.722656
vt 0.806641 0.779297
vt 0.785156 0.779297
vt 0.703125 0.724609
vt 0.689453 0.724609
vt 0.703125 0.625000
vt 0.828125 0.779297
vt 0.746094 0.789062
vt 0.742188 0.789062
vt 0.865234 0.779297
vt 0.869141 0.779297
vt 0.812500 0.498047
vt 0.785156 0.498047
vt 0.806641 0.789062
vt 0.785156 0.789062
vt 0.703125 0.660156
vt 0.689453 0.660156
vt 0.689453 0.650391
vt 0.703125 0.650391
vt 0.812500 0.554688
vt 0.828125 0.789062
vt 0.701172 0.646484
vt 0.691406 0.646484
vt 0.691406 0.587891
vt 0.701172 0.587891
vt 0.742188 0.847656
vt 0.865234 0.789062
vt 0.869141 0.789062
vt 0.703125 0.566406
vt 0.955078 0.707031
vt 0.935547 0.707031
vt 0.914062 0.707031
vt 0.996094 0.707031
vt 1.000000 0.693359
vt 1.000000 0.707031
vt 1.000000 0.625000
vt 0.738281 0.986328
vt 0.738281 1.000000
vt 0.757812 0.416016
vt 0.828125 0.710938
vt 0.865234 0.710938
vt 0.869141 0.710938
vt 1.000000 0.632812
vt 1.000000 0.689453
vt 0.738281 0.888672
vt 0.738281 0.919922
vt 0.738281 0.861328
vt 0.027344 0.871094
vt 0.027344 0.957031
vt 0.013672 0.957031
vt 0.013672 0.871094
vt 0.865234 1.000000
vt 0.806641 1.000000
vt 0.742188 0.976562
vt 0.742188 0.986328
vt 0.630859 0.175781
vt 0.742188 0.810547
vt 0.742188 0.861328
vt 0.630859 0.177734
vt 0.630859 0.179688
vt 0.869141 1.000000
vt 0.908203 0.998047
vt 0.869141 0.998047
vt 0.908203 0.996094
vt 0.630859 0.173828
vt 0.742188 0.888672
vt 0.742188 1.000000
vt 0.025391 0.957031
vt 0.029297 0.964844
vt 0.015625 0.968750
vt 0.039062 0.986328
vt 0.033203 0.982422
vt 0.128906 0.964844
vt 0.128906 0.986328
vt 0.031250 0.787109
vt 0.013672 0.845703
vt 0.001953 0.845703
vt 0.019531 0.789062
vt 0.742188 0.806641
vt 0.097656 0.871094
vt 0.097656 0.853516
vt 0.003906 0.871094
vt 0.935547 0.998047
vt 0.087891 0.781250
vt 0.128906 0.777344
vt 0.128906 0.853516
vt 0.128906 0.957031
vt 0.128906 0.996094
vt 0.230469 0.871094
vt 0.244141 0.871094
vt 0.244141 0.957031
vt 0.230469 0.957031
vt 0.806641 0.707031
vt 0.865234 0.707031
vt 0.257812 0.986328
vt 0.257812 0.976562
vt 0.257812 0.861328
vt 0.257812 0.810547
vt 0.908203 0.707031
vt 0.908203 0.708984
vt 0.257812 0.888672
vt 0.257812 1.000000
vt 0.232422 0.957031
vt 0.242188 0.968750
vt 0.228516 0.964844
vt 0.218750 0.986328
vt 0.226562 0.980469
vt 0.228516 0.787109
vt 0.238281 0.789062
vt 0.255859 0.845703
vt 0.244141 0.845703
vt 0.257812 0.806641
vt 0.160156 0.871094
vt 0.160156 0.853516
vt 0.255859 0.871094
vt 0.169922 0.781250
vt 0.746094 1.000000
vt 0.960938 0.998047
vt 0.960938 0.996094
vt 1.000000 0.998047
vt 0.746094 0.707031
vt 0.742188 0.707031
vt 0.960938 0.707031
vt 0.960938 0.708984
s 0
usemtl Material
f 90/1/1 122/2/1 48/3/1 243/4/1
f 148/5/2 57/6/2 247/7/2 154/8/2
f 63/9/3 149/10/3 151/10/3 28/9/3
f 10/11/2 188/12/2 207/13/2 215/14/2
f 215/14/4 447/15/4 342/16/4 70/17/4
f 9/18/2 170/19/2 188/12/2 10/11/2
f 80/20/5 84/20/5 86/20/5 85/20/5
f 713/21/6 701/22/6 244/23/6 259/24/6
f 108/25/7 318/26/7 271/27/7 112/28/7
f 125/29/7 288/30/7 283/31/7 133/32/7
f 115/33/8 114/34/8 118/35/8 120/36/8
f 344/37/9 338/38/9 208/39/9 199/40/9
f 16/41/10 313/42/10 58/43/10 59/44/10
f 99/45/11 98/46/11 78/47/11 79/48/11
f 134/49/12 133/32/12 347/50/12 348/51/12
f 333/52/13 207/13/13 201/53/13 31/54/13
f 94/9/3 12/9/3 70/9/3 77/9/3
f 4/55/14 3/56/14 69/57/14 5/58/14
f 29/59/15 7/59/15 291/59/15
f 58/43/16 25/60/16 11/61/16 57/6/16
f 84/62/1 87/62/1 86/62/1
f 104/63/17 87/64/17 88/65/17 81/66/17
f 345/67/18 344/37/18 199/40/18 213/68/18
f 33/69/19 220/70/19 219/71/19 47/72/19
f 270/73/20 312/74/20 311/75/20 62/76/20
f 218/77/19 220/70/19 33/69/19 60/78/19
f 106/79/19 223/80/19 221/81/19 38/82/19
f 275/83/1 227/84/1 101/1/1 238/4/1 279/85/1
f 225/86/19 34/87/19 37/88/19 224/89/19 105/90/19
f 94/91/21 77/92/21 304/93/21 298/94/21
f 22/95/15 64/95/15 63/96/15 28/96/15
f 294/97/19 93/98/19 326/99/19 75/100/19
f 49/101/19 43/102/19 51/103/19
f 310/104/20 312/74/20 270/73/20 61/105/20
f 42/106/19 45/107/19 52/108/19 41/109/19
f 45/110/19 44/110/19 52/110/19
f 294/97/19 75/100/19 53/111/19
f 75/100/19 76/112/19 50/113/19 53/111/19
f 71/114/19 34/87/19 220/70/19 218/77/19
f 42/106/19 41/109/19 50/113/19 76/112/19
f 125/29/22 126/115/22 117/116/22 7/117/22
f 107/118/1 266/119/1 267/120/1 232/121/1
f 236/122/1 235/123/1 137/124/1 358/125/1
f 826/126/23 830/127/23 174/128/23 156/129/23
f 32/130/24 341/16/24 6/131/24 89/132/24
f 345/54/25 213/133/25 217/134/25 332/52/25
f 102/135/19 238/135/19 243/135/19 91/135/19
f 26/136/26 24/137/26 261/138/26 249/139/26
f 826/126/23 156/129/23 245/140/23 251/141/23
f 175/142/3 832/143/3 825/144/3 159/145/3
f 6/146/3 3/146/3 79/146/3 96/146/3
f 81/147/15 88/147/15 84/147/15 80/147/15
f 93/98/19 39/148/19 74/149/19 326/99/19
f 53/150/3 50/151/3 254/152/3 258/153/3
f 49/154/17 41/155/17 256/156/17 251/153/17
f 82/157/20 94/91/20 63/158/20 64/159/20
f 21/160/10 22/161/10 28/162/10 12/163/10
f 298/94/21 302/164/21 63/158/21 94/91/21
f 291/165/15 64/165/15 22/165/15 29/165/15
f 28/162/27 151/44/27 148/5/27 9/18/27
f 242/166/15 290/166/15 125/167/15 268/167/15
f 291/168/28 290/169/28 82/157/28 64/159/28
f 102/170/5 91/171/5 282/171/5
f 28/162/27 9/18/27 10/11/27 12/163/27
f 100/172/1 99/172/1 4/172/1 89/172/1
f 350/173/1 138/174/1 239/175/1 240/176/1
f 37/88/19 73/177/19 222/178/19 221/81/19
f 50/113/19 41/109/19 49/101/19 51/103/19
f 77/92/29 103/179/29 362/180/29 359/181/29
f 355/182/30 837/183/30 205/184/30 357/185/30
f 98/172/1 97/172/1 67/172/1 5/172/1
f 85/186/19 86/186/19 87/186/19 104/186/19
f 4/187/19 99/187/19 79/188/19 3/188/19
f 306/187/19 36/187/19 95/188/19 68/188/19
f 69/146/3 68/189/3 95/189/3 78/146/3
f 82/95/19 21/95/19 12/96/19 94/96/19
f 311/96/19 16/96/19 59/96/19 62/96/19
f 100/187/15 89/187/15 6/188/15 96/188/15
f 20/95/15 103/95/15 77/96/15 70/96/15
f 98/187/15 5/187/15 69/188/15 78/188/15
f 307/190/14 308/191/14 263/192/14 2/193/14
f 81/10/3 80/10/3 85/10/3 104/10/3
f 73/177/19 37/88/19 34/87/19 71/114/19
f 346/130/31 20/194/31 70/17/31 342/16/31
f 289/195/1 128/196/1 239/175/1 242/197/1
f 298/94/21 55/198/21 175/199/21 302/164/21
f 13/200/32 116/201/32 117/202/32 123/203/32
f 114/204/33 13/200/33 123/203/33 118/205/33
f 255/206/3 256/207/3 41/208/3 52/209/3
f 143/210/34 161/211/34 257/212/34 246/213/34
f 836/214/35 831/215/35 178/216/35 195/217/35
f 148/5/27 151/44/27 59/44/27 57/6/27
f 263/192/36 300/218/36 327/219/36 2/193/36
f 138/220/28 103/179/28 82/157/28 290/169/28
f 100/221/37 96/222/37 360/181/37 363/180/37
f 101/1/1 227/84/1 229/223/1 124/2/1
f 225/86/19 219/71/19 220/70/19 34/87/19
f 315/224/28 83/225/28 277/226/28 316/227/28
f 21/172/1 82/172/1 103/172/1 20/172/1
f 36/228/11 309/229/11 265/230/11 95/231/11
f 233/232/1 231/233/1 226/234/1 235/123/1
f 226/234/1 234/235/1 121/236/1 129/237/1
f 232/121/1 230/238/1 119/239/1 107/118/1
f 331/240/38 211/241/38 208/39/38 338/38/38
f 339/242/39 334/243/39 204/244/39 202/245/39
f 54/246/40 245/140/40 260/247/40 43/248/40
f 353/249/41 351/250/41 216/251/41 214/252/41
f 113/253/33 110/254/33 269/255/33 262/256/33
f 223/257/1 106/258/1 272/259/1 281/260/1
f 110/254/32 111/21/32 276/24/32 269/255/32
f 109/261/8 113/262/8 262/263/8 264/264/8
f 67/265/42 280/266/42 264/264/42 115/33/42
f 5/58/42 67/265/42 115/33/42 120/36/42 285/267/42
f 120/36/8 118/35/8 127/268/8 132/269/8
f 7/117/22 117/116/22 116/270/22 91/271/22
f 118/205/33 123/203/33 131/272/33 127/273/33
f 230/238/1 232/121/1 237/274/1 234/235/1
f 123/203/32 117/202/32 126/275/32 131/272/32
f 233/232/1 135/276/1 130/277/1 231/233/1
f 111/278/22 112/28/22 271/27/22 276/279/22
f 242/166/15 268/167/15 46/167/15 289/167/15
f 228/280/1 229/223/1 119/239/1 130/277/1
f 7/117/43 29/281/43 288/30/43 125/29/43
f 127/273/33 131/272/33 136/282/33 139/283/33
f 122/2/1 46/195/1 268/197/1 48/3/1
f 131/272/32 126/275/32 134/284/32 136/282/32
f 132/269/8 127/268/8 139/285/8 140/286/8
f 4/55/42 5/58/42 285/267/42 287/287/42
f 89/132/42 4/55/42 287/287/42 286/288/42
f 135/276/1 233/232/1 366/289/1 365/290/1
f 133/32/22 134/49/22 126/115/22 125/29/22
f 149/291/21 299/292/21 303/293/21 62/76/21
f 140/286/44 139/285/44 340/51/44 337/50/44
f 136/282/45 134/284/45 348/294/45 349/295/45
f 139/283/46 136/282/46 349/295/46 340/296/46
f 135/276/1 128/196/1 228/280/1 130/277/1
f 337/50/47 369/297/47 286/288/47 140/286/47
f 320/298/48 358/299/48 137/300/48 321/301/48
f 321/301/49 137/300/49 129/302/49 322/303/49
f 322/303/49 129/302/49 121/304/49 323/305/49
f 323/305/49 121/304/49 30/306/49 324/307/49
f 324/307/49 30/306/49 272/308/49 325/309/49
f 150/201/50 153/310/50 168/311/50 165/312/50
f 150/313/51 154/8/51 247/7/51 259/314/51
f 141/315/52 153/310/52 244/23/52 249/139/52
f 142/316/40 156/129/40 174/128/40 162/317/40
f 142/316/53 144/318/53 248/319/53 260/247/53
f 145/320/54 146/321/54 252/322/54 250/323/54
f 157/324/3 827/325/3 829/326/3 173/327/3
f 152/328/17 160/329/17 176/330/17 166/331/17
f 146/321/55 155/332/55 261/138/55 252/322/55
f 161/333/56 145/320/56 250/323/56 257/334/56
f 58/43/27 57/6/27 59/44/27
f 154/8/2 170/19/2 9/18/2 148/5/2
f 255/335/21 52/336/21 44/337/21 303/293/21
f 243/135/19 238/135/19 101/135/19 90/135/19
f 141/315/26 155/332/26 172/338/26 167/339/26
f 828/324/5 827/340/5 254/156/5 253/153/5
f 69/57/36 284/341/36 297/342/36 68/343/36
f 55/344/3 833/345/3 832/143/3 175/142/3
f 171/346/55 172/338/55 155/332/55 146/321/55
f 167/339/52 168/311/52 153/310/52 141/315/52
f 205/347/35 836/214/35 195/217/35 216/251/35
f 215/14/27 70/17/27 12/163/27 10/11/27
f 215/14/57 207/13/57 333/52/57 447/15/57
f 162/317/53 178/216/53 144/318/53 142/316/53
f 165/348/58 170/19/58 154/8/58 150/313/58
f 165/312/59 168/311/59 187/349/59 184/275/59
f 163/350/54 171/346/54 146/321/54 145/320/54
f 177/351/56 163/350/56 145/320/56 161/333/56
f 183/352/23 174/128/23 830/127/23 834/353/23
f 175/199/21 159/354/21 299/292/21 302/164/21
f 162/317/40 174/128/40 183/352/40 192/355/40
f 179/356/34 177/357/34 161/211/34 143/210/34
f 167/339/26 172/338/26 180/358/26 186/359/26
f 169/331/5 164/330/5 147/329/5 158/328/5
f 173/327/3 829/326/3 835/360/3 190/361/3
f 830/361/17 832/362/17 833/363/17 834/364/17
f 183/352/23 834/353/23 838/365/23 198/366/23
f 190/361/3 835/360/3 837/367/3 209/368/3
f 189/369/55 180/358/55 172/338/55 171/346/55
f 828/370/35 253/371/35 248/319/35 144/318/35
f 186/359/52 187/349/52 168/311/52 167/339/52
f 185/372/60 193/373/60 206/374/60 203/375/60
f 192/355/53 195/217/53 178/216/53 162/317/53
f 184/376/61 188/12/61 170/19/61 165/348/61
f 184/275/62 187/349/62 204/244/62 201/377/62
f 181/378/54 189/369/54 171/346/54 163/350/54
f 194/379/56 181/378/56 163/350/56 177/351/56
f 186/359/26 180/358/26 211/241/26 202/245/26
f 196/380/34 194/381/34 177/357/34 179/356/34
f 192/355/40 183/352/40 198/366/40 214/252/40
f 836/364/5 835/363/5 829/362/5 831/361/5
f 212/382/3 833/345/3 55/344/3 197/174/3
f 208/39/55 211/241/55 180/358/55 189/369/55
f 371/383/63 304/93/63 77/92/63 359/181/63
f 202/245/64 211/241/64 331/240/64 339/242/64
f 199/40/54 208/39/54 189/369/54 181/378/54
f 214/252/65 198/366/65 352/384/65 353/249/65
f 209/368/3 837/367/3 355/385/3 361/386/3
f 214/252/53 216/251/53 195/217/53 192/355/53
f 205/347/66 216/251/66 351/250/66 357/387/66
f 213/68/56 199/40/56 181/378/56 194/379/56
f 838/184/67 212/183/67 354/182/67 364/185/67
f 217/134/34 213/133/34 194/381/34 196/380/34
f 201/53/68 207/13/68 188/12/68 184/376/68
f 210/375/5 200/374/5 182/373/5 191/372/5
f 198/366/69 838/365/69 364/385/69 352/384/69
f 202/245/52 204/244/52 187/349/52 186/359/52
f 201/377/70 204/244/70 334/243/70 31/388/70
f 212/382/3 197/174/3 356/173/3 354/387/3
f 3/56/36 319/389/36 284/341/36 69/57/36
f 6/131/36 335/390/36 319/389/36 3/56/36
f 332/52/71 217/134/71 335/390/71 343/15/71
f 361/391/72 372/383/72 293/392/72 209/393/72
f 96/222/73 79/48/73 295/394/73 293/392/73
f 79/48/73 78/47/73 296/395/73 295/394/73
f 78/47/73 95/231/73 292/396/73 296/395/73
f 95/231/73 265/230/73 301/397/73 292/396/73
f 831/215/35 828/370/35 144/318/35 178/216/35
f 265/230/74 309/229/74 39/398/74 93/399/74
f 71/114/19 218/77/19 72/400/19 35/401/19
f 92/402/19 222/178/19 74/149/19 39/148/19
f 221/81/19 222/178/19 92/402/19 38/82/19
f 221/81/19 223/80/19 224/89/19 37/88/19
f 222/178/19 73/177/19 40/403/19 74/149/19
f 225/404/1 105/405/1 266/119/1 275/83/1
f 241/406/1 128/196/1 135/276/1 365/290/1
f 124/2/1 229/223/1 228/280/1 289/195/1
f 229/223/1 227/84/1 107/118/1 119/239/1
f 235/123/1 226/234/1 129/237/1 137/124/1
f 119/239/1 230/238/1 231/233/1 130/277/1
f 228/280/1 128/196/1 289/195/1
f 223/257/1 281/260/1 267/120/1 224/407/1
f 366/289/1 233/232/1 235/123/1 236/122/1
f 234/235/1 237/274/1 30/408/1 121/236/1
f 124/167/5 289/167/5 46/167/5 122/167/5
f 240/176/1 239/175/1 128/196/1 241/406/1
f 219/409/1 279/85/1 273/206/1 47/209/1
f 138/220/75 350/299/75 362/180/75 103/179/75
f 242/197/1 239/175/1 138/174/1 290/344/1
f 315/165/19 317/165/19 19/165/19 83/165/19
f 247/7/2 57/6/2 11/61/2 8/410/2
f 246/213/34 257/212/34 17/411/34 14/412/34
f 249/139/26 261/138/26 155/332/26 141/315/26
f 259/314/76 247/7/76 8/410/76 713/413/76
f 251/141/23 245/140/23 54/246/23 49/414/23
f 62/76/21 303/293/21 270/73/21
f 249/139/52 244/23/52 701/22/52 26/136/52
f 248/319/35 253/371/35 51/415/35 56/416/35
f 259/24/77 244/23/77 153/310/77 150/201/77
f 260/247/53 248/319/53 56/416/53 43/248/53
f 250/323/54 252/322/54 27/417/54 18/418/54
f 258/153/3 254/152/3 827/325/3 157/324/3
f 252/322/55 261/138/55 24/137/55 27/417/55
f 251/153/17 256/156/17 825/340/17 826/324/17
f 257/334/56 250/323/56 18/418/56 17/419/56
f 253/153/5 254/156/5 50/155/5 51/154/5
f 260/247/40 245/140/40 156/129/40 142/316/40
f 312/74/20 277/226/20 83/225/20 311/75/20
f 262/256/33 269/255/33 13/200/33 114/204/33
f 281/260/1 272/259/1 30/408/1 237/274/1
f 269/255/32 276/24/32 116/201/32 13/200/32
f 325/309/78 272/308/78 106/420/78 38/421/78
f 264/264/8 262/263/8 114/34/8 115/33/8
f 48/3/1 268/197/1 125/344/1 7/142/1
f 267/120/1 281/260/1 237/274/1 232/121/1
f 318/26/7 278/422/7 19/423/7 317/424/7
f 316/227/79 277/226/79 60/425/79 33/426/79
f 308/191/14 280/266/14 67/265/14 306/427/14
f 309/229/80 274/428/80 92/429/80 39/398/80
f 275/83/1 279/85/1 219/409/1 225/404/1
f 273/206/1 279/85/1 238/4/1 102/430/1
f 267/120/1 266/119/1 105/405/1 224/407/1
f 58/43/81 313/42/81 314/431/81 23/432/81 25/60/81
f 264/264/42 280/266/42 1/433/42 109/261/42
f 276/279/22 271/27/22 282/434/22
f 275/83/1 266/119/1 107/118/1 227/84/1
f 68/343/36 297/342/36 300/218/36 263/192/36
f 116/270/22 276/279/22 282/434/22 91/271/22
f 243/4/1 48/3/1 7/142/1 91/430/1
f 283/31/82 370/297/82 347/50/82 133/32/82
f 283/31/7 288/30/7 21/160/7 20/194/7
f 287/287/42 285/267/42 120/36/42 132/269/42
f 286/288/83 369/297/83 32/130/83 89/132/83
f 286/288/42 287/287/42 132/269/42 140/286/42
f 21/160/84 288/30/84 29/281/84 22/161/84
f 101/435/5 124/435/5 122/435/5 90/435/5
f 7/436/17 125/437/17 290/169/17 291/168/17
f 231/233/1 230/238/1 234/235/1 226/234/1
f 159/145/3 825/144/3 256/207/3 255/206/3
f 59/135/3 151/438/3 149/10/3 62/439/3
f 292/396/73 301/397/73 258/440/73 157/441/73
f 293/392/72 372/383/72 360/181/72 96/222/72
f 293/392/73 295/394/73 190/442/73 209/393/73
f 295/394/73 296/395/73 173/443/73 190/442/73
f 296/395/73 292/396/73 157/441/73 173/443/73
f 87/62/1 84/62/1 88/62/1
f 301/397/73 265/230/73 93/399/73 294/444/73
f 303/293/21 44/337/21 61/105/21 270/73/21
f 258/440/73 301/397/73 294/444/73 53/445/73
f 464/218/85 612/213/85 387/412/85 477/219/85
f 298/94/21 304/93/21 197/446/21 55/198/21
f 303/293/21 299/292/21 159/354/21 255/335/21
f 302/164/21 299/292/21 149/291/21 63/158/21
f 45/107/19 305/447/19 61/448/19 44/449/19
f 263/192/14 308/191/14 306/427/14 68/343/14
f 97/450/11 274/428/11 309/229/11 36/228/11
f 1/433/14 280/266/14 308/191/14 307/190/14
f 67/187/19 97/187/19 36/187/19 306/187/19
f 83/95/19 19/95/19 16/96/19 311/96/19
f 60/425/20 277/226/20 312/74/20 310/104/20
f 19/423/10 278/422/10 313/42/10 16/41/10
f 310/451/19 61/448/19 305/447/19 72/400/19
f 314/431/10 313/42/10 278/422/10 15/452/10
f 273/453/86 316/227/86 33/426/86 47/454/86
f 271/27/7 318/26/7 317/424/7 282/434/7
f 102/165/87 282/165/87 317/165/87 315/165/87
f 102/455/28 315/224/28 316/227/28 273/453/28
f 318/26/7 108/25/7 15/452/7 278/422/7
f 310/451/19 72/400/19 218/77/19 60/78/19
f 274/428/88 325/309/88 38/421/88 92/429/88
f 97/450/49 324/307/49 325/309/49 274/428/49
f 98/46/49 323/305/49 324/307/49 97/450/49
f 99/45/49 322/303/49 323/305/49 98/46/49
f 100/221/49 321/301/49 322/303/49 99/45/49
f 363/180/89 320/298/89 321/301/89 100/221/89
f 371/383/63 356/391/63 197/446/63 304/93/63
f 20/194/82 346/130/82 370/297/82 283/31/82
f 459/456/1 491/457/1 419/458/1 609/459/1
f 517/5/90 428/6/90 613/7/90 523/8/90
f 434/9/3 518/10/3 520/10/3 400/9/3
f 383/11/90 557/12/90 576/13/90 584/14/90
f 584/14/91 343/15/91 341/16/91 439/17/91
f 382/18/90 539/19/90 557/12/90 383/11/90
f 449/20/17 453/20/17 455/20/17 454/20/17
f 817/460/92 805/461/92 610/462/92 625/463/92
f 683/464/42 682/26/42 637/27/42 481/465/42
f 494/29/42 653/30/42 649/31/42 502/32/42
f 484/33/22 483/34/22 487/35/22 489/36/22
f 334/243/52 339/242/52 577/466/52 568/467/52
f 389/41/14 677/42/14 429/43/14 430/44/14
f 468/45/93 467/46/93 328/47/93 448/48/93
f 503/49/8 502/32/8 337/50/8 340/51/8
f 332/52/94 576/13/94 570/53/94 345/54/94
f 463/9/3 385/9/3 439/9/3 446/9/3
f 377/55/10 376/56/10 438/57/10 378/58/10
f 401/59/19 380/59/19 656/59/19
f 429/43/95 397/468/95 384/469/95 428/6/95
f 453/62/1 456/62/1 455/62/1
f 473/63/5 456/64/5 457/65/5 450/66/5
f 31/388/96 334/243/96 568/467/96 582/470/96
f 403/69/15 589/70/15 588/71/15 418/72/15
f 636/73/11 676/74/11 675/75/11 433/76/11
f 587/77/15 589/70/15 403/69/15 431/78/15
f 475/79/15 592/80/15 590/81/15 408/82/15
f 641/471/1 596/472/1 470/456/1 606/459/1 645/473/1
f 594/86/15 404/87/15 407/88/15 593/89/15 474/90/15
f 463/91/73 446/92/73 668/93/73 662/94/73
f 395/95/19 435/95/19 434/96/19 400/96/19
f 659/97/15 462/98/15 689/99/15 444/100/15
f 420/101/15 414/474/15 422/103/15
f 674/104/11 676/74/11 636/73/11 432/105/11
f 413/106/15 416/107/15 423/108/15 412/109/15
f 416/107/15 415/449/15 423/108/15
f 659/97/15 444/100/15 424/111/15
f 444/100/15 445/112/15 421/113/15 424/111/15
f 440/114/15 404/87/15 589/70/15 587/77/15
f 413/106/15 412/109/15 421/113/15 445/112/15
f 494/29/8 495/115/8 486/116/8 380/117/8
f 476/475/1 632/476/1 633/477/1 601/478/1
f 367/176/1 604/479/1 506/480/1 350/173/1
f 840/144/35 844/143/35 543/481/35 525/482/35
f 346/130/10 342/16/10 379/131/10 458/132/10
f 31/54/97 582/133/97 586/134/97 333/52/97
f 471/135/15 606/135/15 609/135/15 460/135/15
f 398/483/55 744/484/55 627/485/55 615/486/55
f 840/144/35 525/482/35 611/487/35 617/207/35
f 544/488/3 846/127/3 839/126/3 528/489/3
f 355/490/3 853/490/3 581/490/3
f 379/146/3 376/146/3 448/146/3 465/146/3
f 450/147/19 457/147/19 453/147/19 449/147/19
f 462/98/15 409/148/15 443/149/15 689/99/15
f 424/491/3 421/415/3 620/371/3 624/492/3
f 420/493/5 412/494/5 622/495/5 617/496/5
f 451/157/11 463/91/11 434/158/11 435/159/11
f 394/160/14 395/161/14 400/162/14 385/163/14
f 662/94/73 666/164/73 434/158/73 463/91/73
f 656/165/19 435/165/19 395/165/19 401/165/19
f 400/162/91 520/44/91 517/5/91 382/18/91
f 608/166/19 655/166/19 494/167/19 634/167/19
f 656/168/49 655/169/49 451/157/49 435/159/49
f 471/170/17 460/171/17 648/171/17
f 400/162/91 382/18/91 383/11/91 385/163/91
f 469/172/1 468/172/1 377/172/1 458/172/1
f 358/125/1 507/497/1 607/498/1 368/122/1
f 407/88/15 442/177/15 591/178/15 590/81/15
f 421/113/15 412/109/15 420/101/15 422/103/15
f 446/92/11 472/179/11 363/180/11 360/181/11
f 354/182/17 851/499/17 574/500/17 364/185/17
f 467/172/1 466/172/1 436/172/1 378/172/1
f 454/186/15 455/186/15 456/186/15 473/186/15
f 377/187/15 468/187/15 448/188/15 376/188/15
f 670/187/15 406/187/15 329/188/15 330/188/15
f 438/146/3 330/189/3 329/189/3 328/146/3
f 451/95/15 394/95/15 385/96/15 463/96/15
f 675/96/15 389/96/15 430/96/15 433/96/15
f 469/187/19 458/187/19 379/188/19 465/188/19
f 393/95/19 472/95/19 446/96/19 439/96/19
f 467/187/19 378/187/19 438/188/19 328/188/19
f 671/190/10 672/191/10 629/192/10 375/193/10
f 450/10/3 449/10/3 454/10/3 473/10/3
f 442/177/15 407/88/15 404/87/15 440/114/15
f 32/130/24 393/194/24 439/17/24 341/16/24
f 654/501/1 497/502/1 607/498/1 608/503/1
f 662/94/73 426/198/73 544/199/73 666/164/73
f 386/504/33 485/505/33 486/506/33 492/507/33
f 483/508/32 386/504/32 492/507/32 487/509/32
f 621/510/3 622/141/3 412/414/3 423/511/3
f 512/210/98 530/211/98 623/212/98 612/213/98
f 850/360/23 845/326/23 547/512/23 564/513/23
f 517/5/91 520/44/91 430/44/91 428/6/91
f 629/192/85 464/218/85 477/219/85 375/193/85
f 507/220/49 472/179/49 451/157/49 655/169/49
f 469/221/20 465/222/20 359/181/20 362/180/20
f 470/456/1 596/472/1 598/514/1 493/457/1
f 594/86/15 588/71/15 589/70/15 404/87/15
f 679/224/49 452/225/49 643/226/49 680/227/49
f 394/172/1 451/172/1 472/172/1 393/172/1
f 406/228/99 673/229/99 631/230/99 329/231/99
f 602/515/1 600/516/1 595/517/1 604/479/1
f 595/517/1 603/518/1 490/519/1 498/520/1
f 601/478/1 599/521/1 488/522/1 476/475/1
f 331/240/26 580/523/26 577/466/26 339/242/26
f 338/38/54 344/37/54 573/524/54 571/525/54
f 425/526/53 611/487/53 626/527/53 414/528/53
f 353/249/40 352/384/40 585/529/40 583/530/40
f 482/531/32 479/532/32 635/533/32 628/534/32
f 592/535/1 475/491/1 638/492/1 647/536/1
f 479/532/33 480/537/33 642/538/33 635/533/33
f 478/261/22 482/262/22 628/263/22 630/264/22
f 436/265/7 646/266/7 630/264/7 484/33/7
f 378/58/7 436/265/7 484/33/7 489/36/7 650/267/7
f 489/36/22 487/35/22 496/268/22 501/269/22
f 380/117/8 486/116/8 485/539/8 460/434/8
f 487/509/32 492/507/32 500/540/32 496/541/32
f 599/521/1 601/478/1 605/542/1 603/518/1
f 492/507/33 486/506/33 495/543/33 500/540/33
f 602/515/1 504/544/1 499/545/1 600/516/1
f 480/546/8 481/465/8 637/27/8 642/279/8
f 608/166/19 634/167/19 417/167/19 654/167/19
f 597/547/1 598/514/1 488/522/1 499/545/1
f 380/117/100 401/281/100 653/30/100 494/29/100
f 496/541/32 500/540/32 505/548/32 508/549/32
f 491/457/1 417/501/1 634/503/1 419/458/1
f 500/540/33 495/543/33 503/550/33 505/548/33
f 501/269/22 496/268/22 508/285/22 509/286/22
f 377/55/7 378/58/7 650/267/7 652/287/7
f 458/132/7 377/55/7 652/287/7 651/288/7
f 504/544/1 602/515/1 241/406/1 365/290/1
f 502/32/8 503/49/8 495/115/8 494/29/8
f 518/291/73 663/292/73 667/293/73 433/76/73
f 509/286/22 508/285/22 348/51/22 347/50/22
f 505/548/33 503/550/33 340/296/33 349/295/33
f 508/549/32 505/548/32 349/295/32 348/294/32
f 504/544/1 497/502/1 597/547/1 499/545/1
f 347/50/7 370/297/7 651/288/7 509/286/7
f 373/298/28 350/299/28 506/300/28 684/301/28
f 684/301/28 506/300/28 498/302/28 685/303/28
f 685/303/28 498/302/28 490/304/28 686/305/28
f 686/305/28 490/304/28 402/306/28 687/307/28
f 687/307/28 402/306/28 638/308/28 688/309/28
f 519/551/101 522/552/101 537/553/101 534/554/101
f 519/313/102 523/8/102 613/7/102 625/314/102
f 510/555/54 522/552/54 610/462/54 615/486/54
f 511/556/53 525/482/53 543/481/53 531/557/53
f 511/556/40 513/558/40 614/559/40 626/527/40
f 514/560/52 515/561/52 618/562/52 616/563/52
f 526/564/3 841/370/3 843/215/3 542/519/3
f 521/565/5 529/566/5 545/567/5 535/568/5
f 515/561/26 524/569/26 627/485/26 618/562/26
f 530/508/103 514/560/103 616/563/103 623/570/103
f 429/43/91 428/6/91 430/44/91
f 523/8/90 539/19/90 382/18/90 517/5/90
f 621/335/73 423/336/73 415/337/73 667/293/73
f 609/135/15 606/135/15 470/135/15 459/135/15
f 510/555/55 524/569/55 541/571/55 536/572/55
f 842/573/17 841/574/17 620/495/17 619/496/17
f 438/57/104 437/341/104 411/342/104 330/343/104
f 426/575/3 847/353/3 846/127/3 544/488/3
f 540/576/26 541/571/26 524/569/26 515/561/26
f 536/572/54 537/553/54 522/552/54 510/555/54
f 574/367/23 850/360/23 564/513/23 585/529/23
f 584/14/91 439/17/91 385/163/91 383/11/91
f 584/14/90 576/13/90 332/52/90 343/15/90
f 531/557/40 547/512/40 513/558/40 511/556/40
f 534/348/105 539/19/105 523/8/105 519/313/105
f 534/554/106 537/553/106 556/577/106 553/578/106
f 532/579/52 540/576/52 515/561/52 514/560/52
f 546/580/103 532/579/103 514/560/103 530/508/103
f 552/581/35 543/481/35 844/143/35 848/345/35
f 544/199/73 528/354/73 663/292/73 666/164/73
f 531/557/53 543/481/53 552/581/53 561/582/53
f 548/356/98 546/357/98 530/211/98 512/210/98
f 536/572/55 541/571/55 549/583/55 555/584/55
f 538/568/17 533/567/17 516/566/17 527/565/17
f 542/519/3 843/215/3 849/214/3 559/520/3
f 844/585/5 846/586/5 847/587/5 848/588/5
f 552/581/35 848/345/35 852/382/35 567/589/35
f 559/520/3 849/214/3 851/347/3 578/480/3
f 558/590/26 549/583/26 541/571/26 540/576/26
f 842/325/23 619/152/23 614/559/23 513/558/23
f 555/584/54 556/577/54 537/553/54 536/572/54
f 554/591/107 562/592/107 575/593/107 572/594/107
f 561/582/40 564/513/40 547/512/40 531/557/40
f 553/376/108 557/12/108 539/19/108 534/348/108
f 553/578/109 556/577/109 573/524/109 570/595/109
f 550/596/52 558/590/52 540/576/52 532/579/52
f 563/597/103 550/596/103 532/579/103 546/580/103
f 555/584/55 549/583/55 580/523/55 571/525/55
f 565/380/98 563/381/98 546/357/98 548/356/98
f 561/582/53 552/581/53 567/589/53 583/530/53
f 850/588/17 849/587/17 843/586/17 845/585/17
f 581/365/3 853/365/3 847/353/3 426/575/3 566/598/3
f 577/466/26 580/523/26 549/583/26 558/590/26
f 372/383/73 668/93/73 446/92/73 360/181/73
f 571/525/55 580/523/55 331/240/55 338/38/55
f 568/467/52 577/466/52 558/590/52 550/596/52
f 583/530/53 567/589/53 351/250/53 353/249/53
f 578/480/3 851/347/3 354/387/3 356/173/3
f 583/530/40 585/529/40 564/513/40 561/582/40
f 574/367/23 585/529/23 352/384/23 364/385/23
f 582/470/103 568/467/103 550/596/103 563/597/103
f 852/500/110 853/499/110 355/182/110 357/185/110
f 586/134/98 582/133/98 563/381/98 565/380/98
f 570/53/111 576/13/111 557/12/111 553/376/111
f 579/594/17 569/593/17 551/592/17 560/591/17
f 567/589/35 852/382/35 357/387/35 351/250/35
f 571/525/54 573/524/54 556/577/54 555/584/54
f 570/595/112 573/524/112 344/37/112 345/67/112
f 581/365/3 566/598/3 361/386/3 355/385/3
f 376/56/85 664/389/85 437/341/85 438/57/85
f 379/131/85 336/390/85 664/389/85 376/56/85
f 333/52/85 586/134/85 336/390/85 447/15/85
f 356/391/21 371/383/21 658/392/21 578/393/21
f 465/222/21 448/48/21 660/394/21 658/392/21
f 448/48/113 328/47/113 661/395/113 660/394/113
f 328/47/114 329/231/114 657/396/114 661/395/114
f 329/231/115 631/230/115 665/397/115 657/396/115
f 845/326/23 842/325/23 513/558/23 547/512/23
f 631/230/116 673/229/116 409/398/116 462/399/116
f 440/114/15 587/77/15 441/400/15 405/401/15
f 461/402/15 591/178/15 443/149/15 409/148/15
f 590/81/15 591/178/15 461/402/15 408/82/15
f 590/81/15 592/80/15 593/89/15 407/88/15
f 591/178/15 442/177/15 410/403/15 443/149/15
f 594/599/1 474/600/1 632/476/1 641/471/1
f 366/289/1 497/502/1 504/544/1 365/290/1
f 493/457/1 598/514/1 597/547/1 654/501/1
f 598/514/1 596/472/1 476/475/1 488/522/1
f 604/479/1 595/517/1 498/520/1 506/480/1
f 488/522/1 599/521/1 600/516/1 499/545/1
f 597/547/1 497/502/1 654/501/1
f 592/535/1 647/536/1 633/477/1 593/601/1
f 241/406/1 602/515/1 604/479/1 367/176/1
f 603/518/1 605/542/1 402/564/1 490/519/1
f 493/167/17 654/167/17 417/167/17 491/167/17
f 368/122/1 607/498/1 497/502/1 366/289/1
f 588/602/1 645/473/1 639/603/1 418/604/1
f 507/220/49 358/299/49 363/180/49 472/179/49
f 608/503/1 607/498/1 507/497/1 655/605/1
f 679/165/15 681/165/15 392/165/15 452/165/15
f 613/7/90 428/6/90 384/469/90 381/606/90
f 612/213/98 623/212/98 390/411/98 387/412/98
f 615/486/55 627/485/55 524/569/55 510/555/55
f 625/314/117 613/7/117 381/606/117 817/607/117
f 617/207/35 611/487/35 425/526/35 420/208/35
f 433/76/73 667/293/73 636/73/73
f 615/486/54 610/462/54 805/461/54 398/483/54
f 614/559/23 619/152/23 422/151/23 427/608/23
f 625/463/118 610/462/118 522/552/118 519/551/118
f 626/527/40 614/559/40 427/608/40 414/528/40
f 616/563/52 618/562/52 399/609/52 391/610/52
f 624/492/3 620/371/3 841/370/3 526/564/3
f 618/562/26 627/485/26 744/484/26 399/609/26
f 617/496/5 622/495/5 839/574/5 840/573/5
f 623/570/103 616/563/103 391/610/103 390/611/103
f 619/496/17 620/495/17 421/494/17 422/493/17
f 626/527/53 611/487/53 525/482/53 511/556/53
f 676/74/11 643/226/11 452/225/11 675/75/11
f 628/534/32 635/533/32 386/504/32 483/508/32
f 647/536/1 638/492/1 402/564/1 605/542/1
f 635/533/33 642/538/33 485/505/33 386/504/33
f 688/309/119 638/308/119 475/420/119 408/421/119
f 630/264/22 628/263/22 483/34/22 484/33/22
f 419/458/1 634/503/1 494/605/1 380/612/1
f 633/477/1 647/536/1 605/542/1 601/478/1
f 682/26/42 644/422/42 392/423/42 681/424/42
f 680/227/120 643/226/120 431/425/120 403/426/120
f 672/191/10 646/266/10 436/265/10 670/427/10
f 673/229/121 640/428/121 461/429/121 409/398/121
f 641/471/1 645/473/1 588/602/1 594/599/1
f 639/603/1 645/473/1 606/459/1 471/613/1
f 633/477/1 632/476/1 474/600/1 593/601/1
f 429/43/122 677/42/122 678/614/122 396/615/122 397/468/122
f 630/264/7 646/266/7 374/433/7 478/261/7
f 642/279/8 637/27/8 648/434/8
f 641/471/1 632/476/1 476/475/1 596/472/1
f 330/343/123 411/342/123 464/218/123 629/192/123
f 485/539/8 642/279/8 648/434/8 460/434/8
f 609/459/1 419/458/1 380/612/1 460/613/1
f 649/31/42 369/297/42 337/50/42 502/32/42
f 649/31/42 653/30/42 394/160/42 393/194/42
f 652/287/7 650/267/7 489/36/7 501/269/7
f 651/288/7 370/297/7 346/130/7 458/132/7
f 651/288/7 652/287/7 501/269/7 509/286/7
f 394/160/124 653/30/124 401/281/124 395/161/124
f 470/435/17 493/435/17 491/435/17 459/435/17
f 380/436/5 494/437/5 655/169/5 656/168/5
f 600/516/1 599/521/1 603/518/1 595/517/1
f 528/489/3 839/126/3 622/141/3 621/510/3
f 430/135/3 520/438/3 518/10/3 433/439/3
f 657/396/21 665/397/21 624/440/21 526/441/21
f 658/392/21 371/383/21 359/181/21 465/222/21
f 658/392/21 660/394/21 559/442/21 578/393/21
f 660/394/21 661/395/21 542/443/21 559/442/21
f 661/395/21 657/396/21 526/441/21 542/443/21
f 456/62/1 453/62/1 457/62/1
f 665/397/21 631/230/21 462/399/21 659/444/21
f 667/293/73 415/337/73 432/105/73 636/73/73
f 624/440/21 665/397/21 659/444/21 424/445/21
f 662/94/73 668/93/73 566/446/73 426/198/73
f 667/293/73 663/292/73 528/354/73 621/335/73
f 666/164/73 663/292/73 518/291/73 434/158/73
f 416/107/15 669/447/15 432/448/15 415/449/15
f 629/192/125 672/191/125 670/427/125 330/343/125
f 466/450/20 640/428/20 673/229/20 406/228/20
f 374/433/10 646/266/10 672/191/10 671/190/10
f 436/187/15 466/187/15 406/187/15 670/187/15
f 452/95/15 392/95/15 389/96/15 675/96/15
f 431/425/11 643/226/11 676/74/11 674/104/11
f 392/423/14 644/422/14 677/42/14 389/41/14
f 674/451/15 432/448/15 669/447/15 441/400/15
f 678/614/14 677/42/14 644/422/14 388/616/14
f 639/453/126 680/227/126 403/426/126 418/454/126
f 637/27/42 682/26/42 681/424/42 648/434/42
f 471/165/127 648/165/127 681/165/127 679/165/127
f 471/455/49 679/224/49 680/227/49 639/453/49
f 682/26/42 683/464/42 388/616/42 644/422/42
f 674/451/15 441/400/15 587/77/15 431/78/15
f 640/428/128 688/309/128 408/421/128 461/429/128
f 466/450/28 687/307/28 688/309/28 640/428/28
f 467/46/28 686/305/28 687/307/28 466/450/28
f 468/45/28 685/303/28 686/305/28 467/46/28
f 469/221/28 684/301/28 685/303/28 468/45/28
f 362/180/28 373/298/28 684/301/28 469/221/28
f 372/383/73 361/391/73 566/446/73 668/93/73
f 393/194/83 32/130/83 369/297/83 649/31/83
f 664/389/85 565/380/85 548/356/85 437/341/85
f 336/390/85 379/131/85 342/16/85 447/15/85
f 336/390/85 586/134/85 565/380/85 664/389/85
f 411/342/129 512/210/129 612/213/129 464/218/129
f 437/341/130 548/356/130 512/210/130 411/342/130
f 297/342/36 284/341/36 179/356/36 143/210/36
f 343/15/131 335/390/131 6/131/131 341/16/131
f 327/219/36 300/218/36 246/213/36 14/412/36
f 300/218/36 297/342/36 143/210/36 246/213/36
f 284/341/36 319/389/36 196/380/36 179/356/36
f 319/389/36 335/390/36 217/134/36 196/380/36
f 690/617/15 708/618/15 695/619/15 694/620/15
f 701/22/132 697/621/132 698/622/132 24/137/132
f 702/61/2 695/623/2 696/624/2 700/410/2
f 710/625/133 705/625/133 712/625/133 690/625/133
f 703/452/134 717/28/134 699/626/134 693/627/134
f 690/628/135 712/628/135 707/629/135 708/629/135
f 697/621/136 701/22/136 713/21/136 714/630/136
f 720/631/32 692/632/32 718/21/32 721/633/32
f 708/625/3 707/625/3 706/625/3
f 708/625/3 706/625/3 725/634/3 724/634/3
f 703/452/137 693/627/137 694/635/137 704/431/137
f 710/628/17 709/628/17 711/628/17 705/628/17
f 723/625/1 722/625/1 711/625/1 709/625/1
f 714/636/136 713/413/136 700/410/136 696/624/136
f 708/637/15 715/638/15 696/639/15 695/619/15
f 697/640/15 714/641/15 696/639/15 715/638/15
f 715/638/15 728/642/15 727/643/15 697/640/15
f 692/644/15 719/645/15 693/646/15 699/647/15
f 717/28/22 718/278/22 692/648/22 699/626/22
f 710/649/15 690/620/15 719/645/15 709/650/15
f 693/646/15 719/645/15 690/620/15 694/651/15
f 691/652/32 720/631/32 721/633/32 716/254/32
f 720/653/15 709/650/15 719/645/15 692/644/15
f 709/650/15 720/653/15 691/654/15 723/655/15
f 704/431/138 694/635/138 695/623/138 702/61/138
f 724/634/3 726/634/3 708/625/3
f 726/656/15 728/642/15 715/638/15 708/637/15
f 727/643/15 698/657/15 697/640/15
f 729/658/19 733/659/19 734/660/19 748/661/19
f 740/610/132 744/484/132 737/662/132 736/663/132
f 741/219/2 739/412/2 735/664/2 734/665/2
f 750/625/133 729/625/133 443/625/133 745/625/133
f 742/433/139 732/666/139 738/667/139 756/261/139
f 729/628/135 748/629/135 747/629/135 443/628/135
f 736/663/136 753/491/136 752/611/136 740/610/136
f 759/668/32 760/669/32 757/531/32 731/491/32
f 748/625/3 746/625/3 747/625/3
f 748/625/3 763/634/3 764/634/3 746/625/3
f 742/433/137 743/190/137 733/670/137 732/666/137
f 750/628/17 745/628/17 751/628/17 749/628/17
f 762/625/1 749/625/1 751/625/1 761/625/1
f 753/671/136 735/664/136 739/412/136 752/411/136
f 748/672/19 734/660/19 735/673/19 754/674/19
f 736/675/19 754/674/19 735/673/19 753/676/19
f 754/674/19 736/675/19 766/643/19 767/642/19
f 731/677/19 738/678/19 732/679/19 758/680/19
f 756/261/22 738/667/22 731/681/22 757/262/22
f 750/682/19 749/683/19 758/680/19 729/659/19
f 732/679/19 733/684/19 729/659/19 758/680/19
f 730/600/32 755/532/32 760/669/32 759/668/32
f 759/685/19 731/677/19 758/680/19 749/683/19
f 749/683/19 762/655/19 730/654/19 759/685/19
f 743/190/138 741/219/138 734/665/138 733/670/138
f 763/634/3 748/625/3 765/634/3
f 765/656/19 748/672/19 754/674/19 767/642/19
f 766/643/19 736/675/19 737/657/19
f 768/658/15 771/659/15 772/660/15 784/661/15
f 777/418/140 24/137/140 698/622/140 774/686/140
f 778/219/90 776/412/90 773/664/90 772/665/90
f 786/625/141 768/625/141 74/625/141 781/625/141
f 779/433/142 770/666/142 775/667/142 791/261/142
f 768/628/143 784/629/143 783/629/143 74/628/143
f 774/686/144 789/636/144 788/419/144 777/418/144
f 794/687/33 795/688/33 792/253/33 769/689/33
f 784/625/3 782/625/3 783/625/3
f 784/625/3 724/634/3 725/634/3 782/625/3
f 779/433/145 780/190/145 771/670/145 770/666/145
f 786/628/5 781/628/5 787/628/5 785/628/5
f 723/625/1 785/625/1 787/625/1 722/625/1
f 789/671/144 773/664/144 776/412/144 788/411/144
f 784/672/15 772/660/15 773/673/15 790/674/15
f 774/675/15 790/674/15 773/673/15 789/676/15
f 790/674/15 774/675/15 727/643/15 728/642/15
f 769/677/15 775/678/15 770/679/15 793/680/15
f 791/261/8 775/667/8 769/681/8 792/262/8
f 786/682/15 785/683/15 793/680/15 768/659/15
f 770/679/15 771/684/15 768/659/15 793/680/15
f 691/652/33 716/254/33 795/688/33 794/687/33
f 794/685/15 769/677/15 793/680/15 785/683/15
f 785/683/15 723/655/15 691/654/15 794/685/15
f 780/190/146 778/219/146 772/665/146 771/670/146
f 724/634/3 784/625/3 726/634/3
f 726/656/15 784/672/15 790/674/15 728/642/15
f 727/643/15 774/675/15 698/657/15
f 796/617/19 812/618/19 800/619/19 799/620/19
f 805/461/147 802/690/147 737/662/147 744/484/147
f 806/469/90 800/623/90 801/624/90 804/606/90
f 814/625/141 809/625/141 816/625/141 796/625/141
f 807/616/148 820/465/148 803/626/148 798/627/148
f 796/628/143 816/628/143 811/629/143 812/629/143
f 802/690/144 805/461/144 817/460/144 818/691/144
f 823/692/33 797/604/33 821/537/33 824/693/33
f 812/625/3 811/625/3 810/625/3
f 812/625/3 810/625/3 764/634/3 763/634/3
f 807/616/145 798/627/145 799/635/145 808/614/145
f 814/628/5 813/628/5 815/628/5 809/628/5
f 762/625/1 761/625/1 815/625/1 813/625/1
f 818/636/144 817/607/144 804/606/144 801/624/144
f 812/637/19 819/638/19 801/639/19 800/619/19
f 802/640/19 818/641/19 801/639/19 819/638/19
f 819/638/19 767/642/19 766/643/19 802/640/19
f 797/644/19 822/645/19 798/646/19 803/647/19
f 820/465/8 821/546/8 797/648/8 803/626/8
f 814/649/19 796/620/19 822/645/19 813/650/19
f 798/646/19 822/645/19 796/620/19 799/651/19
f 730/600/33 823/692/33 824/693/33 755/532/33
f 823/653/19 813/650/19 822/645/19 797/644/19
f 813/650/19 823/653/19 730/654/19 762/655/19
f 808/614/146 799/635/146 800/623/146 806/469/146
f 763/634/3 765/634/3 812/625/3
f 765/656/19 767/642/19 819/638/19 812/637/19
f 766/643/19 737/657/19 802/640/19
f 160/329/149 152/328/149 826/324/149 825/340/149
f 158/328/150 147/329/150 827/340/150 828/324/150
f 147/329/151 164/330/151 829/362/151 827/340/151
f 152/328/152 166/331/152 830/361/152 826/324/152
f 169/331/153 158/328/153 828/324/153 831/361/153
f 176/330/154 160/329/154 825/340/154 832/362/154
f 164/330/155 169/331/155 831/361/155 829/362/155
f 166/331/156 176/330/156 832/362/156 830/361/156
f 193/373/157 185/372/157 834/364/157 833/363/157
f 191/372/150 182/373/150 835/363/150 836/364/150
f 182/373/151 200/374/151 837/183/151 835/363/151
f 185/372/158 203/375/158 838/184/158 834/364/158
f 210/375/153 191/372/153 836/364/153 205/184/153
f 200/374/155 210/375/155 205/184/155 837/183/155
f 206/374/159 193/373/159 833/363/159 212/183/159
f 203/375/160 206/374/160 212/183/160 838/184/160
f 529/566/155 521/565/155 840/573/155 839/574/155
f 527/565/156 516/566/156 841/574/156 842/573/156
f 516/566/154 533/567/154 843/586/154 841/574/154
f 521/565/153 535/568/153 844/585/153 840/573/153
f 538/568/152 527/565/152 842/573/152 845/585/152
f 545/567/151 529/566/151 839/574/151 846/586/151
f 533/567/149 538/568/149 845/585/149 843/586/149
f 535/568/150 545/567/150 846/586/150 844/585/150
f 562/592/161 554/591/161 848/588/161 847/587/161
f 560/591/156 551/592/156 849/587/156 850/588/156
f 551/592/154 569/593/154 851/499/154 849/587/154
f 554/591/162 572/594/162 852/500/162 848/588/162
f 579/594/152 560/591/152 850/588/152 574/500/152
f 569/593/149 579/594/149 574/500/149 851/499/149
f 575/593/163 562/592/163 847/587/163 853/499/163
f 572/594/164 575/593/164 853/499/164 852/500/164
l 65 28
l 63 66
l 149 66
l 151 65
o vent
v -1.190924 3.574084 0.000080
v -1.190924 3.574084 0.478019
v -1.955627 3.574084 0.478019
v -1.955627 3.574084 0.000080
v -1.955627 3.574084 -0.477859
v -1.190924 3.574084 -0.477859
v -1.955627 3.191733 -0.477859
v -1.190924 3.191733 -0.477859
v -1.190924 3.313846 -0.477859
v -1.955627 3.313846 -0.477859
v -1.190924 3.386493 -0.477859
v -1.955627 3.386493 -0.477859
v -1.955627 3.386493 0.478019
v -1.190924 3.386493 0.478019
v -1.190924 3.191733 0.478019
v -1.955627 3.191733 0.478019
v -1.955627 3.313846 0.478019
v -1.190924 3.313846 0.478019
v -1.190924 3.430703 0.000080
v -1.190924 3.366898 0.000080
v -1.955627 3.430703 0.000080
v -1.955627 3.366898 0.000080
v 1.101099 3.574084 0.000080
v 1.101099 3.574084 -0.477859
v 1.865802 3.574084 -0.477859
v 1.101099 3.574084 0.478019
v 1.865802 3.191733 0.478019
v 1.101099 3.191733 0.478019
v 1.101099 3.313846 0.478019
v 1.865802 3.313846 0.478019
v 1.101099 3.386493 0.478019
v 1.865802 3.386493 0.478019
v 1.865802 3.386493 -0.477859
v 1.101099 3.386493 -0.477859
v 1.101099 3.191733 -0.477859
v 1.865802 3.191733 -0.477859
v 1.865802 3.313846 -0.477859
v 1.101099 3.313846 -0.477859
v 1.101099 3.430703 0.000080
v 1.101099 3.366898 0.000080
v 1.865802 3.366898 0.000080
v 1.865802 3.574084 0.000080
v 1.865802 3.574084 0.478019
v 1.865802 3.430703 0.000080
vn -0.0000 1.0000 -0.0000
vn -0.0000 -0.0000 1.0000
vn -0.0000 -0.0000 -1.0000
vn 1.0000 -0.0000 -0.0000
vn -1.0000 -0.0000 -0.0000
vn -0.0000 -1.0000 -0.0000
vt 0.742188 0.806641
vt 0.710938 0.806641
vt 0.710938 0.744141
vt 0.742188 0.744141
vt 0.679688 0.744141
vt 0.679688 0.806641
vt 0.669922 0.806641
vt 0.669922 0.744141
vt 0.677734 0.775391
vt 0.669922 0.775391
vt 0.673828 0.775391
s 0
usemtl Material
f 858/694/165 857/695/165 854/696/165 859/697/165
f 869/698/166 868/699/166 871/700/166 870/701/166
f 861/698/167 860/699/167 863/700/167 862/701/167
f 859/701/167 864/698/167 865/699/167 858/700/167
f 856/701/166 866/698/166 867/699/166 855/700/166
f 872/702/168 864/699/168 859/700/168 854/703/168
f 862/701/168 873/704/168 871/700/168
f 858/701/169 865/698/169 874/702/169 857/703/169
f 855/701/168 867/698/168 872/702/168 854/703/168
f 870/701/169 875/704/169 863/700/169
f 892/702/168 876/703/168 879/701/168 884/698/168
f 861/701/168 862/698/168 871/699/168 868/700/168
f 869/701/169 870/698/169 863/699/169 860/700/169
f 860/697/170 861/694/170 868/699/170 869/698/170
f 855/698/165 854/696/165 857/695/165 856/699/165
f 888/701/168 891/698/168 882/699/168 881/700/168
f 880/701/169 883/698/169 890/699/169 889/700/169
f 881/699/167 882/700/167 883/701/167 880/698/167
f 895/695/170 896/699/170 879/698/170 876/696/170
f 879/700/167 896/701/167 885/698/167 884/699/167
f 878/700/166 877/701/166 887/698/166 886/699/166
f 886/698/169 897/702/169 895/703/169 878/701/169
f 891/701/168 893/704/168 882/700/168
f 896/700/169 895/703/169 897/702/169 885/699/169
f 866/699/169 856/700/169 857/703/169 874/702/169
f 883/701/169 894/704/169 890/700/169
f 889/699/166 890/700/166 891/701/166 888/698/166
f 880/698/165 889/697/165 888/694/165 881/699/165
f 878/694/170 895/695/170 876/696/170 877/697/170
f 877/700/168 876/703/168 892/702/168 887/699/168
o DOOR_L
v 2.935404 0.610863 1.529487
v 2.935404 1.279978 1.792354
v 2.935404 1.279978 1.720663
v 2.935404 0.610863 1.569395
v 1.788349 1.375566 1.711343
v 1.788349 1.374930 1.784575
v 1.788349 2.642104 1.680755
v 1.788349 1.279978 1.792354
v 1.668864 0.491377 1.529486
v 1.668864 2.737691 1.672867
v 3.030991 2.737691 1.672867
v 3.030991 0.491377 1.529486
v 3.030991 1.279976 1.792352
v 1.668864 1.279976 1.792352
v 3.030991 2.737691 1.577280
v 1.668864 2.737691 1.577280
v 1.668864 0.610861 1.529486
v 1.668864 1.279976 1.720661
v 3.030991 0.610861 1.529486
v 3.030991 1.279976 1.720661
v 2.935404 2.737692 1.672869
v 1.788349 2.737692 1.672869
v 1.788349 2.737692 1.577281
v 2.935404 2.737692 1.577281
v 1.668865 0.610863 1.570829
v 2.935404 0.491378 1.529487
v 2.935404 1.375566 1.648972
v 2.935404 1.375566 1.711343
v 2.935404 1.662329 1.683145
v 2.935404 1.662329 1.648972
v 2.935404 1.374929 1.784580
v 2.935404 1.662329 1.792354
v 2.935404 2.642104 1.680755
v 1.788349 0.610863 1.570829
v 1.788349 1.375566 1.648972
v 1.788349 1.662329 1.648972
v 1.788349 1.662329 1.683145
v 1.788349 1.662329 1.761049
v 1.788349 1.662329 1.792354
v 1.788349 2.642104 1.586601
v 1.788349 1.279978 1.720663
v 2.935404 2.642104 1.586683
v 1.668864 2.642104 1.680702
v 1.668864 2.642104 1.586682
v 3.030991 2.642104 1.586681
v 3.030991 2.642104 1.680702
v 1.668864 1.374929 1.784569
v 1.788349 0.491377 1.529486
v 1.788349 0.610862 1.529486
v 3.030991 0.610863 1.569314
v 3.030991 1.374928 1.784569
vn -0.0000 -0.0975 -0.9952
vn -0.0003 -0.0979 -0.9952
vn 1.0000 -0.0000 -0.0000
vn -0.0000 -0.0000 -1.0000
vn -0.0000 -1.0000 -0.0000
vn -0.0000 0.2747 -0.9615
vn -1.0000 -0.0000 -0.0000
vn -0.0000 0.0822 0.9966
vn -0.0000 -0.0979 -0.9952
vn 0.0003 0.0817 0.9967
vn -0.0002 0.0820 0.9966
vn -0.0000 -0.0270 0.9996
vn 0.0006 -0.3219 0.9468
vn 0.0004 -0.3162 0.9487
vn -0.0000 -0.3143 0.9493
vn -0.0000 -0.3270 0.9450
vn 0.0004 -0.3165 0.9486
vn -0.0000 1.0000 -0.0000
vn -0.0000 -1.0000 -0.0087
vn 0.0003 0.0820 0.9966
vn -0.0003 -0.0975 -0.9952
vn -0.0000 0.0817 0.9967
vn -0.0002 0.0817 0.9967
vn 0.0001 0.0816 0.9967
vt 0.623047 0.957031
vt 0.623047 0.964844
vt 0.703125 0.964844
vt 0.703125 0.957031
vt 0.615234 0.861328
vt 0.615234 0.957031
vt 0.623047 0.861328
vt 0.667529 0.806641
vt 0.576611 0.806641
vt 0.576611 0.800781
vt 0.667529 0.800781
vt 0.703125 0.867188
vt 0.623047 0.867188
vt 0.623047 0.888672
vt 0.703125 0.888672
vt 0.679688 0.744141
vt 0.679688 0.806641
vt 0.675781 0.806641
vt 0.675781 0.744141
vt 0.703125 0.814453
vt 0.703125 0.861328
vt 0.710938 0.861328
vt 0.710938 0.814453
vt 0.585938 0.802734
vt 0.585938 0.806641
vt 0.652344 0.806641
vt 0.652344 0.800781
vt 0.677734 0.763672
vt 0.673828 0.763672
vt 0.675781 0.792969
vt 0.677734 0.792969
vt 0.703125 0.808594
vt 0.710938 0.808594
vt 0.710938 0.957031
vt 0.615234 0.814453
vt 0.623047 0.814453
vt 0.710938 0.867188
vt 0.615234 0.964844
vt 0.623047 0.808594
vt 0.615234 0.808594
vt 0.679688 0.792969
vt 0.671875 0.792969
vt 0.677734 0.804688
vt 0.671875 0.804688
vt 0.671875 0.744141
vt 0.677734 0.744141
vt 0.679688 0.804688
vt 0.654297 0.806641
vt 0.654297 0.800781
vt 0.591797 0.806641
vt 0.671875 0.806641
vt 0.582031 0.804688
vt 0.582031 0.800781
vt 0.664062 0.800781
vt 0.664062 0.804688
vt 0.710938 0.964844
vt 0.591797 0.800781
vt 0.615234 0.867188
vt 0.673828 0.792969
vt 0.662109 0.800781
vt 0.662109 0.806641
s 0
usemtl Material
f 937/705/171 920/706/171 921/707/171 939/708/171
f 915/709/172 941/710/172 937/705/172 938/711/172
f 904/712/173 935/713/173 934/714/173 937/715/173
f 924/716/174 932/717/174 933/718/174 927/719/174
f 932/720/175 924/721/175 925/722/175 902/723/175
f 898/724/176 900/725/176 917/726/176 916/727/176
f 931/728/173 946/729/173 938/730/173 905/731/173
f 932/732/177 902/733/177 934/734/177 933/735/177
f 923/736/174 898/724/174 916/727/174 909/737/174
f 925/733/173 924/732/173 927/735/173 926/734/173
f 930/708/178 918/707/178 919/706/178 904/705/178
f 900/725/179 939/708/179 942/738/179 917/726/179
f 900/730/177 898/729/177 901/728/177 899/731/177
f 914/739/176 915/709/176 938/711/176 946/740/176
f 930/708/180 928/716/180 948/741/180 943/738/180
f 919/706/181 907/742/181 940/710/181 904/705/181
f 903/717/182 928/716/182 929/719/182 936/718/182
f 901/724/183 931/740/183 945/743/183 923/736/183
f 946/740/174 945/743/174 906/744/174 914/739/174
f 947/727/184 910/726/184 899/725/184 901/724/184
f 931/740/185 905/711/185 911/709/185 922/739/185
f 945/743/186 931/740/186 922/739/186 906/744/186
f 901/724/187 923/736/187 909/737/187 947/727/187
f 928/733/173 926/745/173 929/746/173
f 934/747/188 936/748/188 929/749/188 926/750/188
f 927/720/188 933/751/188 934/747/188 926/750/188
f 939/752/175 930/753/175 937/754/175
f 928/755/189 903/749/189 902/723/189 925/722/189
f 898/724/174 923/736/174 945/743/174 946/740/174
f 901/756/188 898/757/188 946/758/188 931/759/188
f 943/738/190 908/760/190 918/707/190 930/708/190
f 937/705/191 941/710/191 913/742/191 920/706/191
f 937/754/175 930/753/175 904/761/175
f 942/738/179 939/708/179 921/707/179 912/760/179
f 944/762/192 911/709/192 905/711/192 903/717/192
f 940/710/193 944/762/193 903/717/193 904/705/193
f 936/746/177 935/763/177 903/733/177
f 903/764/173 905/731/173 938/730/173 902/765/173
f 948/741/194 928/716/194 899/725/194 910/726/194
f 928/713/173 925/714/173 939/715/173 930/712/173
f 928/764/177 925/765/177 900/730/177 899/731/177
o DOOR_R
v -2.935404 0.610863 -1.529487
v -2.935404 1.279978 -1.792354
v -2.935404 1.279978 -1.720663
v -2.935404 0.610863 -1.569395
v -1.788349 1.375566 -1.711343
v -1.788349 1.374930 -1.784575
v -1.788349 2.642104 -1.680755
v -1.788349 1.279978 -1.792354
v -1.668864 0.491377 -1.529486
v -1.668864 2.737691 -1.672867
v -3.030991 2.737691 -1.672867
v -3.030991 0.491377 -1.529486
v -3.030991 1.279976 -1.792352
v -1.668864 1.279976 -1.792352
v -3.030991 2.737691 -1.577280
v -1.668864 2.737691 -1.577280
v -1.668864 0.610861 -1.529486
v -1.668864 1.279976 -1.720661
v -3.030991 0.610861 -1.529486
v -3.030991 1.279976 -1.720661
v -2.935404 2.737692 -1.672869
v -1.788349 2.737692 -1.672869
v -1.788349 2.737692 -1.577281
v -2.935404 2.737692 -1.577281
v -1.668865 0.610863 -1.570829
v -2.935404 0.491378 -1.529487
v -2.935404 1.375566 -1.648972
v -2.935404 1.375566 -1.711343
v -2.935404 1.662329 -1.683145
v -2.935404 1.662329 -1.648972
v -2.935404 1.374929 -1.784580
v -2.935404 1.662329 -1.792354
v -2.935404 2.642104 -1.680755
v -1.788349 0.610863 -1.570829
v -1.788349 1.375566 -1.648972
v -1.788349 1.662329 -1.648972
v -1.788349 1.662329 -1.683145
v -1.788349 1.662329 -1.761049
v -1.788349 1.662329 -1.792354
v -1.788349 2.642104 -1.586601
v -1.788349 1.279978 -1.720663
v -2.935404 2.642104 -1.586683
v -1.668864 2.642104 -1.680702
v -1.668864 2.642104 -1.586682
v -3.030991 2.642104 -1.586681
v -3.030991 2.642104 -1.680702
v -1.668864 1.374929 -1.784569
v -1.788349 0.491377 -1.529486
v -1.788349 0.610862 -1.529486
v -3.030991 0.610863 -1.569314
v -3.030991 1.374928 -1.784569
vn -0.0000 -0.0975 0.9952
vn 0.0003 -0.0979 0.9952
vn -1.0000 -0.0000 -0.0000
vn -0.0000 -0.0000 1.0000
vn -0.0000 -1.0000 -0.0000
vn -0.0000 0.2747 0.9615
vn 1.0000 -0.0000 -0.0000
vn -0.0000 0.0822 -0.9966
vn -0.0000 -0.0979 0.9952
vn -0.0003 0.0817 -0.9967
vn 0.0002 0.0820 -0.9966
vn -0.0000 -0.0270 -0.9996
vn -0.0006 -0.3219 -0.9468
vn -0.0004 -0.3162 -0.9487
vn -0.0000 -0.3143 -0.9493
vn -0.0000 -0.3270 -0.9450
vn -0.0004 -0.3165 -0.9486
vn -0.0000 1.0000 -0.0000
vn -0.0000 -1.0000 0.0087
vn -0.0003 0.0820 -0.9966
vn 0.0003 -0.0975 0.9952
vn -0.0000 0.0817 -0.9967
vn 0.0002 0.0817 -0.9967
vn -0.0001 0.0816 -0.9967
vt 0.623047 0.957031
vt 0.623047 0.964844
vt 0.703125 0.964844
vt 0.703125 0.957031
vt 0.615234 0.861328
vt 0.615234 0.957031
vt 0.623047 0.861328
vt 0.667529 0.806641
vt 0.576611 0.806641
vt 0.576611 0.800781
vt 0.667529 0.800781
vt 0.703125 0.867188
vt 0.623047 0.867188
vt 0.623047 0.888672
vt 0.703125 0.888672
vt 0.679688 0.744141
vt 0.679688 0.806641
vt 0.675781 0.806641
vt 0.675781 0.744141
vt 0.703125 0.814453
vt 0.703125 0.861328
vt 0.710938 0.861328
vt 0.710938 0.814453
vt 0.585938 0.806641
vt 0.585938 0.802734
vt 0.652344 0.800781
vt 0.652344 0.806641
vt 0.677734 0.763672
vt 0.673828 0.763672
vt 0.675781 0.792969
vt 0.677734 0.792969
vt 0.703125 0.808594
vt 0.710938 0.808594
vt 0.710938 0.957031
vt 0.615234 0.814453
vt 0.623047 0.814453
vt 0.710938 0.867188
vt 0.615234 0.964844
vt 0.623047 0.808594
vt 0.615234 0.808594
vt 0.679688 0.792969
vt 0.671875 0.792969
vt 0.677734 0.804688
vt 0.671875 0.804688
vt 0.671875 0.744141
vt 0.677734 0.744141
vt 0.679688 0.804688
vt 0.591797 0.800781
vt 0.591797 0.806641
vt 0.654297 0.800781
vt 0.671875 0.806641
vt 0.664062 0.800781
vt 0.664062 0.804688
vt 0.582031 0.804688
vt 0.582031 0.800781
vt 0.710938 0.964844
vt 0.654297 0.806641
vt 0.615234 0.867188
vt 0.673828 0.792969
vt 0.662109 0.806641
vt 0.662109 0.800781
s 0
usemtl Material
f 988/766/195 971/767/195 972/768/195 990/769/195
f 966/770/196 992/771/196 988/766/196 989/772/196
f 955/773/197 986/774/197 985/775/197 988/776/197
f 975/777/198 983/778/198 984/779/198 978/780/198
f 983/781/199 975/782/199 976/783/199 953/784/199
f 949/785/200 951/786/200 968/787/200 967/788/200
f 982/789/197 997/790/197 989/791/197 956/792/197
f 983/793/201 953/794/201 985/795/201 984/796/201
f 974/797/198 949/785/198 967/788/198 960/798/198
f 976/794/197 975/793/197 978/796/197 977/795/197
f 981/769/202 969/768/202 970/767/202 955/766/202
f 951/786/203 990/769/203 993/799/203 968/787/203
f 951/791/201 949/790/201 952/789/201 950/792/201
f 965/800/200 966/770/200 989/772/200 997/801/200
f 981/769/204 979/777/204 999/802/204 994/799/204
f 970/767/205 958/803/205 991/771/205 955/766/205
f 954/778/206 979/777/206 980/780/206 987/779/206
f 952/785/207 982/801/207 996/804/207 974/797/207
f 997/801/198 996/804/198 957/805/198 965/800/198
f 998/788/208 961/787/208 950/786/208 952/785/208
f 982/801/209 956/772/209 962/770/209 973/800/209
f 996/804/210 982/801/210 973/800/210 957/805/210
f 952/785/211 974/797/211 960/798/211 998/788/211
f 979/794/197 977/806/197 980/807/197
f 985/808/212 987/809/212 980/810/212 977/811/212
f 978/781/212 984/812/212 985/808/212 977/811/212
f 990/813/199 981/814/199 988/815/199
f 979/816/213 954/810/213 953/784/213 976/783/213
f 949/785/198 974/797/198 996/804/198 997/801/198
f 952/817/212 949/818/212 997/819/212 982/820/212
f 994/799/214 959/821/214 969/768/214 981/769/214
f 988/766/215 992/771/215 964/803/215 971/767/215
f 988/815/199 981/814/199 955/822/199
f 993/799/203 990/769/203 972/768/203 963/821/203
f 995/823/216 962/770/216 956/772/216 954/778/216
f 991/771/217 995/823/217 954/778/217 955/766/217
f 987/807/201 986/824/201 954/794/201
f 954/825/197 956/792/197 989/791/197 953/826/197
f 999/802/218 979/777/218 950/786/218 961/787/218
f 979/774/201 981/773/201 990/776/201 976/775/201
f 979/825/201 976/826/201 951/791/201 950/792/201
o PANEL
v -3.400003 0.597571 1.553496
v -3.400003 1.692787 1.553496
v -3.400003 0.597571 0.945988
v -3.400003 1.692787 0.945988
v -2.807070 0.597571 1.553496
v -2.807070 1.409421 1.553496
v -2.807070 0.597571 0.945988
v -2.807070 1.409421 0.945988
v -3.400003 1.692787 0.242842
v -3.400003 0.597571 0.242842
v -2.588151 0.597571 0.242842
v -2.588151 1.692787 0.242842
v -2.588151 1.457813 0.594415
v -3.132332 1.457813 0.945988
v -3.132332 1.457813 1.553496
v -3.132332 1.457813 0.594415
vn -1.0000 -0.0000 -0.0000
vn 0.6597 0.7515 -0.0000
vn 1.0000 -0.0000 -0.0000
vn -0.0000 -0.0000 1.0000
vn 0.1472 0.9891 -0.0000
vn -0.0000 -0.0000 -1.0000
vn 0.9219 -0.0797 0.3791
vn -0.0000 0.8314 0.5557
vn -0.0000 0.9907 0.1364
vt 0.408203 0.023438
vt 0.527344 0.023438
vt 0.527344 0.089844
vt 0.408203 0.089844
vt 0.886719 0.656250
vt 0.851562 0.658203
vt 0.851562 0.621094
vt 0.886719 0.583984
vt 0.408203 0.660156
vt 0.496094 0.660156
vt 0.496094 0.726562
vt 0.408203 0.726562
vt 0.408203 0.935547
vt 0.496094 0.935547
vt 0.501953 0.970703
vt 0.408203 1.000000
vt 0.810547 0.660156
vt 0.843750 0.660156
vt 0.843750 0.726562
vt 0.810547 0.726562
vt 0.408203 0.250000
vt 0.527344 0.250000
vt 0.527344 0.337891
vt 0.408203 0.337891
vt 0.527344 0.166016
vt 0.408203 0.166016
vt 0.496094 0.656250
vt 0.408203 0.656250
vt 0.408203 0.589844
vt 0.501953 0.617188
vt 0.875000 0.574219
vt 0.845703 0.615234
vt 0.787109 0.613281
vt 0.789062 0.572266
vt 0.843750 0.621094
vt 0.845703 0.658203
vt 0.812500 0.658203
vt 0.851562 0.726562
vt 0.851562 0.660156
vt 0.886719 0.660156
vt 0.886719 0.726562
vt 0.787109 0.621094
vt 0.845703 0.623047
vt 0.810547 0.656250
vt 0.527344 0.589844
vt 0.527344 1.000000
s 0
usemtl controls
f 1000/827/219 1001/828/219 1003/829/219 1002/830/219
f 1003/831/220 1013/832/220 1015/833/220 1008/834/220
f 1006/835/221 1007/836/221 1005/837/221 1004/838/221
f 1004/839/222 1005/840/222 1014/841/222 1000/842/222
f 1007/843/223 1013/844/223 1014/845/223 1005/846/223
f 1009/847/224 1008/848/224 1011/849/224 1010/850/224
f 1002/830/219 1003/829/219 1008/851/219 1009/852/219
f 1007/853/225 1006/854/225 1010/855/225 1012/856/225
f 1008/857/226 1015/858/226 1012/859/226 1011/860/226
f 1015/861/223 1013/862/223 1007/863/223
f 1014/864/220 1013/865/220 1003/866/220 1001/867/220
f 1012/868/227 1015/869/227 1007/870/227
f 1012/856/221 1010/855/221 1011/871/221
f 1000/842/222 1014/841/222 1001/872/222
o REVERSER_1
v -2.945865 1.339520 1.605973
v -2.879385 1.353727 1.605973
v -2.879385 1.353727 1.567874
v -2.945865 1.339520 1.567874
v -2.931659 1.273041 1.605973
v -2.931659 1.273041 1.567874
v -2.865179 1.287246 1.605973
v -2.865179 1.287246 1.567874
v -2.951261 1.303609 1.605973
v -2.951261 1.303609 1.567874
v -2.859784 1.323157 1.567874
v -2.859784 1.323157 1.605973
v -2.915297 1.359121 1.567874
v -2.915297 1.359121 1.605973
v -2.895748 1.267645 1.605973
v -2.895748 1.267645 1.567874
v -2.905522 1.313383 1.567874
v -2.821659 1.476961 1.603303
v -2.793242 1.458827 1.603511
v -2.793072 1.458706 1.569801
v -2.821489 1.476839 1.569593
v -2.901333 1.352973 1.603641
v -2.901163 1.352852 1.569931
v -2.872915 1.334839 1.603849
v -2.872746 1.334718 1.570140
v -2.784420 1.544808 1.608441
v -2.829938 1.471686 1.607830
v -2.748286 1.521490 1.608441
v -2.793804 1.448370 1.607830
v -2.784729 1.544331 1.565279
v -2.830247 1.471211 1.564668
v -2.748595 1.521014 1.565279
v -2.794113 1.447894 1.564668
vn -0.1613 0.7548 0.6358
vn 0.4245 0.6552 0.6249
vn 0.4245 0.6552 -0.6249
vn -0.1613 0.7548 -0.6358
vn -0.7548 -0.1613 0.6358
vn -0.6552 0.4245 0.6249
vn -0.6552 0.4245 -0.6249
vn -0.7548 -0.1613 -0.6358
vn 0.1613 -0.7548 0.6358
vn -0.4245 -0.6552 0.6249
vn -0.4245 -0.6552 -0.6249
vn 0.1613 -0.7548 -0.6358
vn 0.7548 0.1613 0.6358
vn 0.6552 -0.4245 0.6249
vn 0.6552 -0.4245 -0.6249
vn 0.7548 0.1613 -0.6358
vn -0.0000 -0.0000 -1.0000
vn -0.5979 0.3861 0.7025
vn -0.5974 0.3858 0.7030
vn -0.5911 0.3779 -0.7126
vn -0.5930 0.3791 -0.7103
vn 0.5930 -0.3792 0.7103
vn 0.5911 -0.3779 0.7126
vn 0.5975 -0.3858 -0.7030
vn 0.5979 -0.3861 -0.7025
vn -0.0038 -0.0060 1.0000
vn 0.8490 -0.5285 -0.0002
vn 0.0038 0.0060 -1.0000
vn -0.8489 0.5285 0.0002
vn 0.5422 0.8402 -0.0131
vn -0.5421 -0.8402 0.0131
vt 0.829732 0.432726
vt 0.829045 0.432726
vt 0.829045 0.430876
vt 0.829732 0.430876
vt 0.833638 0.432726
vt 0.832951 0.432726
vt 0.832951 0.430876
vt 0.833638 0.430876
vt 0.821919 0.432726
vt 0.821232 0.432726
vt 0.821232 0.430876
vt 0.821919 0.430876
vt 0.825826 0.432726
vt 0.825139 0.432726
vt 0.825139 0.430876
vt 0.825826 0.430876
vt 0.833984 0.427734
vt 0.833984 0.428659
vt 0.833312 0.428407
vt 0.833059 0.427734
vt 0.834909 0.427734
vt 0.834657 0.428407
vt 0.827205 0.432726
vt 0.826518 0.432726
vt 0.826518 0.430876
vt 0.827205 0.430876
vt 0.835018 0.432726
vt 0.834331 0.432726
vt 0.834331 0.430876
vt 0.835018 0.430876
vt 0.834657 0.427062
vt 0.833984 0.426810
vt 0.833312 0.427062
vt 0.823299 0.432726
vt 0.822612 0.432726
vt 0.822612 0.430876
vt 0.823299 0.430876
vt 0.831111 0.432726
vt 0.830424 0.432726
vt 0.830424 0.430876
vt 0.831111 0.430876
vt 0.827748 0.433594
vt 0.828974 0.433594
vt 0.829868 0.433594
vt 0.829042 0.433594
vt 0.825956 0.433594
vt 0.824970 0.433594
vt 0.825594 0.433594
vt 0.826623 0.433594
vt 0.597656 0.335938
vt 0.615234 0.335938
vt 0.615234 0.339844
vt 0.597656 0.339844
vt 0.605469 0.343750
vt 0.597656 0.343750
vt 0.605469 0.339844
vt 0.613281 0.339844
vt 0.613281 0.343750
vt 0.609375 0.343750
vt 0.609375 0.339844
s 1
usemtl mat1
f 1029/873/228 1017/874/229 1018/875/230 1028/876/231
f 1024/877/232 1016/878/233 1019/879/234 1025/880/235
f 1030/881/236 1020/882/237 1021/883/238 1031/884/239
f 1027/885/240 1022/886/241 1023/887/242 1026/888/243
f 1032/889/244 1025/890/235 1019/891/234 1028/892/231
f 1031/893/239 1021/894/238 1025/890/235 1032/889/244
f 1017/895/229 1027/896/240 1026/897/243 1018/898/230
f 1020/899/237 1024/900/232 1025/901/235 1021/902/238
f 1023/903/242 1031/893/239 1032/889/244 1026/904/243
f 1026/904/243 1032/889/244 1028/892/231 1018/905/230
f 1022/906/241 1030/907/236 1031/908/239 1023/909/242
f 1016/910/233 1029/911/228 1028/912/231 1019/913/234
f 1017/914/229 1029/915/228 1016/916/233 1024/917/232 1020/918/237 1030/919/236 1022/920/241 1027/921/240
f 1037/922/245 1033/923/246 1036/924/247 1038/925/248
f 1034/924/249 1039/925/250 1040/922/251 1035/923/252
f 1040/925/251 1038/922/248 1036/923/247 1035/924/252
f 1034/923/249 1033/924/246 1037/925/245 1039/922/250
s 0
f 1041/926/253 1042/927/253 1044/925/253 1043/928/253
f 1043/926/254 1044/927/254 1048/925/254 1047/928/254
f 1047/926/255 1048/927/255 1046/925/255 1045/928/255
f 1045/926/256 1046/927/256 1042/925/256 1041/928/256
f 1043/929/257 1047/930/257 1045/931/257 1041/932/257
f 1048/931/258 1044/932/258 1042/929/258 1046/930/258
o REVERSER_1_ROT_-60
v -2.912968 1.301891 1.481430
v -2.894029 1.305937 1.481430
v -2.912968 1.301891 1.613798
v -2.894029 1.305937 1.613798
v -2.917015 1.320829 1.481430
v -2.898076 1.324876 1.481430
v -2.917015 1.320829 1.613798
v -2.898076 1.324876 1.613798
vn 0.2090 -0.9779 -0.0000
vn -0.0000 -0.0000 1.0000
vn -0.2090 0.9779 -0.0000
vn -0.0000 -0.0000 -1.0000
vn -0.9779 -0.2090 -0.0000
vn 0.9779 0.2090 -0.0000
vt 0.302968 0.055386
s 0
usemtl controls
f 1049/933/259 1050/933/259 1052/933/259 1051/933/259
f 1051/933/260 1052/933/260 1056/933/260 1055/933/260
f 1055/933/261 1056/933/261 1054/933/261 1053/933/261
f 1053/933/262 1054/933/262 1050/933/262 1049/933/262
f 1051/933/263 1055/933/263 1053/933/263 1049/933/263
f 1056/933/264 1052/933/264 1050/933/264 1054/933/264
o THROTTLE_1_INVERT
v -2.787525 1.225234 1.435715
v -2.764274 1.289115 1.435715
v -2.764274 1.289115 1.397615
v -2.787525 1.225234 1.397615
v -2.851406 1.248484 1.435715
v -2.851406 1.248484 1.397615
v -2.828155 1.312366 1.435715
v -2.828155 1.312366 1.397615
v -2.823837 1.224850 1.435715
v -2.823837 1.224850 1.397615
v -2.791844 1.312751 1.397615
v -2.791844 1.312751 1.435715
v -2.763890 1.252804 1.397615
v -2.763890 1.252804 1.435715
v -2.851791 1.284797 1.435715
v -2.851791 1.284797 1.397615
v -2.807840 1.268800 1.397615
v -2.581345 1.354673 1.433045
v -2.595382 1.385322 1.433252
v -2.595477 1.385507 1.399543
v -2.581441 1.354858 1.399335
v -2.768051 1.267481 1.433382
v -2.768147 1.267666 1.399673
v -2.782087 1.298131 1.433591
v -2.782183 1.298315 1.399881
v -2.564965 1.347237 1.448479
v -2.566647 1.347534 1.293268
v -2.605375 1.361947 1.448557
v -2.607058 1.362242 1.293346
v -2.550203 1.387796 1.447912
v -2.551885 1.388093 1.292700
v -2.590613 1.402505 1.447990
v -2.592296 1.402801 1.292778
vn 0.7253 -0.2640 0.6358
vn 0.7076 0.3299 0.6249
vn 0.7076 0.3299 -0.6249
vn 0.7253 -0.2640 -0.6358
vn -0.2640 -0.7253 0.6358
vn 0.3299 -0.7076 0.6249
vn 0.3299 -0.7076 -0.6249
vn -0.2640 -0.7253 -0.6358
vn -0.7253 0.2640 0.6358
vn -0.7076 -0.3299 0.6249
vn -0.7076 -0.3299 -0.6249
vn -0.7253 0.2640 -0.6358
vn 0.2640 0.7253 0.6358
vn -0.3299 0.7076 0.6249
vn -0.3299 0.7076 -0.6249
vn 0.2640 0.7253 -0.6358
vn -0.0000 -0.0000 -1.0000
vn 0.3027 -0.6454 0.7013
vn 0.3015 -0.6429 0.7041
vn 0.2954 -0.6354 -0.7134
vn 0.2971 -0.6390 -0.7095
vn -0.2971 0.6390 0.7095
vn -0.2954 0.6354 0.7134
vn -0.3015 0.6429 -0.7041
vn -0.3027 0.6454 -0.7014
vn -0.3420 -0.9397 0.0019
vn -0.9396 0.3421 0.0108
vn 0.3420 0.9397 -0.0019
vn 0.9396 -0.3421 -0.0108
vn 0.0062 0.0117 0.9999
vn -0.0062 -0.0117 -0.9999
vt 0.829732 0.432726
vt 0.829045 0.432726
vt 0.829045 0.430876
vt 0.829732 0.430876
vt 0.833638 0.432726
vt 0.832951 0.432726
vt 0.832951 0.430876
vt 0.833638 0.430876
vt 0.821919 0.432726
vt 0.821232 0.432726
vt 0.821232 0.430876
vt 0.821919 0.430876
vt 0.825826 0.432726
vt 0.825139 0.432726
vt 0.825139 0.430876
vt 0.825826 0.430876
vt 0.833984 0.427734
vt 0.833984 0.428659
vt 0.833312 0.428407
vt 0.833059 0.427734
vt 0.834909 0.427734
vt 0.834657 0.428407
vt 0.827205 0.432726
vt 0.826518 0.432726
vt 0.826518 0.430876
vt 0.827205 0.430876
vt 0.835018 0.432726
vt 0.834331 0.432726
vt 0.834331 0.430876
vt 0.835018 0.430876
vt 0.834657 0.427062
vt 0.833984 0.426810
vt 0.833312 0.427062
vt 0.823299 0.432726
vt 0.822612 0.432726
vt 0.822612 0.430876
vt 0.823299 0.430876
vt 0.831111 0.432726
vt 0.830424 0.432726
vt 0.830424 0.430876
vt 0.831111 0.430876
vt 0.827748 0.433594
vt 0.828974 0.433594
vt 0.829868 0.433594
vt 0.829042 0.433594
vt 0.825956 0.433594
vt 0.824970 0.433594
vt 0.825594 0.433594
vt 0.826623 0.433594
vt 0.597656 0.335938
vt 0.621094 0.335938
vt 0.621094 0.339844
vt 0.597656 0.339844
vt 0.609375 0.343750
vt 0.597656 0.343750
vt 0.609375 0.339844
vt 0.613281 0.339844
vt 0.613281 0.343750
s 1
usemtl mat1
f 1070/934/265 1069/937/268 1059/936/267 1058/935/266
f 1065/938/269 1066/941/272 1060/940/271 1057/939/270
f 1071/942/273 1072/945/276 1062/944/275 1061/943/274
f 1068/946/277 1067/949/280 1064/948/279 1063/947/278
f 1073/950/281 1069/953/268 1060/952/271 1066/951/272
f 1072/954/276 1073/950/281 1066/951/272 1062/955/275
f 1058/956/266 1059/959/267 1067/958/280 1068/957/277
f 1061/960/274 1062/963/275 1066/962/272 1065/961/269
f 1064/964/279 1067/965/280 1073/950/281 1072/954/276
f 1067/965/280 1059/966/267 1069/953/268 1073/950/281
f 1063/967/278 1064/970/279 1072/969/276 1071/968/273
f 1057/971/270 1060/974/271 1069/973/268 1070/972/265
f 1058/975/266 1068/982/277 1063/981/278 1071/980/273 1061/979/274 1065/978/269 1057/977/270 1070/976/265
f 1078/983/282 1079/986/285 1077/985/284 1074/984/283
f 1075/985/286 1076/984/289 1081/983/288 1080/986/287
f 1081/986/288 1076/985/289 1077/984/284 1079/983/285
f 1075/984/286 1080/983/287 1078/986/282 1074/985/283
s 0
f 1082/987/290 1084/989/290 1085/986/290 1083/988/290
f 1084/987/291 1088/989/291 1089/986/291 1085/988/291
f 1088/987/292 1086/989/292 1087/986/292 1089/988/292
f 1086/987/293 1082/989/293 1083/986/293 1087/988/293
f 1084/990/294 1082/989/294 1086/987/294 1088/991/294
f 1089/987/295 1087/991/295 1083/990/295 1085/989/295
o THROTTLE_1_ROT_40
v -2.816086 1.264956 1.388186
v -2.811685 1.277045 1.388186
v -2.816086 1.264956 1.442849
v -2.811685 1.277045 1.442849
v -2.803997 1.260556 1.388186
v -2.799597 1.272645 1.388186
v -2.803997 1.260556 1.442849
v -2.799597 1.272645 1.442849
vn -0.9397 0.3420 -0.0000
vn -0.0000 -0.0000 1.0000
vn 0.9397 -0.3420 -0.0000
vn -0.0000 -0.0000 -1.0000
vn -0.3420 -0.9397 -0.0000
vn 0.3420 0.9397 -0.0000
vt 0.302968 0.055386
s 0
usemtl controls.001
f 1090/992/296 1092/992/296 1093/992/296 1091/992/296
f 1092/992/297 1096/992/297 1097/992/297 1093/992/297
f 1096/992/298 1094/992/298 1095/992/298 1097/992/298
f 1094/992/299 1090/992/299 1091/992/299 1095/992/299
f 1092/992/300 1090/992/300 1094/992/300 1096/992/300
f 1097/992/301 1095/992/301 1091/992/301 1093/992/301
o TRAIN_BRAKE_1
v -2.428508 1.408588 0.502207
v -2.513295 1.408588 0.549679
v -2.513295 1.354129 0.549679
v -2.428508 1.354129 0.502207
v -2.475980 1.408588 0.417420
v -2.475980 1.354129 0.417420
v -2.560767 1.408588 0.464892
v -2.560767 1.354129 0.464892
v -2.436305 1.408588 0.450889
v -2.436305 1.354129 0.450889
v -2.552971 1.354129 0.516211
v -2.552971 1.408588 0.516211
v -2.461977 1.354129 0.541883
v -2.461977 1.408588 0.541883
v -2.527299 1.408588 0.425216
v -2.527299 1.354129 0.425216
v -2.494638 1.354129 0.483550
v -2.540090 1.404772 0.742344
v -2.586555 1.405069 0.729580
v -2.586837 1.356884 0.729487
v -2.540373 1.356587 0.742251
v -2.483641 1.405254 0.539383
v -2.483924 1.357070 0.539290
v -2.530106 1.405552 0.526619
v -2.530388 1.357368 0.526525
v -2.562640 1.412099 0.851953
v -2.498642 1.412819 0.616119
v -2.621831 1.412099 0.835368
v -2.557833 1.412819 0.599535
v -2.562420 1.350403 0.851172
v -2.498422 1.351124 0.615338
v -2.621610 1.350403 0.834588
v -2.557612 1.351123 0.598754
v -2.506334 1.412733 0.644463
v -2.565524 1.412733 0.627879
v -2.565304 1.351037 0.627098
v -2.506114 1.351037 0.643682
v -2.613648 1.412191 0.805215
v -2.613427 1.350495 0.804434
v -2.554237 1.350495 0.821018
v -2.554457 1.412191 0.821799
v -2.641761 1.405092 0.805354
v -2.646325 1.405027 0.822172
v -2.646197 1.357615 0.821727
v -2.584378 1.405604 0.593895
v -2.584250 1.358192 0.593448
v -2.641633 1.357680 0.804908
v -2.588689 1.405543 0.609784
v -2.588562 1.358131 0.609337
vn 0.3771 0.6358 0.6735
vn -0.2120 0.6249 0.7514
vn -0.2120 -0.6249 0.7514
vn 0.3771 -0.6358 0.6735
vn 0.6735 0.6358 -0.3771
vn 0.7514 0.6249 0.2120
vn 0.7514 -0.6249 0.2120
vn 0.6735 -0.6358 -0.3771
vn -0.3771 0.6358 -0.6735
vn 0.2120 0.6249 -0.7514
vn 0.2120 -0.6249 -0.7514
vn -0.3771 -0.6358 -0.6735
vn -0.6735 0.6358 0.3771
vn -0.7514 0.6249 -0.2120
vn -0.7514 -0.6249 -0.2120
vn -0.6735 -0.6358 0.3771
vn -0.0000 -1.0000 -0.0000
vn 0.6853 0.7025 0.1923
vn 0.6848 0.7030 0.1921
vn 0.6763 -0.7126 0.1864
vn 0.6786 -0.7103 0.1870
vn -0.6786 0.7103 -0.1870
vn -0.6763 0.7126 -0.1864
vn -0.6848 -0.7030 -0.1921
vn -0.6853 -0.7025 -0.1923
vn -0.0008 1.0000 0.0028
vn -0.4689 -0.0114 0.8832
vn 0.0008 -1.0000 -0.0028
vn 0.9651 0.0001 0.2619
vn -0.2698 -0.0131 0.9628
vn 0.2698 0.0132 -0.9628
vn -0.9651 -0.0001 -0.2619
vn -0.2471 -0.9664 -0.0703
vn -0.2493 0.9663 -0.0644
vn -0.6112 -0.0109 0.7914
vn 0.2015 0.0117 -0.9794
vn -0.0109 0.0112 -0.9999
vn -0.2427 -0.9676 -0.0691
vn -0.2449 0.9675 -0.0632
vt 0.829732 0.432726
vt 0.829045 0.432726
vt 0.829045 0.430876
vt 0.829732 0.430876
vt 0.833638 0.432726
vt 0.832951 0.432726
vt 0.832951 0.430876
vt 0.833638 0.430876
vt 0.821919 0.432726
vt 0.821232 0.432726
vt 0.821232 0.430876
vt 0.821919 0.430876
vt 0.825826 0.432726
vt 0.825139 0.432726
vt 0.825139 0.430876
vt 0.825826 0.430876
vt 0.833984 0.427734
vt 0.833984 0.428659
vt 0.833312 0.428407
vt 0.833059 0.427734
vt 0.834909 0.427734
vt 0.834657 0.428407
vt 0.827205 0.432726
vt 0.826518 0.432726
vt 0.826518 0.430876
vt 0.827205 0.430876
vt 0.835018 0.432726
vt 0.834331 0.432726
vt 0.834331 0.430876
vt 0.835018 0.430876
vt 0.834657 0.427062
vt 0.833984 0.426810
vt 0.833312 0.427062
vt 0.823299 0.432726
vt 0.822612 0.432726
vt 0.822612 0.430876
vt 0.823299 0.430876
vt 0.831111 0.432726
vt 0.830424 0.432726
vt 0.830424 0.430876
vt 0.831111 0.430876
vt 0.827748 0.433594
vt 0.828974 0.433594
vt 0.829868 0.433594
vt 0.829042 0.433594
vt 0.825956 0.433594
vt 0.824970 0.433594
vt 0.825594 0.433594
vt 0.826623 0.433594
vt 0.597656 0.335938
vt 0.615234 0.335938
vt 0.615234 0.339844
vt 0.597656 0.339844
vt 0.619141 0.335938
vt 0.617188 0.335938
vt 0.617188 0.332031
vt 0.619141 0.332031
vt 0.613281 0.332031
vt 0.613281 0.335938
vt 0.609375 0.335938
vt 0.609375 0.332031
vt 0.605469 0.335938
vt 0.605469 0.332031
vt 0.609375 0.347656
vt 0.597656 0.347656
vt 0.597656 0.343750
vt 0.609375 0.343750
vt 0.615234 0.335938
vt 0.615234 0.332031
vt 0.613281 0.333984
vt 0.615234 0.333984
vt 0.619141 0.333984
vt 0.617188 0.333984
s 1
usemtl mat1
f 1111/993/302 1099/994/303 1100/995/304 1110/996/305
f 1106/997/306 1098/998/307 1101/999/308 1107/1000/309
f 1112/1001/310 1102/1002/311 1103/1003/312 1113/1004/313
f 1109/1005/314 1104/1006/315 1105/1007/316 1108/1008/317
f 1114/1009/318 1107/1010/309 1101/1011/308 1110/1012/305
f 1113/1013/313 1103/1014/312 1107/1010/309 1114/1009/318
f 1099/1015/303 1109/1016/314 1108/1017/317 1100/1018/304
f 1102/1019/311 1106/1020/306 1107/1021/309 1103/1022/312
f 1105/1023/316 1113/1013/313 1114/1009/318 1108/1024/317
f 1108/1024/317 1114/1009/318 1110/1012/305 1100/1025/304
f 1104/1026/315 1112/1027/310 1113/1028/313 1105/1029/316
f 1098/1030/307 1111/1031/302 1110/1032/305 1101/1033/308
f 1099/1034/303 1111/1035/302 1098/1036/307 1106/1037/306 1102/1038/311 1112/1039/310 1104/1040/315 1109/1041/314
f 1119/1042/319 1115/1043/320 1118/1044/321 1120/1045/322
f 1116/1044/323 1121/1045/324 1122/1042/325 1117/1043/326
f 1122/1045/325 1120/1042/322 1118/1043/321 1117/1044/326
f 1116/1043/323 1115/1044/320 1119/1045/319 1121/1042/324
s 0
f 1131/1046/327 1124/1047/327 1126/1048/327 1132/1049/327
f 1129/1047/328 1125/1048/328 1140/1049/328 1141/1046/328
f 1133/1046/329 1130/1047/329 1128/1048/329 1134/1049/329
f 1134/1046/330 1128/1047/330 1124/1048/330 1131/1049/330
f 1125/1050/331 1129/1051/331 1127/1052/331 1123/1053/331
f 1130/1054/332 1126/1055/332 1124/1053/332 1128/1052/332
f 1137/1056/330 1134/1057/330 1131/1058/330 1138/1059/330
f 1136/1056/329 1133/1057/329 1134/1058/329 1137/1059/329
f 1135/1056/333 1132/1057/333 1133/1058/333 1136/1059/333
f 1138/1056/327 1131/1057/327 1132/1058/327 1135/1059/327
f 1123/1060/327 1138/1051/327 1135/1050/327 1125/1061/327
f 1136/1062/334 1129/1063/334 1141/1060/334 1144/1051/334
f 1129/1060/329 1136/1051/329 1137/1050/329 1127/1061/329
f 1127/1060/330 1137/1051/330 1138/1050/330 1123/1061/330
f 1145/1046/333 1142/1047/333 1143/1048/333 1146/1049/333
f 1140/1060/333 1139/1051/333 1144/1050/333 1141/1061/333
f 1132/1064/335 1126/1065/335 1142/1048/335 1145/1049/335
f 1133/1048/336 1132/1047/336 1145/1060/336 1146/1061/336
f 1126/1048/337 1130/1047/337 1143/1060/337 1142/1061/337
f 1135/1046/338 1136/1049/338 1144/1048/338 1139/1047/338
f 1130/1065/339 1133/1064/339 1146/1046/339 1143/1047/339
f 1125/1063/340 1135/1062/340 1139/1050/340 1140/1061/340
o TRAIN_BRAKE_1_ROT_80
v -2.514765 1.328288 0.471929
v -2.506258 1.328288 0.503677
v -2.514765 1.411396 0.471929
v -2.506258 1.411396 0.503677
v -2.483018 1.328288 0.463423
v -2.474511 1.328288 0.495170
v -2.483018 1.411396 0.463423
v -2.474511 1.411396 0.495170
vn -0.9659 -0.0000 0.2588
vn -0.0000 1.0000 -0.0000
vn 0.9659 -0.0000 -0.2588
vn -0.0000 -1.0000 -0.0000
vn -0.2588 -0.0000 -0.9659
vn 0.2588 -0.0000 0.9659
vt 0.375000 0.000000
vt 0.625000 0.000000
vt 0.625000 0.250000
vt 0.375000 0.250000
vt 0.625000 0.500000
vt 0.375000 0.500000
vt 0.625000 0.750000
vt 0.375000 0.750000
vt 0.625000 1.000000
vt 0.375000 1.000000
vt 0.125000 0.500000
vt 0.125000 0.750000
vt 0.875000 0.500000
vt 0.875000 0.750000
s 0
usemtl mat1.001
f 1147/1066/341 1148/1067/341 1150/1068/341 1149/1069/341
f 1149/1069/342 1150/1068/342 1154/1070/342 1153/1071/342
f 1153/1071/343 1154/1070/343 1152/1072/343 1151/1073/343
f 1151/1073/344 1152/1072/344 1148/1074/344 1147/1075/344
f 1149/1076/345 1153/1071/345 1151/1073/345 1147/1077/345
f 1154/1070/346 1150/1078/346 1148/1079/346 1152/1072/346
o WIDGET_3_TOGGLE_INTERIOR_LCG_CL_CG_FB_LABEL_Front^Red
v -3.275698 1.581092 1.362090
v -3.260320 1.598454 1.362090
v -3.252178 1.560259 1.330670
v -3.236799 1.577620 1.330670
v -3.252179 1.560259 1.393509
v -3.236799 1.577620 1.393509
v -3.228658 1.539426 1.362090
v -3.213280 1.556787 1.362090
vn -0.5293 0.4689 -0.7071
vn 0.5293 -0.4689 -0.7071
vn 0.5293 -0.4689 0.7071
vn -0.5293 0.4688 0.7071
vn 0.6631 0.7486 -0.0000
vt 0.062500 0.906250
vt 0.062500 0.937500
vt 0.000000 0.937500
vt 0.000000 0.906250
vt 0.125000 0.937500
vt 0.125000 1.000000
vt 0.062500 1.000000
s 0
usemtl controls
f 1155/1080/347 1156/1081/347 1158/1082/347 1157/1083/347
f 1157/1080/348 1158/1081/348 1162/1082/348 1161/1083/348
f 1161/1080/349 1162/1081/349 1160/1082/349 1159/1083/349
f 1159/1080/350 1160/1081/350 1156/1082/350 1155/1083/350
f 1162/1081/351 1158/1084/351 1156/1085/351 1160/1086/351
o WIDGET_5_TOGGLE_INTERIOR_LCG_CL_CG_ML_LABEL_Marker^Lights
v -3.275698 1.581092 1.237360
v -3.260320 1.598454 1.237360
v -3.252178 1.560259 1.205940
v -3.236799 1.577620 1.205940
v -3.252179 1.560259 1.268780
v -3.236799 1.577620 1.268780
v -3.228658 1.539426 1.237360
v -3.213280 1.556787 1.237360
vn -0.5293 0.4689 -0.7071
vn 0.5293 -0.4689 -0.7071
vn 0.5293 -0.4689 0.7071
vn -0.5293 0.4688 0.7071
vn 0.6631 0.7486 -0.0000
vt 0.062500 0.906250
vt 0.062500 0.937500
vt 0.000000 0.937500
vt 0.000000 0.906250
vt 0.125000 0.937500
vt 0.125000 1.000000
vt 0.062500 1.000000
s 0
usemtl controls
f 1163/1087/352 1164/1088/352 1166/1089/352 1165/1090/352
f 1165/1087/353 1166/1088/353 1170/1089/353 1169/1090/353
f 1169/1087/354 1170/1088/354 1168/1089/354 1167/1090/354
f 1167/1087/355 1168/1088/355 1164/1089/355 1163/1090/355
f 1170/1088/356 1166/1091/356 1164/1092/356 1168/1093/356
o WIDGET_4_TOGGLE_INTERIOR_LCG_CL_CG_RB_LABEL_Rear^Red
v -3.199121 1.513169 1.362005
v -3.183847 1.530624 1.362005
v -3.175475 1.492479 1.330585
v -3.160202 1.509933 1.330585
v -3.175475 1.492479 1.393425
v -3.160202 1.509933 1.393425
v -3.151830 1.471789 1.362005
v -3.136557 1.489244 1.362005
vn -0.5321 0.4656 -0.7071
vn 0.5322 -0.4656 -0.7071
vn 0.5322 -0.4656 0.7071
vn -0.5321 0.4656 0.7071
vn 0.6585 0.7526 -0.0000
vt 0.062500 0.906250
vt 0.062500 0.937500
vt 0.000000 0.937500
vt 0.000000 0.906250
vt 0.125000 0.937500
vt 0.125000 1.000000
vt 0.062500 1.000000
s 0
usemtl controls
f 1171/1094/357 1172/1095/357 1174/1096/357 1173/1097/357
f 1173/1094/358 1174/1095/358 1178/1096/358 1177/1097/358
f 1177/1094/359 1178/1095/359 1176/1096/359 1175/1097/359
f 1175/1094/360 1176/1095/360 1172/1096/360 1171/1097/360
f 1178/1095/361 1174/1098/361 1172/1099/361 1176/1100/361
o WIDGET_1_TOGGLE_INTERIOR_LCG_CL_CG_FHL_LABEL_Front^Headlight
v -3.275698 1.581092 1.489835
v -3.260320 1.598453 1.489835
v -3.252177 1.560259 1.458416
v -3.236800 1.577620 1.458416
v -3.252179 1.560259 1.521255
v -3.236800 1.577620 1.521255
v -3.228658 1.539426 1.489835
v -3.213280 1.556787 1.489835
vn -0.5293 0.4688 -0.7071
vn 0.5293 -0.4688 -0.7071
vn 0.5293 -0.4689 0.7071
vn -0.5293 0.4689 0.7071
vn 0.6631 0.7486 -0.0000
vt 0.062500 0.250000
vt 0.062500 0.281250
vt 0.000000 0.281250
vt -0.000000 0.250000
vt 0.062500 0.343750
vt 0.000000 0.343750
s 0
usemtl controls
f 1179/1101/362 1180/1102/362 1182/1103/362 1181/1104/362
f 1181/1101/363 1182/1102/363 1186/1103/363 1185/1104/363
f 1185/1101/364 1186/1102/364 1184/1103/364 1183/1104/364
f 1183/1101/365 1184/1102/365 1180/1103/365 1179/1104/365
f 1186/1103/366 1182/1102/366 1180/1105/366 1184/1106/366
o WIDGET_2_TOGGLE_INTERIOR_LCG_CL_CG_RHL_LABEL_Rear^Headlight
v -3.199111 1.513182 1.490161
v -3.183837 1.530635 1.490161
v -3.175464 1.492492 1.458742
v -3.160192 1.509946 1.458742
v -3.175465 1.492491 1.521581
v -3.160192 1.509946 1.521581
v -3.151819 1.471802 1.490161
v -3.136546 1.489255 1.490161
vn -0.5321 0.4656 -0.7071
vn 0.5321 -0.4656 -0.7071
vn 0.5321 -0.4656 0.7071
vn -0.5321 0.4656 0.7071
vn 0.6585 0.7526 -0.0000
vt 0.062500 0.906250
vt 0.062500 0.937500
vt 0.000000 0.937500
vt 0.000000 0.906250
vt 0.062500 1.000000
vt 0.000000 1.000000
s 0
usemtl controls
f 1187/1107/367 1188/1108/367 1190/1109/367 1189/1110/367
f 1189/1107/368 1190/1108/368 1194/1109/368 1193/1110/368
f 1193/1107/369 1194/1108/369 1192/1109/369 1191/1110/369
f 1191/1107/370 1192/1108/370 1188/1109/370 1187/1110/370
f 1194/1109/371 1190/1108/371 1188/1111/371 1192/1112/371
o Cylinder
v -3.483115 1.353194 -1.297461
v -3.557265 1.353194 -1.297461
v -3.483115 1.297632 -1.163321
v -3.557265 1.297632 -1.163321
v -3.483115 1.163492 -1.107759
v -3.557265 1.163492 -1.107759
v -3.483115 1.029353 -1.163321
v -3.557265 1.029353 -1.163321
v -3.483115 0.973790 -1.297461
v -3.557265 0.973790 -1.297461
v -3.483115 1.029353 -1.431600
v -3.557265 1.029353 -1.431600
v -3.483115 1.163492 -1.487163
v -3.557265 1.163492 -1.487163
v -3.483115 1.297632 -1.431600
v -3.557265 1.297632 -1.431600
v -3.557265 1.287458 -1.173494
v -3.557265 1.338807 -1.297461
v -3.557265 1.163492 -1.122146
v -3.557265 1.039526 -1.173494
v -3.557265 0.988178 -1.297461
v -3.557265 1.039526 -1.421427
v -3.557265 1.163492 -1.472775
v -3.557265 1.287458 -1.421427
v -3.543008 1.287458 -1.173494
v -3.543008 1.338807 -1.297461
v -3.543008 1.163492 -1.122146
v -3.543008 1.039526 -1.173494
v -3.543008 0.988178 -1.297461
v -3.543008 1.039526 -1.421427
v -3.543008 1.163492 -1.472775
v -3.543008 1.287458 -1.421427
v 3.483115 1.353194 -1.297461
v 3.557265 1.353194 -1.297461
v 3.483115 1.297632 -1.163321
v 3.557265 1.297632 -1.163321
v 3.483115 1.163492 -1.107759
v 3.557265 1.163492 -1.107759
v 3.483115 1.029352 -1.163321
v 3.557265 1.029352 -1.163321
v 3.483115 0.973790 -1.297461
v 3.557265 0.973790 -1.297461
v 3.483115 1.029352 -1.431600
v 3.557265 1.029352 -1.431600
v 3.483115 1.163492 -1.487163
v 3.557265 1.163492 -1.487163
v 3.483115 1.297632 -1.431600
v 3.557265 1.297632 -1.431600
v 3.557265 1.287458 -1.173495
v 3.557265 1.338807 -1.297461
v 3.557265 1.163492 -1.122146
v 3.557265 1.039526 -1.173495
v 3.557265 0.988178 -1.297461
v 3.557265 1.039526 -1.421427
v 3.557265 1.163492 -1.472775
v 3.557265 1.287458 -1.421427
v 3.543008 1.287458 -1.173495
v 3.543008 1.338807 -1.297461
v 3.543008 1.163492 -1.122146
v 3.543008 1.039526 -1.173495
v 3.543008 0.988178 -1.297461
v 3.543008 1.039526 -1.421427
v 3.543008 1.163492 -1.472775
v 3.543008 1.287458 -1.421427
v -3.483115 1.353194 1.297461
v -3.557265 1.353194 1.297461
v -3.483115 1.297632 1.163321
v -3.557265 1.297632 1.163321
v -3.483115 1.163492 1.107758
v -3.557265 1.163492 1.107758
v -3.483115 1.029352 1.163321
v -3.557265 1.029352 1.163321
v -3.483115 0.973790 1.297461
v -3.557265 0.973790 1.297461
v -3.483115 1.029352 1.431600
v -3.557265 1.029352 1.431600
v -3.483115 1.163492 1.487163
v -3.557265 1.163492 1.487163
v -3.483115 1.297632 1.431600
v -3.557265 1.297632 1.431600
v -3.557265 1.287458 1.173494
v -3.557265 1.338807 1.297461
v -3.557265 1.163492 1.122146
v -3.557265 1.039526 1.173494
v -3.557265 0.988178 1.297461
v -3.557265 1.039526 1.421427
v -3.557265 1.163492 1.472775
v -3.557265 1.287458 1.421427
v -3.543008 1.287458 1.173494
v -3.543008 1.338807 1.297461
v -3.543008 1.163492 1.122146
v -3.543008 1.039526 1.173494
v -3.543008 0.988178 1.297461
v -3.543008 1.039526 1.421427
v -3.543008 1.163492 1.472775
v -3.543008 1.287458 1.421427
v 3.483115 1.353194 1.297461
v 3.557265 1.353194 1.297461
v 3.483115 1.297632 1.163321
v 3.557265 1.297632 1.163321
v 3.483115 1.163492 1.107758
v 3.557265 1.163492 1.107758
v 3.483115 1.029352 1.163321
v 3.557265 1.029352 1.163321
v 3.483115 0.973790 1.297461
v 3.557265 0.973790 1.297461
v 3.483115 1.029352 1.431600
v 3.557265 1.029352 1.431600
v 3.483115 1.163492 1.487163
v 3.557265 1.163492 1.487163
v 3.483115 1.297632 1.431600
v 3.557265 1.297632 1.431600
v 3.557265 1.287458 1.173494
v 3.557265 1.338807 1.297461
v 3.557265 1.163492 1.122146
v 3.557265 1.039526 1.173494
v 3.557265 0.988177 1.297461
v 3.557265 1.039526 1.421427
v 3.557265 1.163492 1.472775
v 3.557265 1.287458 1.421427
v 3.543008 1.287458 1.173494
v 3.543008 1.338807 1.297461
v 3.543008 1.163492 1.122146
v 3.543008 1.039526 1.173494
v 3.543008 0.988177 1.297461
v 3.543008 1.039526 1.421427
v 3.543008 1.163492 1.472775
v 3.543008 1.287458 1.421427
vn -0.0000 0.9239 0.3827
vn -0.0000 0.3827 0.9239
vn -0.0000 -0.3827 0.9239
vn -0.0000 -0.9239 0.3827
vn -0.0000 -0.9239 -0.3827
vn -0.0000 -0.3827 -0.9239
vn -1.0000 -0.0000 -0.0000
vn -0.0000 0.3827 -0.9239
vn -0.0000 0.9239 -0.3827
vn 1.0000 -0.0000 -0.0000
vt 0.320312 0.773438
vt 0.320312 0.783203
vt 0.302734 0.783203
vt 0.302734 0.773438
vt 0.291016 0.783203
vt 0.291016 0.773438
vt 0.339844 0.783203
vt 0.339844 0.773438
vt 0.351562 0.783203
vt 0.351562 0.773438
vt 0.125000 1.000000
vt 0.250000 1.000000
vt 0.000000 1.000000
vt 0.750000 1.000000
vt 0.875000 1.000000
vt 0.375000 1.000000
vt 0.500000 1.000000
vt 1.000000 1.000000
vt 0.625000 1.000000
s 0
usemtl Material
f 1195/1113/372 1196/1114/372 1198/1115/372 1197/1116/372
f 1197/1116/373 1198/1115/373 1200/1117/373 1199/1118/373
f 1199/1118/374 1200/1117/374 1202/1115/374 1201/1116/374
f 1201/1116/375 1202/1115/375 1204/1114/375 1203/1113/375
f 1203/1113/376 1204/1114/376 1206/1119/376 1205/1120/376
f 1205/1120/377 1206/1119/377 1208/1121/377 1207/1122/377
f 1210/1123/378 1208/1124/378 1217/1124/378 1218/1123/378
f 1207/1122/379 1208/1121/379 1210/1119/379 1209/1120/379
f 1209/1120/380 1210/1119/380 1196/1114/380 1195/1113/380
f 1212/1125/375 1218/1123/375 1226/1123/375 1220/1125/375
f 1200/1126/378 1198/1127/378 1211/1127/378 1213/1126/378
f 1206/1128/378 1204/1129/378 1215/1129/378 1216/1128/378
f 1196/1125/378 1210/1123/378 1218/1123/378 1212/1125/378
f 1198/1127/378 1196/1130/378 1212/1130/378 1211/1127/378
f 1202/1131/378 1200/1126/378 1213/1126/378 1214/1131/378
f 1208/1124/378 1206/1128/378 1216/1128/378 1217/1124/378
f 1204/1129/378 1202/1131/378 1214/1131/378 1215/1129/378
f 1217/1124/373 1216/1128/373 1224/1128/373 1225/1124/373
f 1215/1129/380 1214/1131/380 1222/1131/380 1223/1129/380
f 1213/1126/377 1211/1127/377 1219/1127/377 1221/1126/377
f 1218/1123/374 1217/1124/374 1225/1124/374 1226/1123/374
f 1216/1128/372 1215/1129/372 1223/1129/372 1224/1128/372
f 1214/1131/379 1213/1126/379 1221/1126/379 1222/1131/379
f 1211/1127/376 1212/1130/376 1220/1130/376 1219/1127/376
f 1227/1113/372 1229/1116/372 1230/1115/372 1228/1114/372
f 1229/1116/373 1231/1118/373 1232/1117/373 1230/1115/373
f 1231/1118/374 1233/1116/374 1234/1115/374 1232/1117/374
f 1233/1116/375 1235/1113/375 1236/1114/375 1234/1115/375
f 1235/1113/376 1237/1120/376 1238/1119/376 1236/1114/376
f 1237/1120/377 1239/1122/377 1240/1121/377 1238/1119/377
f 1242/1123/381 1250/1123/381 1249/1124/381 1240/1124/381
f 1239/1122/379 1241/1120/379 1242/1119/379 1240/1121/379
f 1241/1120/380 1227/1113/380 1228/1114/380 1242/1119/380
f 1244/1125/375 1252/1125/375 1258/1123/375 1250/1123/375
f 1232/1126/381 1245/1126/381 1243/1127/381 1230/1127/381
f 1238/1128/381 1248/1128/381 1247/1129/381 1236/1129/381
f 1228/1125/381 1244/1125/381 1250/1123/381 1242/1123/381
f 1230/1127/381 1243/1127/381 1244/1130/381 1228/1130/381
f 1234/1131/381 1246/1131/381 1245/1126/381 1232/1126/381
f 1240/1124/381 1249/1124/381 1248/1128/381 1238/1128/381
f 1236/1129/381 1247/1129/381 1246/1131/381 1234/1131/381
f 1249/1124/373 1257/1124/373 1256/1128/373 1248/1128/373
f 1247/1129/380 1255/1129/380 1254/1131/380 1246/1131/380
f 1245/1126/377 1253/1126/377 1251/1127/377 1243/1127/377
f 1250/1123/374 1258/1123/374 1257/1124/374 1249/1124/374
f 1248/1128/372 1256/1128/372 1255/1129/372 1247/1129/372
f 1246/1131/379 1254/1131/379 1253/1126/379 1245/1126/379
f 1243/1127/376 1251/1127/376 1252/1130/376 1244/1130/376
f 1259/1113/380 1261/1116/380 1262/1115/380 1260/1114/380
f 1261/1116/379 1263/1118/379 1264/1117/379 1262/1115/379
f 1263/1118/377 1265/1116/377 1266/1115/377 1264/1117/377
f 1265/1116/376 1267/1113/376 1268/1114/376 1266/1115/376
f 1267/1113/375 1269/1120/375 1270/1119/375 1268/1114/375
f 1269/1120/374 1271/1122/374 1272/1121/374 1270/1119/374
f 1274/1123/378 1282/1123/378 1281/1124/378 1272/1124/378
f 1271/1122/373 1273/1120/373 1274/1119/373 1272/1121/373
f 1273/1120/372 1259/1113/372 1260/1114/372 1274/1119/372
f 1276/1125/376 1284/1125/376 1290/1123/376 1282/1123/376
f 1264/1126/378 1277/1126/378 1275/1127/378 1262/1127/378
f 1270/1128/378 1280/1128/378 1279/1129/378 1268/1129/378
f 1260/1125/378 1276/1125/378 1282/1123/378 1274/1123/378
f 1262/1127/378 1275/1127/378 1276/1130/378 1260/1130/378
f 1266/1131/378 1278/1131/378 1277/1126/378 1264/1126/378
f 1272/1124/378 1281/1124/378 1280/1128/378 1270/1128/378
f 1268/1129/378 1279/1129/378 1278/1131/378 1266/1131/378
f 1281/1124/379 1289/1124/379 1288/1128/379 1280/1128/379
f 1279/1129/372 1287/1129/372 1286/1131/372 1278/1131/372
f 1277/1126/374 1285/1126/374 1283/1127/374 1275/1127/374
f 1282/1123/377 1290/1123/377 1289/1124/377 1281/1124/377
f 1280/1128/380 1288/1128/380 1287/1129/380 1279/1129/380
f 1278/1131/373 1286/1131/373 1285/1126/373 1277/1126/373
f 1275/1127/375 1283/1127/375 1284/1130/375 1276/1130/375
f 1291/1113/380 1292/1114/380 1294/1115/380 1293/1116/380
f 1293/1116/379 1294/1115/379 1296/1117/379 1295/1118/379
f 1295/1118/377 1296/1117/377 1298/1115/377 1297/1116/377
f 1297/1116/376 1298/1115/376 1300/1114/376 1299/1113/376
f 1299/1113/375 1300/1114/375 1302/1119/375 1301/1120/375
f 1301/1120/374 1302/1119/374 1304/1121/374 1303/1122/374
f 1306/1123/381 1304/1124/381 1313/1124/381 1314/1123/381
f 1303/1122/373 1304/1121/373 1306/1119/373 1305/1120/373
f 1305/1120/372 1306/1119/372 1292/1114/372 1291/1113/372
f 1308/1125/376 1314/1123/376 1322/1123/376 1316/1125/376
f 1296/1126/381 1294/1127/381 1307/1127/381 1309/1126/381
f 1302/1128/381 1300/1129/381 1311/1129/381 1312/1128/381
f 1292/1125/381 1306/1123/381 1314/1123/381 1308/1125/381
f 1294/1127/381 1292/1130/381 1308/1130/381 1307/1127/381
f 1298/1131/381 1296/1126/381 1309/1126/381 1310/1131/381
f 1304/1124/381 1302/1128/381 1312/1128/381 1313/1124/381
f 1300/1129/381 1298/1131/381 1310/1131/381 1311/1129/381
f 1313/1124/379 1312/1128/379 1320/1128/379 1321/1124/379
f 1311/1129/372 1310/1131/372 1318/1131/372 1319/1129/372
f 1309/1126/374 1307/1127/374 1315/1127/374 1317/1126/374
f 1314/1123/377 1313/1124/377 1321/1124/377 1322/1123/377
f 1312/1128/380 1311/1129/380 1319/1129/380 1320/1128/380
f 1310/1131/373 1309/1126/373 1317/1126/373 1318/1131/373
f 1307/1127/375 1308/1130/375 1316/1130/375 1315/1127/375
o Cylinder.001
v -3.485032 0.883019 -1.239399
v -3.549371 0.883019 -1.239399
v -3.485032 0.788166 -1.144546
v -3.549371 0.788166 -1.144546
v -3.485032 0.693313 -1.239399
v -3.549371 0.693313 -1.239399
v -3.485032 0.788166 -1.334252
v -3.549371 0.788166 -1.334252
v -3.612367 0.883019 -1.239399
v -3.612367 0.835592 -1.286825
v -3.612367 0.835592 -1.191972
v 3.485032 0.883019 -1.239399
v 3.549371 0.883019 -1.239399
v 3.485032 0.788166 -1.144546
v 3.549371 0.788166 -1.144546
v 3.485032 0.693313 -1.239399
v 3.549371 0.693313 -1.239399
v 3.485032 0.788166 -1.334252
v 3.549371 0.788166 -1.334252
v 3.612368 0.883019 -1.239399
v 3.612368 0.835592 -1.286825
v 3.612368 0.835592 -1.191972
v -3.485032 0.883019 1.239399
v -3.549371 0.883019 1.239399
v -3.485032 0.788166 1.144546
v -3.549371 0.788166 1.144546
v -3.485032 0.693313 1.239399
v -3.549371 0.693313 1.239399
v -3.485032 0.788166 1.334252
v -3.549371 0.788166 1.334252
v -3.612368 0.883019 1.239399
v -3.612368 0.835592 1.286825
v -3.612368 0.835592 1.191972
v 3.485032 0.883019 1.239399
v 3.549371 0.883019 1.239399
v 3.485032 0.788166 1.144546
v 3.549371 0.788166 1.144546
v 3.485032 0.693313 1.239399
v 3.549371 0.693313 1.239399
v 3.485032 0.788166 1.334252
v 3.549371 0.788166 1.334252
v 3.612368 0.883019 1.239399
v 3.612368 0.835592 1.286825
v 3.612368 0.835592 1.191972
vn -0.0000 0.7071 0.7071
vn -0.0000 -0.7071 0.7071
vn -0.0000 -0.7071 -0.7071
vn -0.0000 0.7071 -0.7071
vt 0.304688 0.791016
vt 0.304688 0.798828
vt 0.291016 0.798828
vt 0.291016 0.791016
vt 0.291016 0.783203
vt 0.304688 0.783203
vt 0.318359 0.791016
vt 0.318359 0.783203
vt 0.318359 0.798828
vt 0.310547 0.806641
vt 0.304688 0.806641
vt 0.298828 0.806641
s 0
usemtl Material
f 1323/1132/382 1324/1133/382 1326/1134/382 1325/1135/382
f 1325/1136/383 1326/1135/383 1328/1132/383 1327/1137/383
f 1327/1137/384 1328/1132/384 1330/1138/384 1329/1139/384
f 1329/1138/385 1330/1140/385 1324/1133/385 1323/1132/385
f 1324/1133/385 1330/1140/385 1332/1141/385 1331/1142/385
f 1324/1133/384 1326/1134/384 1333/1143/384 1331/1142/384
f 1334/1132/382 1336/1135/382 1337/1134/382 1335/1133/382
f 1336/1136/383 1338/1137/383 1339/1132/383 1337/1135/383
f 1338/1137/384 1340/1139/384 1341/1138/384 1339/1132/384
f 1340/1138/385 1334/1132/385 1335/1133/385 1341/1140/385
f 1335/1133/385 1342/1142/385 1343/1141/385 1341/1140/385
f 1335/1133/384 1342/1142/384 1344/1143/384 1337/1134/384
f 1345/1132/385 1347/1135/385 1348/1134/385 1346/1133/385
f 1347/1136/384 1349/1137/384 1350/1132/384 1348/1135/384
f 1349/1137/383 1351/1139/383 1352/1138/383 1350/1132/383
f 1351/1138/382 1345/1132/382 1346/1133/382 1352/1140/382
f 1346/1133/382 1353/1142/382 1354/1141/382 1352/1140/382
f 1346/1133/383 1353/1142/383 1355/1143/383 1348/1134/383
f 1356/1132/385 1357/1133/385 1359/1134/385 1358/1135/385
f 1358/1136/384 1359/1135/384 1361/1132/384 1360/1137/384
f 1360/1137/383 1361/1132/383 1363/1138/383 1362/1139/383
f 1362/1138/382 1363/1140/382 1357/1133/382 1356/1132/382
f 1357/1133/382 1363/1140/382 1365/1141/382 1364/1142/382
f 1357/1133/383 1359/1134/383 1366/1143/383 1364/1142/383
o Cylinder.002
v -3.485032 3.227341 -1.199929
v -3.536240 3.227341 -1.199929
v -3.485032 3.132488 -1.105076
v -3.536240 3.132488 -1.105076
v -3.485032 3.037635 -1.199929
v -3.536240 3.037635 -1.199929
v -3.485032 3.132488 -1.294782
v -3.536240 3.132488 -1.294782
v -3.599236 3.227341 -1.199929
v -3.599236 3.179914 -1.247356
v -3.599236 3.179914 -1.152503
v 3.485032 3.227341 -1.199929
v 3.536240 3.227341 -1.199929
v 3.485032 3.132488 -1.105076
v 3.536240 3.132488 -1.105076
v 3.485032 3.037635 -1.199929
v 3.536240 3.037635 -1.199929
v 3.485032 3.132488 -1.294782
v 3.536240 3.132488 -1.294782
v 3.599236 3.227341 -1.199929
v 3.599236 3.179914 -1.247356
v 3.599236 3.179914 -1.152503
v -3.485032 3.227341 1.199929
v -3.536240 3.227341 1.199929
v -3.485032 3.132488 1.105076
v -3.536240 3.132488 1.105076
v -3.485032 3.037635 1.199929
v -3.536240 3.037635 1.199929
v -3.485032 3.132488 1.294782
v -3.536240 3.132488 1.294782
v -3.599236 3.227341 1.199929
v -3.599236 3.179914 1.247356
v -3.599236 3.179914 1.152503
v 3.485032 3.227341 1.199929
v 3.536240 3.227341 1.199929
v 3.485032 3.132488 1.105076
v 3.536240 3.132488 1.105076
v 3.485032 3.037635 1.199929
v 3.536240 3.037635 1.199929
v 3.485032 3.132488 1.294782
v 3.536240 3.132488 1.294782
v 3.599236 3.227341 1.199929
v 3.599236 3.179914 1.247356
v 3.599236 3.179914 1.152503
vn -0.0000 0.7071 0.7071
vn -0.0000 -0.7071 0.7071
vn -0.0000 -0.7071 -0.7071
vn -0.0000 0.7071 -0.7071
vt 0.304688 0.791016
vt 0.304688 0.798828
vt 0.291016 0.798828
vt 0.291016 0.791016
vt 0.291016 0.783203
vt 0.304688 0.783203
vt 0.318359 0.791016
vt 0.318359 0.783203
vt 0.318359 0.798828
vt 0.310547 0.806641
vt 0.304688 0.806641
vt 0.298828 0.806641
s 0
usemtl Material
f 1367/1144/386 1368/1145/386 1370/1146/386 1369/1147/386
f 1369/1148/387 1370/1147/387 1372/1144/387 1371/1149/387
f 1371/1149/388 1372/1144/388 1374/1150/388 1373/1151/388
f 1373/1150/389 1374/1152/389 1368/1145/389 1367/1144/389
f 1368/1145/389 1374/1152/389 1376/1153/389 1375/1154/389
f 1368/1145/388 1370/1146/388 1377/1155/388 1375/1154/388
f 1378/1144/386 1380/1147/386 1381/1146/386 1379/1145/386
f 1380/1148/387 1382/1149/387 1383/1144/387 1381/1147/387
f 1382/1149/388 1384/1151/388 1385/1150/388 1383/1144/388
f 1384/1150/389 1378/1144/389 1379/1145/389 1385/1152/389
f 1379/1145/389 1386/1154/389 1387/1153/389 1385/1152/389
f 1379/1145/388 1386/1154/388 1388/1155/388 1381/1146/388
f 1389/1144/389 1391/1147/389 1392/1146/389 1390/1145/389
f 1391/1148/388 1393/1149/388 1394/1144/388 1392/1147/388
f 1393/1149/387 1395/1151/387 1396/1150/387 1394/1144/387
f 1395/1150/386 1389/1144/386 1390/1145/386 1396/1152/386
f 1390/1145/386 1397/1154/386 1398/1153/386 1396/1152/386
f 1390/1145/387 1397/1154/387 1399/1155/387 1392/1146/387
f 1400/1144/389 1401/1145/389 1403/1146/389 1402/1147/389
f 1402/1148/388 1403/1147/388 1405/1144/388 1404/1149/388
f 1404/1149/387 1405/1144/387 1407/1150/387 1406/1151/387
f 1406/1150/386 1407/1152/386 1401/1145/386 1400/1144/386
f 1401/1145/386 1407/1152/386 1409/1153/386 1408/1154/386
f 1401/1145/387 1403/1146/387 1410/1155/387 1408/1154/387
o WIDGET_6_ROT_80_INTERIOR_LCG_CL
v -3.370916 1.639694 1.520291
v -3.371219 1.670942 1.520291
v -3.370916 1.639694 1.457792
v -3.371219 1.670942 1.457792
v -3.339667 1.639997 1.520291
v -3.339970 1.671246 1.520291
v -3.339667 1.639997 1.457792
v -3.339970 1.671246 1.457792
vn 1.0000 0.0097 -0.0000
vn -0.0000 -0.0000 -1.0000
vn 0.0097 -1.0000 -0.0000
vn -0.0000 -0.0000 1.0000
vn -1.0000 -0.0097 -0.0000
vn -0.0097 1.0000 -0.0000
vt 0.031250 0.015625
vt 0.046875 0.015625
vt 0.046875 0.031250
vt 0.031250 0.031250
vt 0.046875 0.062500
vt 0.062500 0.062500
vt 0.062500 0.078125
vt 0.046875 0.078125
vt 0.031250 0.062500
vt 0.031250 0.078125
vt 0.015625 0.062500
vt 0.015625 0.078125
vt 0.031250 0.046875
vt 0.046875 0.046875
s 0
usemtl controls
f 1415/1156/390 1417/1157/390 1418/1158/390 1416/1159/390
f 1413/1160/391 1414/1161/391 1418/1162/391 1417/1163/391
f 1411/1164/392 1413/1160/392 1417/1163/392 1415/1165/392
f 1412/1166/393 1411/1164/393 1415/1165/393 1416/1167/393
f 1412/1168/394 1414/1169/394 1413/1160/394 1411/1164/394
f 1418/1158/395 1414/1169/395 1412/1168/395 1416/1159/395
o WIDGET_6_TOGGLE_INTERIOR_CG_CL_LCG_CL_LABEL_Cabin^Light
v -3.372233 1.641102 1.504666
v -3.369810 1.672258 1.504666
v -3.372233 1.641102 1.473417
v -3.369810 1.672258 1.473417
v -3.309921 1.636259 1.504666
v -3.307498 1.667415 1.504666
v -3.309921 1.636259 1.473417
v -3.307498 1.667415 1.473417
vn 0.9970 -0.0775 -0.0000
vn 0.0775 0.9970 -0.0000
vn -0.0000 -0.0000 -1.0000
vn -0.0775 -0.9970 -0.0000
vn -0.0000 -0.0000 1.0000
vt 0.062500 0.015625
vt 0.078125 0.015625
vt 0.078125 0.031250
vt 0.062500 0.031250
vt 0.093750 0.031250
vt 0.093750 0.046875
vt 0.078125 0.046875
vt 0.093750 0.015625
vt 0.093750 0.062500
vt 0.093750 0.078125
vt 0.078125 0.078125
vt 0.078125 0.062500
s 0
usemtl controls
f 1423/1170/396 1425/1171/396 1426/1172/396 1424/1173/396
f 1422/1174/397 1420/1175/397 1424/1176/397 1426/1172/397
f 1421/1177/398 1422/1174/398 1426/1172/398 1425/1171/398
f 1419/1178/399 1421/1179/399 1425/1180/399 1423/1181/399
f 1420/1175/400 1419/1178/400 1423/1181/400 1424/1176/400
o WIDGET_7_ROT_80_INTERIOR_LCG_CL
v -3.370916 1.639694 1.394709
v -3.371219 1.670942 1.394709
v -3.370916 1.639694 1.332211
v -3.371219 1.670942 1.332211
v -3.339667 1.639997 1.394709
v -3.339970 1.671246 1.394709
v -3.339667 1.639997 1.332211
v -3.339970 1.671246 1.332211
vn 1.0000 0.0097 -0.0000
vn -0.0000 -0.0000 -1.0000
vn 0.0097 -1.0000 -0.0000
vn -0.0000 -0.0000 1.0000
vn -1.0000 -0.0097 -0.0000
vn -0.0097 1.0000 -0.0000
vt 0.031250 0.015625
vt 0.046875 0.015625
vt 0.046875 0.031250
vt 0.031250 0.031250
vt 0.046875 0.062500
vt 0.062500 0.062500
vt 0.062500 0.078125
vt 0.046875 0.078125
vt 0.031250 0.062500
vt 0.031250 0.078125
vt 0.015625 0.062500
vt 0.015625 0.078125
vt 0.031250 0.046875
vt 0.046875 0.046875
s 0
usemtl controls
f 1431/1182/401 1433/1183/401 1434/1184/401 1432/1185/401
f 1429/1186/402 1430/1187/402 1434/1188/402 1433/1189/402
f 1427/1190/403 1429/1186/403 1433/1189/403 1431/1191/403
f 1428/1192/404 1427/1190/404 1431/1191/404 1432/1193/404
f 1428/1194/405 1430/1195/405 1429/1186/405 1427/1190/405
f 1434/1184/406 1430/1195/406 1428/1194/406 1432/1185/406
o WIDGET_7_TOGGLE_INTERIOR_CG_IL_LCG_CL_LABEL_Interior^Light
v -3.372233 1.641102 1.379084
v -3.369810 1.672258 1.379084
v -3.372233 1.641102 1.347836
v -3.369810 1.672258 1.347836
v -3.309921 1.636259 1.379084
v -3.307498 1.667415 1.379084
v -3.309921 1.636259 1.347836
v -3.307498 1.667415 1.347836
vn 0.9970 -0.0775 -0.0000
vn 0.0775 0.9970 -0.0000
vn -0.0000 -0.0000 -1.0000
vn -0.0775 -0.9970 -0.0000
vn -0.0000 -0.0000 1.0000
vt 0.062500 0.015625
vt 0.078125 0.015625
vt 0.078125 0.031250
vt 0.062500 0.031250
vt 0.093750 0.031250
vt 0.093750 0.046875
vt 0.078125 0.046875
vt 0.093750 0.015625
vt 0.093750 0.062500
vt 0.093750 0.078125
vt 0.078125 0.078125
vt 0.078125 0.062500
s 0
usemtl controls
f 1439/1196/407 1441/1197/407 1442/1198/407 1440/1199/407
f 1438/1200/408 1436/1201/408 1440/1202/408 1442/1198/408
f 1437/1203/409 1438/1200/409 1442/1198/409 1441/1197/409
f 1435/1204/410 1437/1205/410 1441/1206/410 1439/1207/410
f 1436/1201/411 1435/1204/411 1439/1207/411 1440/1202/411
o WIDGET_8_ROT_80_INTERIOR_LCG_CL
v -3.370916 1.639694 1.268196
v -3.371219 1.670942 1.268196
v -3.370916 1.639694 1.205697
v -3.371219 1.670942 1.205697
v -3.339667 1.639997 1.268196
v -3.339970 1.671246 1.268196
v -3.339667 1.639997 1.205697
v -3.339970 1.671246 1.205697
vn 1.0000 0.0097 -0.0000
vn -0.0000 -0.0000 -1.0000
vn 0.0097 -1.0000 -0.0000
vn -0.0000 -0.0000 1.0000
vn -1.0000 -0.0097 -0.0000
vn -0.0097 1.0000 -0.0000
vt 0.031250 0.015625
vt 0.046875 0.015625
vt 0.046875 0.031250
vt 0.031250 0.031250
vt 0.046875 0.062500
vt 0.062500 0.062500
vt 0.062500 0.078125
vt 0.046875 0.078125
vt 0.031250 0.062500
vt 0.031250 0.078125
vt 0.015625 0.062500
vt 0.015625 0.078125
vt 0.031250 0.046875
vt 0.046875 0.046875
s 0
usemtl controls.001
f 1447/1208/412 1449/1209/412 1450/1210/412 1448/1211/412
f 1445/1212/413 1446/1213/413 1450/1214/413 1449/1215/413
f 1443/1216/414 1445/1212/414 1449/1215/414 1447/1217/414
f 1444/1218/415 1443/1216/415 1447/1217/415 1448/1219/415
f 1444/1220/416 1446/1221/416 1445/1212/416 1443/1216/416
f 1450/1210/417 1446/1221/417 1444/1220/417 1448/1211/417
o WIDGET_8_TOGGLE_INTERIOR_CG_GL_LCG_CL_LABEL_Stuff^Light
v -3.372233 1.641102 1.252571
v -3.369810 1.672258 1.252571
v -3.372233 1.641102 1.221322
v -3.369810 1.672258 1.221322
v -3.309921 1.636259 1.252571
v -3.307498 1.667415 1.252571
v -3.309921 1.636259 1.221322
v -3.307498 1.667415 1.221322
vn 0.9970 -0.0775 -0.0000
vn 0.0775 0.9970 -0.0000
vn -0.0000 -0.0000 -1.0000
vn -0.0775 -0.9970 -0.0000
vn -0.0000 -0.0000 1.0000
vt 0.062500 0.015625
vt 0.078125 0.015625
vt 0.078125 0.031250
vt 0.062500 0.031250
vt 0.093750 0.031250
vt 0.093750 0.046875
vt 0.078125 0.046875
vt 0.093750 0.015625
vt 0.093750 0.062500
vt 0.093750 0.078125
vt 0.078125 0.078125
vt 0.078125 0.062500
s 0
usemtl controls
f 1455/1222/418 1457/1223/418 1458/1224/418 1456/1225/418
f 1454/1226/419 1452/1227/419 1456/1228/419 1458/1224/419
f 1453/1229/420 1454/1226/420 1458/1224/420 1457/1223/420
f 1451/1230/421 1453/1231/421 1457/1232/421 1455/1233/421
f 1452/1227/422 1451/1230/422 1455/1233/422 1456/1228/422
o FRONT_BUFFER_LCG_FB_FULLBRIGHT
v -3.549371 0.883019 -1.239399
v -3.549371 0.788166 -1.144546
v -3.549371 0.693313 -1.239399
v -3.549371 0.788166 -1.334252
v -3.549371 0.883019 1.239399
v -3.549371 0.788166 1.144546
v -3.549371 0.693313 1.239399
v -3.549371 0.788166 1.334252
vn -1.0000 -0.0000 -0.0000
vt 0.289062 0.800781
vt 0.283203 0.806641
vt 0.277344 0.800781
vt 0.283203 0.794922
s 0
usemtl Material
f 1460/1234/423 1459/1235/423 1462/1236/423 1461/1237/423
f 1464/1234/423 1465/1237/423 1466/1236/423 1463/1235/423
o HEADLIGHT_1_0xFFDDAA_LCG_FHL_FULLBRIGHT
v -3.545416 1.287458 -1.173494
v -3.545416 1.338807 -1.297461
v -3.545416 1.163492 -1.122146
v -3.545416 1.039526 -1.173494
v -3.545416 0.988178 -1.297461
v -3.545416 1.039526 -1.421427
v -3.545416 1.163492 -1.472775
v -3.545416 1.287458 -1.421427
vn -1.0000 -0.0000 -0.0000
vt 0.275391 0.802734
vt 0.267578 0.804688
vt 0.259766 0.802734
vt 0.257812 0.794922
vt 0.259766 0.787109
vt 0.267578 0.785156
vt 0.275391 0.787109
vt 0.277344 0.794922
s 0
usemtl Material
f 1467/1238/424 1468/1239/424 1474/1240/424 1473/1241/424 1472/1242/424 1471/1243/424 1470/1244/424 1469/1245/424
o HEADLIGHT_3_0xFFDDAA_LCG_RHL
v 3.545416 1.287458 -1.173495
v 3.545416 1.338807 -1.297461
v 3.545416 1.163492 -1.122146
v 3.545416 1.039526 -1.173495
v 3.545416 0.988178 -1.297461
v 3.545416 1.039526 -1.421427
v 3.545416 1.163492 -1.472775
v 3.545416 1.287458 -1.421427
vn 1.0000 -0.0000 -0.0000
vt 0.275391 0.802734
vt 0.277344 0.794922
vt 0.275391 0.787109
vt 0.267578 0.785156
vt 0.259766 0.787109
vt 0.257812 0.794922
vt 0.259766 0.802734
vt 0.267578 0.804688
s 0
usemtl Material
f 1475/1246/425 1477/1247/425 1478/1248/425 1479/1249/425 1480/1250/425 1481/1251/425 1482/1252/425 1476/1253/425
o REAR_BUFFER_LCG_RB_FULLBRIGHT
v 3.549371 0.883019 -1.239399
v 3.549371 0.788166 -1.144546
v 3.549371 0.693313 -1.239399
v 3.549371 0.788166 -1.334252
v 3.549371 0.883019 1.239399
v 3.549371 0.788166 1.144546
v 3.549371 0.693313 1.239399
v 3.549371 0.788166 1.334252
vn 1.0000 -0.0000 -0.0000
vt 0.289062 0.800781
vt 0.283203 0.794922
vt 0.277344 0.800781
vt 0.283203 0.806641
s 0
usemtl Material
f 1484/1254/426 1485/1255/426 1486/1256/426 1483/1257/426
f 1488/1254/426 1487/1257/426 1490/1256/426 1489/1255/426
o MARKER_FULLBRIGHT_LCG_ML
v -3.536240 3.227341 -1.199929
v -3.536240 3.132488 -1.105076
v -3.536240 3.037635 -1.199929
v -3.536240 3.132488 -1.294782
v 3.536240 3.227341 -1.199929
v 3.536240 3.132488 -1.105076
v 3.536240 3.037635 -1.199929
v 3.536240 3.132488 -1.294782
v -3.536240 3.227341 1.199929
v -3.536240 3.132488 1.105076
v -3.536240 3.037635 1.199929
v -3.536240 3.132488 1.294782
v 3.536240 3.227341 1.199929
v 3.536240 3.132488 1.105076
v 3.536240 3.037635 1.199929
v 3.536240 3.132488 1.294782
vn -1.0000 -0.0000 -0.0000
vn 1.0000 -0.0000 -0.0000
vt 0.289062 0.789062
vt 0.283203 0.794922
vt 0.277344 0.789062
vt 0.283203 0.783203
s 0
usemtl Material
f 1492/1258/427 1491/1259/427 1494/1260/427 1493/1261/427
f 1496/1258/428 1497/1261/428 1498/1260/428 1495/1259/428
f 1500/1258/427 1501/1261/427 1502/1260/427 1499/1259/427
f 1504/1258/428 1503/1259/428 1506/1260/428 1505/1261/428
o HEADLIGHT_2_0xFFDDAA_LCG_FHL_FULLBRIGHT
v -3.545417 1.287458 1.173494
v -3.545417 1.338807 1.297461
v -3.545417 1.163492 1.122146
v -3.545417 1.039526 1.173494
v -3.545417 0.988178 1.297461
v -3.545417 1.039526 1.421427
v -3.545417 1.163492 1.472775
v -3.545417 1.287458 1.421427
vn -1.0000 -0.0000 -0.0000
vt 0.275391 0.802734
vt 0.277344 0.794922
vt 0.275391 0.787109
vt 0.267578 0.785156
vt 0.259766 0.787109
vt 0.257812 0.794922
vt 0.259766 0.802734
vt 0.267578 0.804688
s 0
usemtl Material
f 1507/1262/429 1509/1263/429 1510/1264/429 1511/1265/429 1512/1266/429 1513/1267/429 1514/1268/429 1508/1269/429
o HEADLIGHT_4_0xFFDDAA_LCG_RHL_FULLBRIGHT
v 3.545416 1.287458 1.173494
v 3.545416 1.338807 1.297461
v 3.545416 1.163492 1.122146
v 3.545416 1.039526 1.173494
v 3.545416 0.988177 1.297461
v 3.545416 1.039526 1.421427
v 3.545416 1.163492 1.472775
v 3.545416 1.287458 1.421427
vn 1.0000 -0.0000 -0.0000
vt 0.275391 0.802734
vt 0.267578 0.804688
vt 0.259766 0.802734
vt 0.257812 0.794922
vt 0.259766 0.787109
vt 0.267578 0.785156
vt 0.275391 0.787109
vt 0.277344 0.794922
s 0
usemtl Material
f 1515/1270/430 1516/1271/430 1522/1272/430 1521/1273/430 1520/1274/430 1519/1275/430 1518/1276/430 1517/1277/430
